Date,Open,High,Low,Close,Volume,Daily_Return,Log_Return,High_Low_Range,Open_Close_Change,SMA_5,SMA_20,SMA_50,EMA_20,EMA_50,Price_SMA20_Ratio,Price_SMA50_Ratio,SMA20_SMA50_Ratio,Momentum_10,RSI_14,MACD,MACD_Signal,MACD_Histogram,Volatility_10,Volatility_20,ATR_14,Volume_Change,Volume_SMA_20,Relative_Volume,Return_Lag_1,Return_Lag_2,Return_Lag_3,Return_Lag_5,Volume_Lag_1,Target
2021-10-26,18154.5,18310.44921875,18099.30078125,18268.400390625,341400,0.007889480889700096,0.00785852166355233,0.01155812402756168,0.006273948091382302,18190.680078125,17987.130078125,17484.6519921875,18013.67062738837,17601.01555942454,1.0156373090803446,1.0448249355370467,1.028738237750572,0.017967908408996314,64.64540503246441,217.77985490962965,233.06633196433918,-15.286477054709536,0.00658398159018787,0.0066158985207717845,225.45368303571428,-0.1846190589921185,397205.0,0.8595057967548243,0.000579633328010587,-0.003476668084567369,-0.004844908296702255,-0.003155307734996393,418700.0,0
2021-10-27,18295.849609375,18342.05078125,18167.900390625,18210.94921875,335200,-0.0031448386638428527,-0.0031497940609639214,0.009562949659191553,-0.004640418042215218,18179.55,18010.24755859375,17518.288984375,18032.459064660903,17624.93452645691,1.0111437479969831,1.0395392629378817,1.028082569859279,0.012172110833426064,70.11709132789744,207.5407636197997,227.9612182954313,-20.420454675631618,0.006754284851923143,0.0064843088193983515,218.50376674107142,-0.018160515524311638,394065.0,0.8506210904292439,0.007889480889700096,0.000579633328010587,-0.003476668084567369,-0.008260625212080042,341400.0,0
2021-10-28,18187.650390625,18190.69921875,17799.44921875,17857.25,374200,-0.0194223384240636,-0.019613430387588483,0.021909868540788757,-0.01816619428726803,18115.380078125,18017.54501953125,17544.17296875,18015.77248707415,17634.044937184088,0.9911033928674806,1.017845072082204,1.026981725022002,-0.016766005478546897,52.07314253619057,168.93822434862886,216.15661950607083,-47.21839515744196,0.008775497386783545,0.007976409785578231,231.33942522321428,0.11634844868735073,384665.0,0.9727945095082734,-0.0031448386638428527,0.007889480889700096,0.000579633328010587,-0.004844908296702255,335200.0,0
2021-10-29,17833.05078125,17915.849609375,17613.099609375,17671.650390625,336500,-0.010393515763905459,-0.010447905544470225,0.01713195956845163,-0.009050632592528664,18026.730078125,18020.22001953125,17565.313984375,17982.998954078994,17635.51966084844,0.9806567495553077,1.0060537720159508,1.0258979734470393,-0.036366035603362046,43.40272774327719,121.96318087436521,197.31793177972972,-75.35475090536451,0.008163303448664325,0.008249716048636958,242.14299665178572,-0.10074826296098338,382560.0,0.8796005855290673,-0.0194223384240636,-0.0031448386638428527,0.007889480889700096,-0.003476668084567369,374200.0,1
2021-11-01,17783.150390625,17954.099609375,17697.099609375,17929.650390625,281200,0.014599655057507821,0.014494106171593095,0.014333798730084517,0.008238135357457951,17987.580078125,18040.1,17592.53,17977.918138511945,17647.05419927105,0.993877550048226,1.019162700909136,1.0254409115687169,-0.029625961258951894,49.571422261801686,104.35067466661349,178.7244803571065,-74.37380569049301,0.009428122154650526,0.008749415426903042,247.82868303571428,-0.16433878157503712,381330.0,0.737419033383159,-0.010393515763905459,-0.0194223384240636,-0.0031448386638428527,0.000579633328010587,336500.0,0
2021-11-02,17970.900390625,18012.25,17847.599609375,17888.94921875,296400,-0.002270048271341696,-0.002272628736845954,0.009204028062890607,-0.0045602151307761974,17911.68984375,18049.9849609375,17621.298984375,17969.444908058427,17656.540278466302,0.9910783447999539,1.01518901839259,1.0243277170963743,-0.028764209365456428,47.28404624372719,86.11570395921444,160.2027250775281,-74.08702111831366,0.009430700720671564,0.008574487802263282,249.32505580357142,0.054054054054053946,381360.0,0.777218376337319,0.014599655057507821,-0.010393515763905459,-0.0194223384240636,0.007889480889700096,281200.0,0
2021-11-03,17947.94921875,17988.75,17757.94921875,17829.19921875,331000,-0.0033400508475575075,-0.003345641269055336,0.012945100810095799,-0.006616354802026258,17835.33984375,18050.3298828125,17647.953984375,17956.088175743338,17663.311217300958,0.9877492175767346,1.0102700423253297,1.0228001443563233,-0.023945364762936627,40.69086177297132,66.08128868749918,141.37843779952232,-75.29714911202313,0.009245244471504386,0.008459830906104825,251.10714285714286,0.11673414304993246,376560.0,0.879009985128532,-0.002270048271341696,0.014599655057507821,-0.010393515763905459,-0.0031448386638428527,296400.0,1
2021-11-04,17935.05078125,17947.55078125,17900.599609375,17916.80078125,48500,0.004913376165984751,0.0049013449265533065,0.002620510907512829,-0.0010175605423475723,17847.25,18063.869921875,17673.7980078125,17952.346519124927,17673.251984514645,0.9918583813290804,1.0137493239048043,1.022070633255516,-0.01437437541547193,37.57331614566548,56.619905198975175,124.4267312794129,-67.80682608043773,0.009472095387277253,0.008186664672047345,246.06082589285714,-0.8534743202416919,359195.0,0.13502415122704936,-0.0033400508475575075,-0.002270048271341696,0.014599655057507821,-0.0194223384240636,331000.0,1
2021-11-08,18040.19921875,18087.80078125,17836.099609375,18068.55078125,338900,0.008469704042186388,0.008434037348294714,0.013930346430229147,0.001571577018425214,17926.630078125,18077.77998046875,17702.476015625,17963.413591708268,17688.75389811211,0.9994894727544688,1.0206792973650627,1.0212006481190816,-0.002558645555621575,38.05697422638027,60.6673123780638,111.67484749914308,-51.007535121079286,0.009926372395010746,0.008200532183113044,249.42522321428572,5.9876288659793815,355145.0,0.9542581199228484,0.004913376165984751,-0.0033400508475575075,-0.002270048271341696,-0.010393515763905459,48500.0,0
2021-11-09,18084.349609375,18112.599609375,17983.05078125,18044.25,270200,-0.001344921435271762,-0.0013458266538282125,0.007179507495462543,-0.002217365304318835,17949.55,18085.23251953125,17730.6230078125,17971.11229725986,17702.69492171556,0.9977339235485642,1.0176884361056748,1.019999833709312,-0.004477164028165337,38.828919526086665,61.2084686451235,101.58157172833917,-40.37310308321567,0.009927034490731674,0.008122756735738918,242.48228236607142,-0.20271466509294778,352450.0,0.7666335650446872,0.008469704042186388,0.004913376165984751,-0.0033400508475575075,0.014599655057507821,338900.0,0
2021-11-10,17973.44921875,18061.25,17915.0,18017.19921875,261400,-0.0014991358050348014,-0.0015002606334366785,0.00811724387483054,0.00243414602659348,17975.2,18088.79501953125,17756.8630078125,17975.50152787797,17715.02842356005,0.9960419806458116,1.0146611600721906,1.0186931673445199,-0.013750583877278677,41.96054975981061,58.777021989455534,93.02066178056245,-34.243639791106915,0.00948830207323404,0.008112661436095127,235.146484375,-0.032568467801628476,346730.0,0.7539007296743864,-0.001344921435271762,0.008469704042186388,0.004913376165984751,-0.002270048271341696,270200.0,0
2021-11-11,17967.44921875,17971.349609375,17798.19921875,17873.599609375,232100,-0.007970140510272006,-0.00800207185820445,0.009687494092358416,-0.005223312905042909,17984.080078125,18082.8775390625,17775.713984375,17965.796583258638,17721.246901435145,0.9884267352231181,1.0055067056707845,1.0172799559532462,-0.018524548354001524,40.52112415731977,44.746979309205926,83.36592528629114,-38.61894597708522,0.009710083252655549,0.00829260033986767,223.50013950892858,-0.11208875286916598,340555.0,0.6815345538899737,-0.0014991358050348014,-0.001344921435271762,0.008469704042186388,-0.0033400508475575075,261400.0,1
2021-11-12,17977.599609375,18123.0,17905.900390625,18102.75,249100,0.012820606684330382,0.012739118453093435,0.01199263147173772,0.006961462783926742,18021.269921875,18079.9275390625,17795.125,17978.839765805435,17736.207807261217,1.00126230931447,1.0172870378825662,1.0160045259059716,0.013747917512494823,49.6571858712747,51.52464678269462,76.99766958557184,-25.473022802877225,0.008449119469788028,0.008529440772504044,221.32156808035714,0.07324429125376986,327675.0,0.7602044708934157,-0.007970140510272006,-0.0014991358050348014,-0.001344921435271762,0.004913376165984751,232100.0,1
2021-11-15,18140.94921875,18210.150390625,18071.30078125,18109.44921875,280400,0.0003700663573213969,0.00036999789965571825,0.0076672464025708265,-0.0017364030746220512,18029.449609375,18068.4724609375,17815.788984375,17991.278761323963,17750.844725358817,1.0022678595493386,1.0164831450705072,1.0141831201965914,0.024774077035683018,49.54898238010508,56.78202026725194,72.95453972190786,-16.172519454655927,0.007395358329233131,0.00821163538436858,211.74651227678572,0.12565234845443607,314760.0,0.8908374634642268,0.012820606684330382,-0.007970140510272006,-0.0014991358050348014,0.008469704042186388,249100.0,0
2021-11-16,18127.05078125,18132.650390625,17958.80078125,17999.19921875,267400,-0.006087981951756416,-0.006106589273008452,0.009658741328553029,-0.007053081278519133,18020.439453125,18044.5798828125,17831.0899609375,17992.033090602636,17760.584117256512,0.9974850805972089,1.0094278733482236,1.0119729036386833,0.0038789840632567074,42.24473880550826,51.45908473216332,68.65544872395895,-17.196363991795636,0.006479224442554938,0.008063701018768443,209.08231026785714,-0.04636233951497859,304635.0,0.8777717596467904,0.0003700663573213969,0.012820606684330382,-0.007970140510272006,-0.001344921435271762,280400.0,0
2021-11-17,17939.349609375,18022.650390625,17879.25,17898.650390625,295700,-0.005586294529162039,-0.005601956226916921,0.00801179907397435,-0.0022687120568033762,17996.7296875,18018.57490234375,17842.5909765625,17983.139500128575,17765.99848091802,0.9933443953049167,1.0031418875283382,1.0098631373667881,0.0005422997044919331,41.22115527152339,38.68127618920698,62.660614217008565,-23.97933802780158,0.006712423469671086,0.00811152811682715,206.88588169642858,0.10583395661929695,301010.0,0.9823593900534866,-0.006087981951756416,0.0003700663573213969,0.012820606684330382,-0.0014991358050348014,267400.0,0
2021-11-18,17890.55078125,17945.599609375,17688.5,17764.80078125,278400,-0.007478195643460861,-0.007506297537132803,0.014472417255945691,-0.007028850119683902,17974.969921875,17993.4849609375,17850.3309765625,17962.345336425853,17765.95151230359,0.9872907232710085,0.995208481264308,1.008019682355636,-0.003611964660323874,47.03470102689781,17.55189864911881,53.63887110343062,-36.086972454311805,0.007066201894301049,0.008078259726424048,197.3037109375,-0.058505241799120755,296365.0,0.939382180756837,-0.005586294529162039,-0.006087981951756416,0.0003700663573213969,-0.007970140510272006,295700.0,0
2021-11-22,17796.25,17805.25,17280.44921875,17416.55078125,356400,-0.019603372100156835,-0.01979806684873854,0.03013230276427527,-0.021335911708927444,17837.730078125,17955.40751953125,17851.42,17910.364902599584,17752.24952285051,0.9699891669016645,0.9756395167023129,1.0058251679435728,-0.02792072123297329,42.59078362031701,-26.983105391111167,37.51447580452226,-64.49758119563343,0.009058084637432556,0.009048121660757464,213.16448102678572,0.2801724137931034,295890.0,1.2045016729189901,-0.007478195643460861,-0.005586294529162039,-0.006087981951756416,0.012820606684330382,278400.0,1
2021-11-23,17281.75,17553.69921875,17216.099609375,17503.349609375,308800,0.004983697932798847,0.004971320417088634,0.01928771446090397,0.012822752867909789,17716.51015625,17924.82998046875,17854.4169921875,17871.6015413401,17742.488741929905,0.9764862276767478,0.9803372250706301,1.0039437293478728,-0.03128093551705968,36.25102991606972,-54.643579755778774,19.082864692462056,-73.72644444824083,0.008635911394727813,0.009178616898126771,217.10379464285714,-0.13355780022446684,295095.0,1.046442671004253,-0.019603372100156835,-0.007478195643460861,-0.005586294529162039,0.0003700663573213969,356400.0,0
2021-11-24,17550.05078125,17600.599609375,17354.0,17415.05078125,298100,-0.0050446817378146935,-0.005057449101021469,0.01416014299771682,-0.007692285434537338,17599.68046875,17889.3125,17855.3330078125,17828.120516569616,17729.64803758952,0.97348910313071,0.9753416961548766,1.0019030444390273,-0.0348697905842581,35.17119654233343,-82.73595388330068,-1.280899022690491,-81.45505486061019,0.008628171409523202,0.009190921780854533,222.95731026785714,-0.034650259067357525,289065.0,1.031255945894522,0.004983697932798847,-0.019603372100156835,-0.007478195643460861,-0.006087981951756416,308800.0,1
2021-11-25,17417.30078125,17564.349609375,17351.69921875,17536.25,255900,0.006959452503032093,0.006935347288237329,0.01212633206215696,0.006829371568185279,17527.200390625,17852.70498046875,17858.9519921875,17800.323324515364,17722.063800821306,0.9822741158376304,0.9819305190848451,0.9996502027822526,-0.02669389470087502,41.172759438126334,-94.13447509280377,-19.851614236713147,-74.28286085609062,0.009241333103592831,0.009140992359003149,221.66085379464286,-0.14156323381415636,284790.0,0.8985568313494153,-0.0050446817378146935,0.004983697932798847,-0.019603372100156835,-0.005586294529162039,298100.0,0
2021-11-26,17338.75,17355.400390625,16985.69921875,17026.44921875,356300,-0.029071254187753914,-0.029502195657113865,0.02171334534436427,-0.018011724100641627,17379.530078125,17793.47998046875,17851.8809765625,17726.621028728187,17694.784797602824,0.9568925942221144,0.953762196885796,0.9967285802448255,-0.047396742074307996,28.613223339013203,-142.6600514667116,-44.41330168271284,-98.24674978399875,0.012527289096268622,0.011015646009007904,239.61439732142858,0.3923407581086362,285845.0,1.246479735520999,0.006959452503032093,-0.0050446817378146935,0.004983697932798847,-0.007478195643460861,255900.0,1
2021-11-29,17055.80078125,17160.69921875,16782.400390625,17053.94921875,348900,0.0016151341742889347,0.0016138312478338214,0.022182476520399074,-0.00010855910688376962,17307.009765625,17753.31494140625,17842.5709765625,17662.557046825503,17669.65399058899,0.960606471244133,0.9558011141528645,0.994997579929849,-0.05793599211445777,24.081561784029304,-176.8591776688736,-70.902476879945,-105.9567007889286,0.01121654163378798,0.010371257598185878,248.65708705357142,-0.020769014875105296,284580.0,1.2260172886358844,-0.029071254187753914,0.006959452503032093,-0.0050446817378146935,-0.019603372100156835,356300.0,0
2021-11-30,17051.150390625,17324.650390625,16931.400390625,16983.19921875,498000,-0.004148599194972014,-0.0041572285072535705,0.02315523682757247,-0.003985137091533757,17202.9796875,17718.8923828125,17829.6449609375,17597.8563012945,17642.734195614914,0.9584797317931605,0.9525259339688503,0.9937882903239158,-0.0621912895525234,23.523322526751656,-207.2817503039696,-98.17833156474993,-109.10341873921968,0.011021970437439924,0.010205252724619014,267.49288504464283,0.4273430782459158,292655.0,1.7016623669508466,0.0016151341742889347,-0.029071254187753914,0.006959452503032093,0.004983697932798847,348900.0,1
2021-12-01,17104.400390625,17213.05078125,17064.25,17166.900390625,295500,0.01081664117042136,0.010758559762450211,0.008667888661558347,0.003654030458399263,17153.349609375,17680.7548828125,17821.2799609375,17556.81288123074,17624.074046399623,0.9709370727894079,0.9632810004810634,0.9921147595215934,-0.04624088094196899,30.320769028399184,-214.10068950891218,-121.36280315358238,-92.7378863553298,0.012292487185360775,0.009917879331044793,273.4644252232143,-0.40662650602409633,293370.0,1.0072604560793537,-0.004148599194972014,0.0016151341742889347,-0.029071254187753914,-0.0050446817378146935,498000.0,1
2021-12-02,17183.19921875,17420.349609375,17149.30078125,17401.650390625,279900,0.013674571102433752,0.013581917861660867,0.015576041469665739,0.012713067519849854,17126.4296875,17656.38994140625,17821.3749609375,17542.03550117305,17615.351550094736,0.9855723875816846,0.976448249855441,0.9907422957042945,-0.027767456716195738,39.51944496491995,-198.2767736209462,-136.74559724705514,-61.53117637389104,0.013572359301604114,0.010524611558009307,280.45717075892856,-0.05279187817258879,292545.0,0.9567758806337486,0.01081664117042136,-0.004148599194972014,0.0016151341742889347,0.006959452503032093,295500.0,0
2021-12-03,17424.900390625,17489.80078125,17180.80078125,17196.69921875,292500,-0.01177768586739425,-0.011847592241934006,0.017968564552381622,-0.013096268372229979,17160.4796875,17624.76494140625,17814.0689453125,17509.146331418473,17598.93381161063,0.9757122591944142,0.9653436994962932,0.9893733428063293,-0.03197905619631869,29.66076874645958,-199.9689355834089,-149.3902649143259,-50.57867066908298,0.013806465031092688,0.010776823836559719,284.7142857142857,0.045016077170418,290620.0,1.0064689284976946,0.013674571102433752,0.01081664117042136,-0.004148599194972014,-0.029071254187753914,279900.0,0
2021-12-06,17209.05078125,17216.75,16891.69921875,16912.25,231700,-0.01654091957599968,-0.016679248094838027,0.019219842495824032,-0.01724678397563782,17132.13984375,17574.53740234375,17801.3809375,17452.29906175957,17572.00503468472,0.962315514361395,0.9500526986854725,0.987256969784946,-0.028955261439762903,26.104739554502146,-221.706961003194,-163.85360413209955,-57.85335687109446,0.013420965130272461,0.011144027225388969,298.01436941964283,-0.20786324786324784,299780.0,0.7729001267596237,-0.01177768586739425,0.013674571102433752,0.01081664117042136,0.0016151341742889347,292500.0,1
2021-12-07,17044.099609375,17251.650390625,16987.75,17176.69921875,254100,0.015636548581649423,0.015515557382479443,0.015363859334331688,0.0077797954960357315,17170.83984375,17529.94482421875,17788.4559375,17426.051457663423,17556.502845824536,0.9798490178371401,0.965609341198617,0.9854674787857062,-0.018662164552209037,34.535385880901316,-215.11593827222168,-174.106070960124,-41.0098673120977,0.014483572512446885,0.011624725201878697,309.8394252232143,0.09667673716012093,295540.0,0.8597820937944103,-0.01654091957599968,-0.01177768586739425,0.013674571102433752,-0.004148599194972014,231700.0,1
2021-12-08,17315.25,17484.599609375,17308.94921875,17469.75,257800,0.017060948527881648,0.016917044993306308,0.010054545178093562,0.00892277039026292,17231.409765625,17501.21982421875,17780.786953125,17430.21322360024,17553.100773439262,0.9982018496690612,0.9825071323364383,0.9842770103683677,0.0031409164082882857,42.48017801264416,-184.12329759100612,-176.10951628630042,-8.013781304705702,0.015574476759523425,0.012413265599211389,321.5894252232143,0.014561196379378138,294920.0,0.8741353587413536,0.015636548581649423,-0.01654091957599968,-0.01177768586739425,0.01081664117042136,254100.0,1
2021-12-09,17524.400390625,17543.25,17379.599609375,17516.849609375,237200,0.002696066593683266,0.002692438725331353,0.009342455651238478,-0.0004308724453727632,17254.449609375,17476.20234375,17774.021953125,17438.46430795974,17551.679159162235,1.002325863756066,0.9855309988685602,0.9832441070366384,-0.0011063021241713988,45.51633285183,-153.98580915738785,-171.68477486051793,17.698965703130085,0.015431173503150554,0.012450701965326716,314.9144810267857,-0.07990690457719163,293710.0,0.8075993326750877,0.017060948527881648,0.015636548581649423,-0.01654091957599968,0.013674571102433752,257800.0,0
2021-12-10,17476.05078125,17534.349609375,17405.25,17511.30078125,204500,-0.00031677089480919296,-0.00031682107730694167,0.007372359768569091,0.0020170460958959685,17317.369921875,17458.08740234375,17769.2759765625,17445.401114939767,17550.095693361753,1.0030480646407525,0.985481952351195,0.9824872676506794,0.028476375565497758,51.95574734608245,-129.06163431871755,-163.16014675215789,34.098512433440334,0.011518552196121648,0.01235470947902316,286.65011160714283,-0.13785834738617198,292330.0,0.6995518763041768,0.002696066593683266,0.017060948527881648,0.015636548581649423,-0.01177768586739425,237200.0,0
2021-12-13,17619.099609375,17639.5,17355.94921875,17368.25,256600,-0.008169055116863166,-0.0082026046847206,0.016325811826177077,-0.014237368250164422,17408.569921875,17421.36240234375,17762.4149609375,17438.053389707406,17542.96448970051,0.9969513060392678,0.9778090444455703,0.9807992010464917,0.018429794601735994,47.274678635790906,-119.47481738735223,-154.42308087919676,34.94826349184453,0.012038186989580969,0.012009476006820292,282.7894810267857,0.2547677261613692,292705.0,0.8766505526041578,-0.00031677089480919296,0.002696066593683266,0.017060948527881648,-0.01654091957599968,204500.0,0
2021-12-14,17283.19921875,17376.19921875,17225.80078125,17324.900390625,271000,-0.002495911181322197,-0.0024990311601760175,0.008681056404883281,0.0024128155526761336,17438.21015625,17382.1349609375,17756.5499609375,17427.27691360432,17534.41295640343,0.9967072761521458,0.9756906847747967,0.9789139781757338,0.02011995310622927,48.147836045549504,-114.06033059768015,-146.35053082289346,32.29020022521331,0.011957762481192501,0.011995911428679017,275.91796875,0.05611847233047551,292235.0,0.9273358769483464,-0.008169055116863166,-0.00031677089480919296,0.002696066593683266,0.015636548581649423,256600.0,0
2021-12-15,17323.650390625,17351.19921875,17192.19921875,17221.400390625,215000,-0.005974060321640162,-0.005991976410169169,0.009232698642008031,-0.0059023356910581845,17388.540234375,17343.24501953125,17750.336953125,17407.66962570153,17522.137953823887,0.9929745195452736,0.9702013227187285,0.9770656785463399,0.003174714057859962,43.48394096204669,-116.77478874710869,-140.4353824077365,23.660593660627825,0.011764951513276552,0.011993981452690362,272.08579799107144,-0.20664206642066418,289615.0,0.7423648636983582,-0.002495911181322197,-0.008169055116863166,-0.00031677089480919296,0.017060948527881648,271000.0,1
2021-12-16,17373.0,17379.349609375,17184.94921875,17248.400390625,219500,0.0015678167505297491,0.0015665890089298405,0.011270632999142471,-0.007172026096529097,17334.850390625,17310.73251953125,17741.4799609375,17392.50112712281,17511.40314742393,0.9963992206086066,0.9722075288308448,0.9757208844834449,-0.008806635954631159,55.74065972702832,-115.41688799527037,-135.43168352524327,20.0147955299729,0.010836628292756511,0.01199435343114291,259.56431361607144,0.020930232558139528,285805.0,0.7680061580448208,-0.005974060321640162,-0.002495911181322197,-0.008169055116863166,0.002696066593683266,215000.0,0
2021-12-17,17276.0,17298.150390625,16966.44921875,16985.19921875,354600,-0.01525945397337003,-0.015377077556357827,0.019528836112138993,-0.016832645360615885,17229.630078125,17271.75244140625,17724.7379296875,17353.710469182544,17490.76769924064,0.9834091402347057,0.958276465701711,0.9744433181422368,-0.012298871853814619,48.415059813481356,-134.0338183478707,-135.15211048976875,1.1182921418980527,0.011281705183246808,0.012314543796638027,256.2359095982143,0.6154897494305238,289615.0,1.2243840961276178,0.0015678167505297491,-0.005974060321640162,-0.002495911181322197,-0.00031677089480919296,219500.0,0
2021-12-20,16824.25,16840.099609375,16410.19921875,16614.19921875,330600,-0.021842546279377872,-0.022084626281366433,0.025875480663541985,-0.012485001188760272,17078.819921875,17231.63486328125,17704.1019140625,17283.280826284208,17456.392464711596,0.9641684814337066,0.9384378433538737,0.973313130873588,-0.01762336656861152,42.52764637947128,-176.6877231158869,-143.45923301499238,-33.22849010089453,0.012196196975041587,0.012495380868957512,258.85379464285717,-0.06768189509306266,288325.0,1.1466227347611202,-0.01525945397337003,0.0015678167505297491,-0.005974060321640162,-0.008169055116863166,354600.0,1
2021-12-21,16773.150390625,16936.400390625,16688.25,16770.849609375,241000,0.00942870544420904,0.009384532645495392,0.014796530671068836,-0.00013717048952747562,16968.009765625,17195.00986328125,17683.7119140625,17234.477853245236,17429.508431168982,0.9753323634427209,0.9483783546619774,0.9723642834063236,-0.023627916179144393,41.89102077051659,-195.59616180888406,-153.88661877377072,-41.70954303511334,0.011355372814539626,0.012669383034193177,265.4501953125,-0.2710223835450696,284935.0,0.845806938424553,-0.021842546279377872,-0.01525945397337003,0.0015678167505297491,-0.002495911181322197,330600.0,1
2021-12-22,16865.55078125,16971.0,16819.5,16955.44921875,207900,0.011007170994593363,0.010947032985081793,0.008935180545524288,0.0053302995357817256,16914.81953125,17172.02978515625,17664.9169140625,17207.903697579022,17410.917873819217,0.9873875966256788,0.9598374734076606,0.9720979650623842,-0.029439504357532287,40.67266401176497,-193.45555477423477,-161.80040597386355,-31.655148800371222,0.01033890717927559,0.012976950907388362,260.38602120535717,-0.13734439834024892,280425.0,0.741374699117411,0.00942870544420904,-0.021842546279377872,-0.01525945397337003,-0.005974060321640162,241000.0,1
2021-12-23,17066.80078125,17118.650390625,17015.55078125,17072.599609375,197000,0.006909306212627531,0.006885546336514033,0.006038893415996552,0.00033977241542367643,16879.659375,17148.847265625,17647.449921875,17195.017593940545,17397.650490899836,0.9955537736695084,0.9674258708739873,0.9717464756405427,-0.025361295547244866,47.306982543852286,-180.22848898755183,-165.48602257660121,-14.742466410950612,0.010674474369710998,0.01297528466203581,249.97181919642858,-0.05242905242905238,277480.0,0.7099610782759118,0.011007170994593363,0.00942870544420904,-0.021842546279377872,0.0015678167505297491,207900.0,0
2021-12-24,17149.5,17155.599609375,16909.599609375,17003.75,182600,-0.004032754879180422,-0.0040409083631890875,0.014467396897743144,-0.00849879005218811,16883.36953125,17147.7123046875,17627.6859375,17176.801632612875,17382.203412825333,0.9916045766263442,0.9646047734392251,0.9727716028913679,-0.028984184989469974,52.190567392865695,-173.30379387419453,-167.04957683611988,-6.254217038074643,0.010652115669329738,0.011193424234367694,244.32533482142858,-0.07309644670050763,268795.0,0.6793281125020927,0.006909306212627531,0.011007170994593363,0.00942870544420904,-0.01525945397337003,197000.0,1
2021-12-27,16937.75,17112.05078125,16833.19921875,17086.25,144800,0.004851870910828504,0.004840138519222991,0.016320231911624846,0.008767398267184248,16977.7796875,17149.32734375,17606.1759375,17168.177667602125,17370.597396636105,0.9963218765094605,0.9704691161018906,0.9740517989044434,-0.01623652354151972,47.62793575603849,-159.3222943537694,-165.5041203396498,6.181825985880408,0.010734497941392798,0.011242060642333745,240.00041852678572,-0.2070098576122672,258590.0,0.5599597818941181,-0.004032754879180422,0.006909306212627531,0.011007170994593363,-0.021842546279377872,182600.0,1
2021-12-28,17177.599609375,17250.25,17161.150390625,17233.25,176000,0.008603409174043453,0.008566610759914585,0.00517021510016973,0.0032397070539837095,17070.259765625,17161.8298828125,17584.069921875,17174.375032592397,17365.211224219005,1.0041615677159828,0.9800489918753921,0.9759873544100718,-0.005290096252131726,43.28315819369498,-134.82599365424903,-159.36849500256966,24.542501348320627,0.0111961811937765,0.011348304831319263,229.72181919642858,0.2154696132596685,242490.0,0.7258031259020991,0.004851870910828504,-0.004032754879180422,0.006909306212627531,0.00942870544420904,144800.0,0
2021-12-29,17220.099609375,17285.94921875,17176.650390625,17213.599609375,161700,-0.0011402602889762914,-0.00114091088034896,0.006349562590352854,-0.00037746587693727725,17121.88984375,17164.16484375,17558.8008984375,17178.110706571693,17359.265670695713,1.0028801148249866,0.980340269756506,0.977524885841002,-0.00045297020410994815,41.25097766087171,-115.66480923975905,-150.62775785000755,34.9629486102485,0.01103721491199986,0.011104204971494948,225.83956473214286,-0.08125000000000004,235800.0,0.6857506361323156,0.008603409174043453,0.004851870910828504,-0.004032754879180422,0.011007170994593363,176000.0,0
2021-12-30,17201.44921875,17264.05078125,17146.349609375,17203.94921875,320800,-0.0005606259494814747,-0.0005607831589689821,0.006841520535687323,0.00014533659159804622,17148.159765625,17154.27978515625,17534.5048828125,17180.571517255343,17353.17482944294,1.0028954543248578,0.9811482749999679,0.9783156068450527,-0.002577118507705811,41.15358064001116,-100.10419951485164,-140.52304618297637,40.41884666812473,0.011023187437868313,0.010643632151283158,225.025390625,0.9839208410636981,237845.0,1.3487775652210474,-0.0011402602889762914,0.008603409174043453,0.004851870910828504,0.006909306212627531,161700.0,1
2021-12-31,17244.5,17400.80078125,17238.5,17354.05078125,167000,0.008724831757606522,0.008686990360265219,0.009352328358135044,0.00635279545652237,17218.219921875,17162.14736328125,17516.25390625,17197.0933519215,17353.2091804942,1.0111817836024024,0.9907398507769903,0.979784116805797,0.02171605747743155,49.59295971476946,-74.79813620314235,-127.37806418700958,52.579927983867236,0.009928167018958793,0.010487910592783005,218.83258928571428,-0.479426433915212,231570.0,0.7211642267996718,-0.0005606259494814747,-0.0011402602889762914,0.008603409174043453,-0.004032754879180422,320800.0,1
2022-01-03,17387.150390625,17646.650390625,17383.30078125,17625.69921875,200500,0.015653315812207858,0.015532066331647875,0.01494122906028329,0.013719834634525474,17326.109765625,17197.81982421875,17505.2058984375,17237.912958286117,17363.89506434737,1.0248798626165796,1.0068832849502933,0.9824403051296765,0.06088165831420089,57.62480431637723,-32.44908718453007,-108.39226878651368,75.94318160198361,0.006123731120241545,0.010187088772540294,228.98981584821428,0.20059880239520966,230010.0,0.8717012303812878,0.008724831757606522,-0.0005606259494814747,-0.0011402602889762914,0.004851870910828504,167000.0,1
2022-01-04,17681.400390625,17827.599609375,17593.55078125,17805.25,247400,0.01018687423526421,0.01013533773365083,0.013144933551901827,0.0070045135927506805,17440.509765625,17229.24736328125,17499.012890625,17291.945057496963,17381.20310103963,1.0334316772273129,1.0175002505163628,0.9845839574477785,0.061678472749929325,64.2502948442069,15.423296587137884,-83.62915571178337,99.05245229892125,0.0061754480642365025,0.00987963069837714,234.35044642857142,0.23391521197007492,229675.0,1.0771742679873735,0.015653315812207858,0.008724831757606522,-0.0005606259494814747,0.008603409174043453,200500.0,1
2022-01-05,17820.099609375,17944.69921875,17748.849609375,17925.25,251500,0.0067395852346920915,0.006716975758933995,0.010925906716782193,0.005900662338031,17582.83984375,17252.02236328125,17495.0098828125,17352.259813925823,17402.53827354788,1.0390231140756943,1.0245921619975864,0.9861110384527436,0.05719699718586968,65.8027770811008,62.32703547847632,-54.43791747373144,116.76495295220775,0.00593811657346252,0.009304562725775822,234.45396205357142,0.016572352465642703,229360.0,1.096529473317056,0.01018687423526421,0.015653315812207858,0.008724831757606522,-0.0011402602889762914,247400.0,0
2022-01-06,17768.5,17797.94921875,17655.55078125,17745.900390625,236500,-0.010005417462796928,-0.01005580805311726,0.00802430050690625,-0.001271891795874722,17691.230078125,17263.47490234375,17484.5598828125,17389.749392659076,17416.00345460973,1.02794486573591,1.014946930867239,0.9873554163244292,0.039437507857928766,68.4842479139437,84.0576081015679,-26.73881235867157,110.79642046023946,0.007679828294254896,0.009634041610017833,220.93233816964286,-0.05964214711729621,229325.0,1.0312874741087976,0.0067395852346920915,0.01018687423526421,0.015653315812207858,-0.0005606259494814747,251500.0,1
2022-01-07,17797.599609375,17905.0,17704.55078125,17812.69921875,239300,0.003764183651131514,0.0037571168401497185,0.011253163615933244,0.0008484070721001153,17782.959765625,17278.54482421875,17476.5948828125,17430.03032847726,17431.560151242684,1.030914315989304,1.0192316831849233,0.9886676975737119,0.04757475373079467,84.17450812660394,105.45374549884582,-0.3003007871680907,105.7540462860139,0.007166270232185255,0.0096555779790588,204.54296875,0.01183932346723049,231065.0,1.0356393222686258,-0.010005417462796928,0.0067395852346920915,0.01018687423526421,0.008724831757606522,236500.0,1
2022-01-10,17913.30078125,18017.44921875,17879.150390625,18003.30078125,232400,0.010700318921871732,0.010643475643964555,0.007681859554834237,0.005024199677046887,17858.480078125,17310.29736328125,17479.5158984375,17484.627514455617,17453.98135241944,1.040034171766382,1.0299656401158868,0.9903190376587387,0.05367185785353712,84.47510039063567,136.22003197250524,27.003765764766577,109.21626620773867,0.0074142687509504345,0.009644890700423361,196.15359933035714,-0.028834099456748863,229855.0,1.011072197689848,0.003764183651131514,-0.010005417462796928,0.0067395852346920915,0.015653315812207858,239300.0,1
2022-01-11,17997.75,18081.25,17964.400390625,18055.75,220200,0.002913311252602302,0.0029090757855369247,0.0064716009789125345,0.0032226250503535163,17908.580078125,17346.83984375,17487.197890625,17539.02013212651,17477.580122912794,1.0408668185465157,1.0325124764373945,0.9919736685229458,0.047727503517908776,83.23567516288816,162.95629059748535,54.19427073131033,108.76201986617502,0.00734676013048335,0.009593825837286813,190.20354352678572,-0.05249569707401036,227315.0,0.9686998218331391,0.010700318921871732,0.003764183651131514,-0.010005417462796928,0.01018687423526421,232400.0,1
2022-01-12,18170.400390625,18227.94921875,18128.80078125,18212.349609375,245000,0.008673115731830494,0.008635720331115329,0.005444022305005736,0.0023086568181317378,17966.0,17396.3873046875,17492.851875,17603.146749007316,17506.394612577977,1.0469041238503374,1.0411309567768805,0.9944854863574097,0.058020984725126956,83.62590352559374,194.5387265575373,82.26316189655573,112.27556466098157,0.007136179119209891,0.009504350904249344,190.84626116071428,0.11262488646684843,228815.0,1.070733999082228,0.002913311252602302,0.010700318921871732,0.003764183651131514,0.0067395852346920915,220200.0,1
2022-01-13,18257.0,18272.25,18163.80078125,18257.80078125,303700,0.0024956237305924223,0.002492514833041471,0.005939884000781344,4.386160102974202e-05,18068.380078125,17446.85732421875,17500.22890625,17665.494752078048,17535.86152115335,1.0464807754176761,1.043289255189653,0.9969502352045128,0.061256374864873564,87.51606811478361,220.6915692791481,109.94884337307421,110.74272590607389,0.006902898406480545,0.009500294489253897,181.02120535714286,0.23959183673469386,233025.0,1.3032936380216715,0.008673115731830494,0.002913311252602302,0.010700318921871732,-0.010005417462796928,245000.0,0
2022-01-14,18185.0,18286.94921875,18119.650390625,18255.75,229500,-0.00011232356375068253,-0.00011232987251458901,0.009164171733563398,0.00389056915039868,18156.990234375,17510.38486328125,17508.759921875,17721.709537594426,17564.092441892433,1.0425670333655406,1.042663791236964,1.0000928073383553,0.0519590054285326,86.7558701699851,238.5030894966003,135.65969259777944,102.84339689882086,0.007073315166549641,0.008522257419925837,173.05315290178572,-0.24432005268356927,226770.0,1.0120386294483397,0.0024956237305924223,0.008673115731830494,0.002913311252602302,0.003764183651131514,303700.0,1
2022-01-17,18235.650390625,18321.55078125,18228.75,18308.099609375,266700,0.0028675682661627455,0.0028634646353713476,0.005068837467023592,0.003972944051792436,18217.95,17595.0798828125,17516.5858984375,17777.556211097337,17593.269193558415,1.040523812981321,1.0451865286721258,1.0044811234809177,0.038716216710374285,85.91806871597129,253.91603754308017,159.3109615868396,94.60507595624057,0.006051028595736724,0.006023318497452634,167.96749441964286,0.16209150326797395,223575.0,1.1928882925192887,-0.00011232356375068253,0.0024956237305924223,0.008673115731830494,0.010700318921871732,229500.0,0
2022-01-18,18337.19921875,18350.94921875,18085.900390625,18113.05078125,227500,-0.010653690567923424,-0.010710847446216868,0.014633030698471255,-0.012223700840355468,18229.41015625,17662.18994140625,17517.4758984375,17809.5080749214,17613.652785232596,1.0255268933999389,1.0339988983724318,1.008261124137277,0.017287080004493083,76.90308861587714,247.5386283553562,176.95649494054294,70.58213341481326,0.00712153305392092,0.006847536083424844,179.09249441964286,-0.14698162729658792,222900.0,1.0206370569762224,0.0028675682661627455,-0.00011232356375068253,0.0024956237305924223,0.002913311252602302,266700.0,0
2022-01-19,18129.19921875,18129.19921875,17884.900390625,17938.400390625,276700,-0.00964224043394124,-0.009689027834056424,0.013618763256765965,-0.010524393594156526,18174.6203125,17711.3375,17515.35890625,17821.78353355984,17626.387985444064,1.012820200090761,1.0241526015332776,1.011188956777818,0.0007336238336983492,69.99431071977371,225.78890477260575,186.7229769069555,39.06592786565025,0.007706617461344441,0.007263867527294013,188.13518415178572,0.2162637362637363,226340.0,1.222497128214191,-0.010653690567923424,0.0028675682661627455,-0.00011232356375068253,0.008673115731830494,227500.0,0
2022-01-20,17921.0,17943.69921875,17648.44921875,17757.0,258100,-0.010112406160797005,-0.010163883876396832,0.016627245593287154,-0.009151275040455332,18074.46015625,17745.55751953125,17510.154921875,17815.613673220807,17631.510025230575,1.000644808169941,1.0140972526643166,1.0134437758378805,0.0006254745676845808,60.785871872353326,191.7047436847206,187.71933026250852,3.9854134222120763,0.007722460155352021,0.007745804852107375,195.16364397321428,-0.067220816769064,229395.0,1.1251335033457572,-0.00964224043394124,-0.010653690567923424,0.0028675682661627455,0.0024956237305924223,276700.0,0
2022-01-21,17613.69921875,17707.599609375,17485.849609375,17617.150390625,277600,-0.007875745304668613,-0.00790692279190989,0.012587166203565174,0.00019593680079004556,17946.740234375,17776.2275390625,17505.0259375,17796.712408211682,17630.946902304866,0.9910511300506288,1.0064052720358903,1.0154927849025075,-0.010978057043660283,49.753799320290376,151.6598652334178,180.5074372566904,-28.84757202327259,0.007979032888992224,0.00794915060898591,190.10295758928572,0.07555211158465713,234145.0,1.1855901257767623,-0.010112406160797005,-0.00964224043394124,-0.010653690567923424,-0.00011232356375068253,258100.0,0
2022-01-24,17575.150390625,17599.400390625,16997.849609375,17149.099609375,323800,-0.02656790518738339,-0.02692721026213864,0.03507768891383351,-0.024241657782755905,17714.940234375,17779.37001953125,17485.9529296875,17735.034998798666,17612.050930033107,0.9645504644166877,0.9807357756441976,1.0167801601104385,-0.047446919998394343,33.79595821423645,81.2199709028173,160.64994398591577,-79.42997308309847,0.010331577087127918,0.010167959546408345,216.35309709821428,0.1664265129682998,243095.0,1.3319895514099427,-0.007875745304668613,-0.010112406160797005,-0.00964224043394124,0.0028675682661627455,277600.0,1
2022-01-25,17001.55078125,17309.150390625,16836.80078125,17277.94921875,326500,0.007513491221694313,0.0074854055398087425,0.02733829133277039,0.016257248591982763,17547.919921875,17781.60498046875,17469.3229296875,17691.50301974641,17598.948902139655,0.971675461114339,0.9890451558021016,1.017876024848711,-0.04307773320133479,34.08407225842144,35.38503710786608,135.59696261030584,-100.21192550243975,0.010804516709858318,0.010123821905085144,236.10309709821428,0.008338480543545357,250620.0,1.302769132551273,-0.02656790518738339,-0.007875745304668613,-0.010112406160797005,-0.010653690567923424,323800.0,0
2022-01-27,17062.0,17182.5,16866.75,17110.150390625,395600,-0.00971173291462768,-0.009759199363728934,0.01845395819390377,0.002822083614171844,17382.269921875,17776.43251953125,17451.541953125,17636.13610268723,17579.780333060648,0.9625187940170676,0.9804377422111478,1.018616725517946,-0.060519331244477725,34.27878420228005,-14.31443334666983,105.61468341891072,-119.92911676558055,0.00986278134224669,0.0103613722863555,248.4853515625,0.21163859111791727,262315.0,1.5081104778605874,0.007513491221694313,-0.02656790518738339,-0.007875745304668613,-0.00964224043394124,326500.0,0
2022-01-28,17208.30078125,17373.5,17077.099609375,17101.94921875,355300,-0.0004793161771092791,-0.0004794310858279706,0.017331380583216597,-0.006180247768325833,17251.259765625,17771.33251953125,17435.6079296875,17585.261161359875,17561.041857989643,0.962333533512719,0.9808633738334193,1.0192551123653173,-0.06330727212704668,31.899573831418692,-53.74386199085711,73.74297433695715,-127.48683632781426,0.009611899629220908,0.010361281065232663,255.33900669642858,-0.10187057633973706,264040.0,1.3456294500833208,-0.00971173291462768,0.007513491221694313,-0.02656790518738339,-0.010112406160797005,395600.0,1
2022-01-31,17301.05078125,17410.0,17264.150390625,17339.849609375,321700,0.0139107178709299,0.01381485185545943,0.008411238428281675,0.002242570616985195,17195.799609375,17770.6224609375,17427.10890625,17561.88863259941,17552.367652161618,0.9757592705314965,0.9949928988597928,1.0197114482118317,-0.05017051562521402,33.50157802250321,-65.04558988740973,45.98526149208377,-111.0308513794935,0.011475122332437873,0.010654595337926958,262.71763392857144,-0.09456797072896139,271775.0,1.1836997516327845,-0.0004793161771092791,-0.00971173291462768,0.007513491221694313,-0.007875745304668613,355300.0,1
2022-02-01,17529.44921875,17622.400390625,17244.55078125,17576.849609375,386400,0.013667938611870323,0.013575374822651254,0.021497004171524888,0.002704043352046634,17281.349609375,17768.17998046875,17430.3148828125,17563.313487530417,17553.327728915083,0.9892318531608715,1.008406889235661,1.0193837632841278,-0.03994133829300062,39.092106984073034,-54.25297681619122,25.937613830428777,-80.19059064662,0.012736636422617983,0.010512102633729849,281.36049107142856,0.2011190550202051,281070.0,1.3747465044295015,0.0139107178709299,-0.0004793161771092791,-0.00971173291462768,-0.02656790518738339,321700.0,1
2022-02-02,17706.19921875,17794.599609375,17674.80078125,17780.0,271200,0.011557838585399605,0.01149155699474709,0.006737841851799775,0.0041680758438461816,17381.759765625,17766.91748046875,17435.847890625,17583.950298241805,17562.216837585078,1.0007363415485906,1.019738191772139,1.0189878686669298,-0.018387337686634364,40.35688117116827,-28.973229125735088,14.955445239196006,-43.9286743649311,0.013370922323809023,0.010585981237349901,284.61411830357144,-0.2981366459627329,282260.0,0.9608162686884433,0.013667938611870323,0.0139107178709299,-0.0004793161771092791,0.007513491221694313,386400.0,0
2022-02-03,17767.75,17781.150390625,17511.150390625,17560.19921875,226600,-0.012362248664229525,-0.01243929691182117,0.015375679776554357,-0.011681320440123258,17471.76953125,17748.66494140625,17438.750859375,17581.688290671158,17562.13771527782,0.9893814141357431,1.006964280891123,1.0177715757585148,-0.021083327589936918,35.563488445035105,-26.3709452044277,6.690167150471266,-33.06111235489897,0.013576648078223511,0.010803870315660458,296.15345982142856,-0.1644542772861357,281015.0,0.806362649680622,0.011557838585399605,0.013667938611870323,0.0139107178709299,-0.00971173291462768,271200.0,0
2022-02-04,17590.19921875,17617.80078125,17462.55078125,17516.30078125,261400,-0.0024998826581151823,-0.002503012582150695,0.008863172763405872,-0.004201114301265509,17554.63984375,17737.1849609375,17438.351875,17575.460908821526,17560.3401884532,0.987546829997322,1.0044699698004,1.017136544100014,-0.013555173663907238,34.95800456109403,-27.533464836400526,-0.15455924690309253,-27.378905589497435,0.013286035797928772,0.010601842941888411,295.29282924107144,0.15357458075904673,282260.0,0.9260965067668108,-0.012362248664229525,0.011557838585399605,0.013667938611870323,-0.0004793161771092791,226600.0,0
2022-02-07,17456.30078125,17536.75,17119.400390625,17213.599609375,265000,-0.017281112927623465,-0.017432174227495423,0.024245341988069706,-0.013903356439394533,17529.38984375,17707.22998046875,17442.0948828125,17540.997927921857,17546.74251868543,0.9721226656208662,0.9868997803891859,1.0152008746333283,-0.02290670013606455,29.793603288501075,-52.2776011667338,-10.579167630869234,-41.69843353586457,0.014122311145689674,0.011181055156484846,318.47488839285717,0.01377199693955622,283545.0,0.9345959195189476,-0.0024998826581151823,-0.012362248664229525,0.011557838585399605,0.0139107178709299,261400.0,1
2022-02-08,17279.849609375,17306.44921875,17043.650390625,17266.75,268500,0.0030876976246183574,0.003082940476216172,0.015219935895579654,-0.0007580858439817061,17467.369921875,17670.40244140625,17446.3508984375,17514.879077643585,17535.76241991345,0.9771565790453991,0.9897055321492138,1.0128423155233464,0.006860441265422734,33.5119231536121,-66.8283594250679,-21.829005989708968,-44.999353435358934,0.011197280720559403,0.010864720146286222,318.31417410714283,0.013207547169811429,285350.0,0.9409497108813738,-0.017281112927623465,-0.0024998826581151823,-0.012362248664229525,0.013667938611870323,265000.0,1
2022-02-09,17370.099609375,17477.150390625,17339.0,17463.80078125,236400,0.01141215233034587,0.0113475249468573,0.007910671471546164,0.0053943946196156264,17404.130078125,17640.80498046875,17455.9629296875,17510.014477987053,17532.940394867826,0.9899662062238813,1.0004490071154524,1.010589049227808,0.010756575340452601,40.833608079265645,-61.74779876507091,-29.81276454478136,-31.935034220289552,0.011519906517002347,0.01122683208840506,315.89285714285717,-0.11955307262569836,286160.0,0.8261112664243779,0.0030876976246183574,-0.017281112927623465,-0.0024998826581151823,0.011557838585399605,268500.0,1
2022-02-10,17554.099609375,17639.44921875,17427.150390625,17605.849609375,273600,0.008133901085124018,0.00810099920504003,0.012058425627579613,0.002948029300936758,17413.26015625,17610.47998046875,17464.7419140625,17519.141633357332,17535.799579750463,0.9997370672974907,1.0080795751810614,1.0083447019786136,0.028971061471300796,47.03562883862106,-45.73209345436044,-32.99663032669718,-12.735463127663259,0.011028458274427756,0.011201614554214926,309.9677734375,0.15736040609137047,287590.0,0.9513543586355576,0.01141215233034587,0.0030876976246183574,-0.017281112927623465,-0.012362248664229525,236400.0,0
2022-02-11,17451.0,17454.75,17303.0,17374.75,253100,-0.01312629691281364,-0.013213208134273142,0.008733938617821839,-0.004369377113059424,17384.95,17566.32744140625,17464.20390625,17505.390049228063,17529.483909956325,0.9890940526956888,0.994877870945037,1.0058475917771266,0.015951443765890083,45.410302513463,-51.09830920432432,-36.61696610222261,-14.481343102101711,0.012135896119047878,0.01144068619018024,304.9677734375,-0.07492690058479534,285060.0,0.8878832526485653,0.008133901085124018,0.01141215233034587,0.0030876976246183574,-0.0024998826581151823,273600.0,0
2022-02-14,17076.150390625,17099.5,16809.650390625,16842.80078125,305500,-0.03061622289529342,-0.031094690696753635,0.01720910988258383,-0.013665235081503592,17310.790234375,17495.67998046875,17457.1259375,17442.286309420626,17502.55515981098,0.9626834052778978,0.9648094904940592,1.0022084988735707,-0.02866511759457613,44.33744597419761,-97.15498789213962,-48.72457046020601,-48.430417431933606,0.015062855078866406,0.013083085246604736,282.70340401785717,0.2070327933623073,288860.0,1.0576057605760576,-0.01312629691281364,0.008133901085124018,0.01141215233034587,-0.017281112927623465,253100.0,1
2022-02-15,16933.25,17375.0,16839.25,17352.44921875,298700,0.03025912638397754,0.02981034961442144,0.030874604111856507,0.02475598120561617,17327.930078125,17447.8974609375,17465.929921875,17433.730396023424,17496.668652318396,0.9945295275604874,0.9935027391251083,0.9989675636500228,-0.012766815192257863,51.207299502951145,-91.47638515020299,-57.274933398205405,-34.20145175199758,0.017683798882687996,0.015067220437248716,287.2320033482143,-0.022258592471358418,290460.0,1.0283687943262412,-0.03061622289529342,-0.01312629691281364,0.008133901085124018,0.0030876976246183574,305500.0,0
2022-02-16,17408.44921875,17490.599609375,17257.69921875,17322.19921875,244500,-0.0017432697608654735,-0.001744791023833279,0.013445197557415373,-0.004954490714032316,17299.609765625,17408.3548828125,17468.839921875,17423.10837914024,17489.826713747087,0.9950509014411487,0.9916055843558695,0.9965375468930391,-0.025748075435882978,53.59666971223064,-88.3979769033831,-63.49954209924094,-24.898434804142155,0.017107192158348945,0.014948633060366548,281.31417410714283,-0.18145296283896883,291310.0,0.8393120730493289,0.03025912638397754,-0.03061622289529342,-0.01312629691281364,0.01141215233034587,298700.0,0
2022-02-17,17396.55078125,17442.900390625,17235.849609375,17304.599609375,232100,-0.001016014719190439,-0.001016531212017758,0.011965072057363723,-0.005285597876913909,17239.359765625,17376.66484375,17465.5369140625,17411.82182963879,17482.562905732495,0.9958527579933775,0.9907854361718522,0.9949115752496023,-0.01455562127689769,53.426334000611575,-86.38269168119223,-68.0761720156312,-18.306519665561026,0.01675558570838195,0.01484637790725496,274.9320591517857,-0.05071574642126786,289080.0,0.8028919330289194,-0.0017432697608654735,0.03025912638397754,-0.03061622289529342,0.008133901085124018,244500.0,0
2022-02-18,17236.05078125,17380.80078125,17219.19921875,17276.30078125,189600,-0.0016353356196504576,-0.0016366742405402451,0.009353944721510432,0.0023352217112162033,17219.669921875,17352.6298828125,17460.7259375,17398.915063125572,17474.474194968476,0.995601294900083,0.9894377154243104,0.9938091889721867,-0.013701523112511493,48.84357706702114,-86.07680274863742,-71.67629816223246,-14.400504586404963,0.01675186888963585,0.014715362233107493,264.47140066964283,-0.18311072813442486,285655.0,0.6637377255780574,-0.001016014719190439,-0.0017432697608654735,0.03025912638397754,-0.01312629691281364,232100.0,0
2022-02-21,17192.25,17351.05078125,17070.69921875,17206.650390625,215200,-0.004031556958107085,-0.004039705592356217,0.016293209668091405,0.0008376094243045558,17292.43984375,17332.1048828125,17454.6329296875,17380.604141935044,17463.9713006805,0.9927617278434596,0.9857927382339434,0.9929801991615302,-0.0004037051463783303,42.82642198390447,-90.41237046958486,-75.42351262370295,-14.98885784588191,0.015836251963551845,0.01465023997798543,257.5072544642857,0.1350210970464134,282535.0,0.7616755446227901,-0.0016353356196504576,-0.001016014719190439,-0.0017432697608654735,-0.03061622289529342,189600.0,0
2022-02-22,16847.94921875,17148.55078125,16843.80078125,17092.19921875,300100,-0.006651566067580439,-0.00667378632095619,0.017829771119546266,0.014497313401691369,17240.38984375,17329.25986328125,17449.1119140625,17353.137006393612,17449.392003349894,0.9863202094952966,0.9795455094178828,0.9931313380662852,-0.01010906981626536,36.1975953556406,-101.90885039517889,-80.72058017799814,-21.188270217180744,0.015922763192488205,0.01342555918374739,263.72154017857144,0.39451672862453524,281350.0,1.066642971387951,-0.004031556958107085,-0.0016353356196504576,-0.001016014719190439,0.03025912638397754,215200.0,0
2022-02-23,17194.5,17220.69921875,17027.849609375,17063.25,200200,-0.0016937094155936583,-0.0016951453630000418,0.011302044415630081,-0.007633254819855186,17188.6,17318.52490234375,17443.87890625,17325.52872007041,17434.24917968911,0.9852600089336013,0.9781798011614479,0.9928138687169322,-0.022936059925743768,39.200259426714496,-112.06404897910033,-86.98927393821859,-25.074775040881747,0.015320289793547751,0.013306595298442149,258.21079799107144,-0.3328890369876708,275035.0,0.7279073572454415,-0.006651566067580439,-0.004031556958107085,-0.0016353356196504576,-0.0017432697608654735,300100.0,0
2022-02-24,16548.900390625,16705.25,16203.25,16247.9501953125,458000,-0.04778103847083648,-0.04896026903082192,0.030896204996050884,-0.018185510106942766,16977.2701171875,17275.414892578126,17424.40990234375,17222.90219390299,17387.72765089003,0.9405244560750291,0.9324820918685457,0.9914490642380044,-0.07712774130135858,29.357263899851205,-183.7814790244338,-106.34771495546164,-77.43376406897215,0.020692145095466814,0.01707607846563187,282.97865513392856,1.2877122877122877,278155.0,1.6465639661339901,-0.0016937094155936583,-0.006651566067580439,-0.004031556958107085,-0.001016014719190439,200200.0,1
2022-02-25,16515.650390625,16748.80078125,16478.30078125,16658.400390625,329800,0.025261660109649586,0.024947858168202962,0.016238053694052866,0.008643316891778666,16853.6900390625,17253.237451171874,17412.60990234375,17169.140117400326,17359.12658186003,0.9655231626974177,0.9566860157122551,0.9908472967541515,-0.041229347724427656,41.27016836117036,-205.1335071657959,-126.10487339752851,-79.02863376826738,0.023017527844414076,0.018153681924664582,288.94301060267856,-0.27991266375545854,276880.0,1.1911297312915343,-0.04778103847083648,-0.0016937094155936583,-0.006651566067580439,-0.0016353356196504576,458000.0,1
2022-02-28,16481.599609375,16815.900390625,16356.2998046875,16793.900390625,404200,0.008134034290366632,0.008101131335537446,0.027367113966810633,0.018948450918098887,16771.1400390625,17225.939990234376,17408.78392578125,17133.40300056458,17336.96084887042,0.9749192438929716,0.9646796963086177,0.9894970299863339,-0.0029033407958750646,42.75269866548523,-208.71548354816696,-142.6269954276562,-66.08848812051076,0.021195995292816728,0.01794684935083896,303.00027901785717,0.22559126743480906,281005.0,1.4384085692425401,0.025261660109649586,-0.04778103847083648,-0.0016937094155936583,-0.004031556958107085,329800.0,0
2022-03-02,16593.099609375,16678.5,16478.650390625,16605.94921875,517700,-0.011191633122935585,-0.011254730666993663,0.01203481997580404,0.000774394759116618,16673.8900390625,17177.394970703124,17408.61892578125,17083.16930705843,17308.293726120603,0.9667326883425715,0.9538923960336372,0.9867178461390929,-0.04301986368548927,36.81504865181606,-224.1366071477678,-158.92891777167853,-65.20768937608926,0.018526047780865806,0.017698966263494122,302.2466517857143,0.28080158337456695,287570.0,1.8002573286504155,0.008134034290366632,0.025261660109649586,-0.04778103847083648,-0.006651566067580439,404200.0,0
2022-03-03,16723.19921875,16768.94921875,16442.94921875,16498.05078125,442100,-0.00649757722841704,-0.006518778370608893,0.0197599100840748,-0.013463239572459573,16560.8501953125,17113.297509765624,17403.16294921875,17027.443733171913,17276.51949298842,0.9640486161030897,0.9479915133467517,0.9833440943868116,-0.0475775868348125,32.79279011434805,-242.2717034762536,-175.59747491259355,-66.67422856366005,0.018511606354628857,0.01738677204792621,310.3681640625,-0.14603051960594937,296115.0,1.4930010300052345,-0.011191633122935585,0.008134034290366632,0.025261660109649586,-0.0016937094155936583,517700.0,0
2022-03-04,16339.4501953125,16456.0,16133.7998046875,16245.349609375,456100,-0.015317032007332254,-0.015435549523985674,0.019833380201713977,-0.005759103569133299,16560.330078125,17047.555029296876,17388.96095703125,16952.958578524587,17236.081458336914,0.9529430807794281,0.9342334858027369,0.9803665136417294,-0.06121204904539579,32.57419602142255,-273.87767922818966,-195.25351577571277,-78.62416345247689,0.01873787744145602,0.01747832741140706,322.54317801339283,0.0316670436552815,307590.0,1.4828180369973016,-0.00649757722841704,-0.011191633122935585,0.008134034290366632,-0.04778103847083648,442100.0,0
2022-03-07,15867.9501953125,15944.599609375,15711.4501953125,15863.150390625,585400,-0.02352668473994779,-0.023807855961420165,0.014697547985190225,-0.0003024842294323494,16401.280078125,16964.897509765626,17364.77197265625,16849.16732253415,17182.241024308998,0.9350572487392618,0.9135248315154495,0.9769720867328235,-0.08179704721040137,34.15239928367143,-326.00790925630645,-221.40439447183152,-104.60351478447492,0.019421809656314497,0.01802978371525548,318.4931640625,0.28349046261784694,323790.0,1.8079619506470244,-0.015317032007332254,-0.00649757722841704,-0.011191633122935585,0.025261660109649586,456100.0,1
2022-03-08,15747.75,16028.75,15671.4501953125,16013.4501953125,543600,0.009474776509483585,0.009430172336242727,0.02231248109118232,0.016872263994062643,16245.1900390625,16904.8900390625,17344.9659765625,16769.57521517971,17136.406089838547,0.9472673385221596,0.9232333010598452,0.9746280310901355,-0.06934529197865336,25.48966681027008,-351.1457642120258,-247.3526684198704,-103.79309579215541,0.02021886006504324,0.018052047292081777,305.74672154017856,-0.07140416809019479,337720.0,1.609617434561175,-0.02352668473994779,-0.015317032007332254,-0.00649757722841704,0.008134034290366632,585400.0,1
2022-03-09,16078.0,16418.05078125,15990.0,16345.349609375,462200,0.020726290088294297,0.020514423015661167,0.026187924484924338,0.01662828768348053,16193.0701171875,16858.82001953125,17330.14796875,16729.172776531643,17105.38426707527,0.9695429211794547,0.9431742671123868,0.9728030049097874,-0.0436953489610461,33.89710181510034,-340.3626971528356,-265.95467416646346,-74.40802298637215,0.022041349350597133,0.018797780709047397,319.68603515625,-0.14974245768947758,347405.0,1.3304356586692765,0.009474776509483585,-0.02352668473994779,-0.015317032007332254,-0.011191633122935585,543600.0,1
2022-03-10,16757.099609375,16757.30078125,16447.900390625,16594.900390625,486400,0.01526738719047449,0.015152013456311012,0.01864430537948817,-0.0096794327497615,16212.4400390625,16815.375,17317.3809765625,16716.38493025482,17085.3652915282,0.9868885107007723,0.9582800316678768,0.9710114377432754,-0.02744785485619683,39.13204337300678,-308.1284632357747,-274.3894319803257,-33.73903125544899,0.022903806156558997,0.018966357538590762,334.32177734375,0.05235828645607965,359905.0,1.3514677484336144,0.020726290088294297,0.009474776509483585,-0.02352668473994779,-0.00649757722841704,462200.0,1
2022-03-11,16528.80078125,16694.400390625,16470.900390625,16630.44921875,343700,0.0021421537513466316,0.0021398626113986923,0.013439204020298797,0.006149776916381515,16289.4599609375,16766.60498046875,17305.71796875,16708.20057677817,17067.5254455369,0.9918793481520346,0.9609800210994208,0.9688476959317863,0.023541370993853228,40.13168457536305,-276.52648213139764,-274.8168420105401,-1.7096401208575571,0.016165970036844345,0.01883653391801444,338.7430943080357,-0.2933799342105263,363410.0,0.9457637379268594,0.01526738719047449,0.020726290088294297,0.009474776509483585,-0.015317032007332254,486400.0,1
2022-03-14,16633.69921875,16887.94921875,16606.5,16871.30078125,314700,0.014482565042708062,0.014378694372337426,0.016682129161184178,0.014284348861627152,16491.0900390625,16741.43251953125,17299.065,16723.73392958501,17059.830360662905,1.0077572968482382,0.9752724081474924,0.9677651664717862,0.012780362197610362,45.13075847173555,-229.40256622761444,-265.73398685395495,36.3314206263405,0.01481145803861421,0.019046812229983782,338.82149832589283,-0.08437590922315974,366490.0,0.8586864580206827,0.0021421537513466316,0.01526738719047449,0.020726290088294297,-0.02352668473994779,343700.0,0
2022-03-15,16900.650390625,16927.75,16555.0,16663.0,381600,-0.012346456503312231,-0.012423307208470636,0.022369921382704196,-0.014061612135165378,16621.0,16732.44248046875,17285.243984375,16717.94974581501,17044.268385734948,0.9958498300203447,0.9640014346955428,0.9680188775810192,-0.007794519889975815,43.93340912315884,-206.48443157390648,-253.88407579794526,47.39964422403878,0.015177205561685442,0.01794401989895271,343.6786411830357,0.21258341277407045,370295.0,1.030529712796554,0.014482565042708062,0.0021421537513466316,0.01526738719047449,0.009474776509483585,314700.0,1
2022-03-16,16876.650390625,16987.900390625,16837.849609375,16975.349609375,260000,0.018745100484606647,0.018571576221107083,0.008839333781210093,0.005848270626310274,16747.0,16713.5875,17272.2369921875,16742.46401853501,17041.565688622795,1.0156616351441603,0.9828112952047389,0.9676562165954425,0.02224506324564124,48.8497124600639,-161.2587511791353,-235.3590108741833,74.10025969504801,0.01580815627952225,0.01709976608398588,353.11083984375,-0.31865828092243187,368360.0,0.7058312520360517,-0.012346456503312231,0.014482565042708062,0.0021421537513466316,0.020726290088294297,381600.0,1
2022-03-17,17202.900390625,17344.599609375,17175.75,17287.05078125,448300,0.018361988356508263,0.01819544269851146,0.009767404024643626,0.004891639706921695,16885.430078125,16711.830078125,17261.8730078125,16794.32942450787,17051.192555000333,1.0344199707893116,1.0014585771443287,0.9681353854568066,0.04782383146115032,65.66230424677235,-99.12276848460533,-208.11176239626772,108.98899391166239,0.01622012426283578,0.017633100850994465,343.62869698660717,0.7242307692307692,378550.0,1.184255712587505,0.018745100484606647,-0.012346456503312231,0.014482565042708062,0.01526738719047449,260000.0,0
2022-03-21,17329.5,17353.349609375,17096.400390625,17117.599609375,285500,-0.009802202470463706,-0.009850560325581039,0.015010820711641927,-0.012227726744857035,16982.86015625,16702.480078125,17245.72,16825.11706116188,17053.796753211103,1.0248537659861467,0.9925708876970634,0.9685000149674818,0.053692288622501305,57.46373370175288,-62.828598962005344,-179.05512970941527,116.22653074740992,0.015532435373826729,0.017767359982625307,326.20717075892856,-0.3631496765558777,381220.0,0.7489113897487015,0.018361988356508263,0.018745100484606647,-0.012346456503312231,0.0021421537513466316,448300.0,1
2022-03-22,17120.400390625,17334.400390625,17006.30078125,17315.5,338300,0.011561223252155806,0.011494902983443505,0.018948318522422108,0.011395738704909907,17071.7,16704.4400390625,17237.1119921875,16871.82019819408,17064.059625634196,1.0365806910922224,1.0045476300118041,0.969097378182237,0.09155492910369989,58.30942179823455,-17.89007488205243,-146.8221187439427,128.93204386189026,0.011750787836389952,0.017966346341424383,316.81424386160717,0.18493870402802104,388655.0,0.8704377918719687,-0.009802202470463706,0.018361988356508263,0.018745100484606647,0.014482565042708062,285500.0,0
2022-03-23,17405.05078125,17442.400390625,17199.599609375,17245.650390625,292100,-0.0040339354552280104,-0.004042093720190609,0.01407895763571725,-0.00915828357115268,17188.230078125,16706.3900390625,17225.771015625,16907.423073663693,17071.180832104423,1.032278687993134,1.0011540484882777,0.9698486078741332,0.07694782700065428,60.58931895761841,11.949997365856689,-115.06769552198281,127.0176928878395,0.012418767549096541,0.017966375403525348,319.88218470982144,-0.13656517883535324,392500.0,0.7442038216560509,0.011561223252155806,-0.009802202470463706,0.018361988356508263,-0.012346456503312231,338300.0,0
2022-03-24,17094.94921875,17291.75,17091.150390625,17222.75,290300,-0.0013278937068936791,-0.0013287761390126268,0.011647362318735394,0.007475938045479899,17237.71015625,16712.917578125,17210.16,16937.454209505246,17077.124721041506,1.0305052914604391,1.000731544622479,0.9711076235273235,0.05367890021280175,62.34369365353319,33.36597725534375,-85.3809609665175,118.74693822186126,0.011761968302701174,0.017899735241297263,310.92501395089283,-0.006162273194111556,392010.0,0.7405423331037474,-0.0040339354552280104,0.011561223252155806,-0.009802202470463706,0.018745100484606647,292100.0,0
2022-03-25,17289.0,17294.900390625,17076.55078125,17153.0,237100,-0.004049875890900112,-0.004058098847076208,0.012729528908937212,-0.007866273352999017,17210.9,16717.405078125,17192.105,16957.982380028556,17080.100222177134,1.0260563717777578,0.9977254094248494,0.9723884933302235,0.03363078995582813,66.48742963740335,44.20053725702019,-59.46466132180997,103.66519857883016,0.011527588295143663,0.0179219409154104,303.50711495535717,-0.1832586978987255,393855.0,0.6019981973061151,-0.0013278937068936791,-0.0040339354552280104,0.011561223252155806,0.018361988356508263,290300.0,1
2022-03-28,17181.849609375,17235.099609375,17003.900390625,17222.0,253200,0.004022619949862971,0.004014550846285441,0.013424643987341773,0.002336790947296651,17231.780078125,16766.107568359374,17172.2980078125,16983.126915263932,17085.66491934666,1.0271913101942025,1.0028943122326952,0.9763461803849239,0.03557034289747607,77.85265851527964,57.68971632093235,-36.033785793261515,93.72350211419386,0.01152172698534537,0.013675996183484166,303.36781529017856,0.06790383804301992,383615.0,0.660036755601319,-0.004049875890900112,-0.0013278937068936791,-0.0040339354552280104,-0.009802202470463706,237100.0,1
2022-03-29,17297.19921875,17343.650390625,17235.69921875,17325.30078125,235100,0.005998187274997013,0.00598026976240216,0.0062308396972725714,0.0016246307939575659,17233.740234375,16799.452587890624,17153.6480078125,17015.714902500702,17095.062404127184,1.0313015076299819,1.010006779511817,0.9793515979947497,0.02690960263743003,77.41756270279957,75.8412469542418,-13.658779243760854,89.50002619800264,0.010931219606035483,0.012689479797406414,286.5357142857143,-0.07148499210110582,378880.0,0.6205130912162162,0.004022619949862971,-0.004049875890900112,-0.0013278937068936791,0.011561223252155806,253200.0,1
2022-03-30,17468.150390625,17522.5,17387.19921875,17498.25,505000,0.009982465582194733,0.009932969892759297,0.007732246438929607,0.0017231137070559109,17284.26015625,16834.670068359374,17138.4980078125,17061.670626072064,17110.873682396705,1.0394174598579047,1.0209908704965573,0.9822721956547984,0.05012602772609975,75.81038265750068,102.99476279852388,9.671929164696094,93.32283363382778,0.009724195354574264,0.012742618636500919,270.0463169642857,1.148022118247554,383920.0,1.3153782037924568,0.005998187274997013,0.004022619949862971,-0.004049875890900112,-0.0040339354552280104,235100.0,0
2022-03-31,17519.19921875,17559.80078125,17435.19921875,17464.75,281100,-0.001914477162001882,-0.001916312115762529,0.007134460126826894,-0.003107974175653273,17332.66015625,16877.610107421875,17121.631015625,17100.059137874723,17124.751185047815,1.0347880943356982,1.020040087539667,0.9857478000793012,0.028830062525175837,71.55917648140887,120.42279073579994,31.822101478916863,88.60068925688307,0.00861682143431907,0.012395644905108166,249.52134486607142,-0.4433663366336633,372090.0,0.7554623881319036,0.009982465582194733,0.005998187274997013,0.004022619949862971,-0.0013278937068936791,505000.0,1
2022-04-01,17436.900390625,17703.69921875,17422.69921875,17670.44921875,291800,0.011777965258592316,0.01170914487476482,0.015902255597544896,0.01339394174956509,17436.15,16936.230029296876,17112.778984375,17154.382002719987,17146.151107938098,1.0433519849566903,1.0325879411452803,0.9896832095336868,0.02217836011194252,73.77138612252477,149.11394357000972,55.28046989713543,93.83347367287429,0.007505111824789376,0.012366068451554428,253.62848772321428,0.038064745642120146,364575.0,0.8003840087773435,-0.001914477162001882,0.009982465582194733,0.005998187274997013,-0.004049875890900112,281100.0,1
2022-04-04,17809.099609375,18114.650390625,17791.400390625,18053.400390625,345500,0.021671841339984343,0.0214403456403388,0.01790521414280832,0.013717750285443746,17602.430078125,17026.632568359375,17115.078984375,17240.002801568084,17181.72951118072,1.0603036342120677,1.0548242521759106,0.9948322519518391,0.05466892570249615,75.37126170712057,200.44227424700875,84.31283076711011,116.12944347989864,0.008395790540170473,0.01215200988717962,265.25362723214283,0.18403015764222075,359045.0,0.9622749237560752,0.011777965258592316,-0.001914477162001882,0.009982465582194733,0.004022619949862971,291800.0,0
2022-04-05,18080.599609375,18095.44921875,17921.55078125,17957.400390625,283500,-0.005317557796472028,-0.005331746328175393,0.009683942759932387,-0.006813890103850305,17728.85,17131.345068359376,17119.0869921875,17308.326381478266,17212.147977041284,1.0482189413014218,1.048969515653497,1.0007160473089174,0.03707085505038843,79.1886256792503,230.7144162389959,113.59314786148727,117.12126837750864,0.008701921163980178,0.010400726716381606,251.04994419642858,-0.1794500723589001,343950.0,0.8242477104230266,0.021671841339984343,0.011777965258592316,-0.001914477162001882,0.005998187274997013,345500.0,0
2022-04-06,17842.75,17901.0,17779.849609375,17807.650390625,328800,-0.008339180323571727,-0.008374145812508964,0.006803277690625638,-0.0019671636589090806,17790.730078125,17221.055078125,17122.8969921875,17355.88104901605,17235.5010128681,1.0340626814001148,1.0399905108784995,1.005732563010937,0.03258792723210435,70.2535532049186,239.85681334110632,138.84588095741108,101.01093238369523,0.009219300862833303,0.010861461128863142,236.49637276785714,0.1597883597883598,333210.0,0.9867651030881426,-0.005317557796472028,0.021671841339984343,0.011777965258592316,0.009982465582194733,283500.0,0
2022-04-07,17723.30078125,17787.5,17623.69921875,17639.55078125,308800,-0.00943974110495216,-0.009484577848941177,0.009285995050628637,-0.004725417744340353,17825.690234375,17285.76513671875,17132.706015625,17382.897213990713,17251.346101824252,1.0204668779040467,1.0295834624818028,1.0089337388357775,0.02420059405437569,59.22242979956749,230.8765936465643,157.25202349524173,73.62457015132256,0.009993374557171853,0.010721746074383878,221.82142857142858,-0.06082725060827254,325540.0,0.9485777477422129,-0.008339180323571727,-0.005317557796472028,0.021671841339984343,-0.001914477162001882,328800.0,1
2022-04-08,17698.150390625,17842.75,17600.55078125,17784.349609375,274400,0.008208759390795572,0.008175250776633796,0.013618671701231343,0.004870521317055885,17848.4703125,17345.23759765625,17142.8340234375,17421.130775455884,17272.248200159578,1.025315998656489,1.0374217929812788,1.0118068910859213,0.036806949768262154,67.67208980164868,232.7606403614227,172.35374686847794,60.40689349294476,0.009864093921337951,0.010443183198831158,220.76785714285714,-0.1113989637305699,314940.0,0.8712770686479965,-0.00943974110495216,-0.008339180323571727,-0.005317557796472028,0.011777965258592316,308800.0,0
2022-04-11,17740.900390625,17779.05078125,17650.94921875,17674.94921875,251700,-0.006151497975913078,-0.006170496392137639,0.007247633977024775,-0.0037174647522315854,17772.780078125,17397.46259765625,17154.13,17445.303960531513,17288.040396967044,1.0159498328871897,1.0303611561035155,1.0141850736619256,0.026300616580536618,59.996089294443536,222.85710573931283,182.45441864264492,40.402687096667904,0.010332888496401255,0.01066156763857927,206.48228236607142,-0.0827259475218659,310340.0,0.8110459496036605,0.008208759390795572,-0.00943974110495216,-0.008339180323571727,0.021671841339984343,274400.0,0
2022-04-12,17584.849609375,17595.30078125,17442.349609375,17530.30078125,266000,-0.008183810641252287,-0.008217481851263662,0.008724959929871426,-0.0031020355213000183,17687.36015625,17430.41259765625,17162.69703125,17453.398895838036,17297.540804193828,1.0057306838282865,1.0214187635737357,1.0155986885929869,0.011832406408889495,57.59980476551525,201.01933738023217,186.16740239016238,14.851934990069793,0.010781876509456148,0.010594443494984309,200.064453125,0.05681366706396496,307905.0,0.8639028271707182,-0.006151497975913078,0.008208759390795572,-0.00943974110495216,-0.005317557796472028,251700.0,0
2022-04-13,17599.900390625,17663.650390625,17457.400390625,17475.650390625,245100,-0.0031174816283502382,-0.0031223510971550208,0.011802135851301136,-0.007059699046148277,17620.96015625,17471.0451171875,17165.413046875,17455.51808581775,17304.525493857796,1.0002635946164988,1.01807339811182,1.0178051101641354,-0.0012915354035403226,56.63955500085632,177.25958072562207,184.38583805725432,-7.126257331632246,0.010386928827696438,0.010125655822609153,200.46805245535714,-0.07857142857142863,301080.0,0.8140693503387804,-0.008183810641252287,-0.006151497975913078,0.008208759390795572,-0.008339180323571727,266000.0,0
2022-04-18,17183.44921875,17237.75,17067.849609375,17173.650390625,376100,-0.017281188010147552,-0.017432250630348714,0.00989308543964233,-0.0005702480334569761,17527.780078125,17480.96015625,17157.3490625,17428.673543418437,17299.393136868275,0.982420315424429,1.0009501076224314,1.018861369117756,-0.016667837179175193,50.483220065538404,132.53316647228712,174.0153037402609,-41.48213726797377,0.011752639524757181,0.010294755185970925,197.00739397321428,0.5344757241942064,306885.0,1.2255405119181453,-0.0031174816283502382,-0.008183810641252287,-0.006151497975913078,-0.00943974110495216,245100.0,0
2022-04-19,17258.94921875,17275.650390625,16824.69921875,16958.650390625,401400,-0.012519178806467801,-0.012598203971631295,0.026591218138696502,-0.017399600886406078,17362.640234375,17464.54013671875,17140.9220703125,17383.909433628585,17286.030676231283,0.9710333199652861,0.9893662850259854,1.0188798516835187,-0.04028187508497039,44.231741655950245,78.82975739663016,154.97819447153475,-76.14843707490459,0.011175040077196175,0.00981312112015509,212.70396205357142,0.0672693432597713,304540.0,1.3180534576738687,-0.017281188010147552,-0.0031174816283502382,-0.008183810641252287,0.008208759390795572,376100.0,1
2022-04-20,17045.25,17186.900390625,16978.94921875,17136.55078125,286100,0.010490244596548015,0.010435603778864927,0.012134949123048163,0.005356376776521318,17254.960546875,17465.4876953125,17132.4491015625,17360.351466735385,17280.16871956535,0.981166462694839,1.0002394100028074,1.0194390534462248,-0.05078542488046256,45.996559957977134,50.04757623454134,133.99207082413608,-83.94449458959474,0.008631616417225678,0.009893776924207152,220.31821986607142,-0.28724464374688585,304570.0,0.9393571264405556,-0.012519178806467801,-0.017281188010147552,-0.0031174816283502382,-0.006151497975913078,401400.0,1
2022-04-21,17234.599609375,17414.69921875,17215.5,17392.599609375,285200,0.014941678252146096,0.014831150992767859,0.011453102079267504,0.009167604909954143,17227.4203125,17469.34267578125,17129.975078125,17363.42271841535,17284.57777406769,0.9956069860308687,1.0153312850749778,1.019811330495724,-0.03145225750743219,47.83542975680848,47.35263909205969,116.66418447772081,-69.31154538566112,0.010706198349987619,0.010122289566297639,226.10030691964286,-0.0031457532331352622,301915.0,0.9446367355050262,0.010490244596548015,-0.012519178806467801,-0.017281188010147552,-0.008183810641252287,286100.0,0
2022-04-22,17242.75,17315.30078125,17149.19921875,17171.94921875,262700,-0.012686452605167986,-0.012767612798961313,0.00967284263330072,-0.004106118876049354,17166.680078125,17465.6576171875,17129.1420703125,17345.18714701865,17280.1609679768,0.9831836621972672,1.0024990830399902,1.0196457911023011,-0.03569820599182871,44.42835586807698,27.099849325531977,98.75131744728304,-71.65146812175107,0.011027635312211344,0.010496860151006196,229.06459263392858,-0.07889200561009813,300445.0,0.8743696849672985,0.014941678252146096,0.010490244596548015,-0.012519178806467801,-0.0031174816283502382,285200.0,0
2022-04-25,17009.05078125,17054.30078125,16888.69921875,16953.94921875,275700,-0.012695122564301942,-0.012776394201003337,0.009767727882354107,-0.0032395436528851714,17122.73984375,17452.217578125,17122.8860546875,17307.926391945442,17267.368350360066,0.9714495675323495,0.9901338573767328,1.0192334120770103,-0.03886729152018775,36.429402172787185,-6.4668645864258,77.70768104054129,-84.17454562696709,0.011268155467058215,0.010866444835653206,220.82184709821428,0.04948610582413404,299715.0,0.9198738801861769,-0.012686452605167986,0.014941678252146096,0.010490244596548015,-0.017281188010147552,262700.0,1
2022-04-26,17121.30078125,17223.849609375,17064.44921875,17200.80078125,261100,0.014560121616207233,0.014455140840464372,0.009267033125501742,0.0046433387869140525,17171.169921875,17454.6076171875,17117.6260546875,17297.72395283159,17264.757857453787,0.9854590351439596,1.0048590106067732,1.0196862322744644,-0.03281249193489666,32.97387953461342,-13.000013069169654,59.566142218599104,-72.56615528776877,0.012159610214072285,0.011350819148825745,208.37179129464286,-0.05295611171563297,300915.0,0.8676868883239452,-0.012695122564301942,-0.012686452605167986,0.014941678252146096,-0.012519178806467801,275700.0,0
2022-04-27,17073.349609375,17110.69921875,16958.44921875,17038.400390625,265100,-0.009441443610115341,-0.00948629657994312,0.008935697982762053,-0.0020470042229328764,17151.53984375,17445.42763671875,17106.2770703125,17273.02647071668,17255.881094048735,0.9766685429231298,0.9960320600789697,1.0198260886931871,-0.03601418144102697,32.122008416784325,-30.925445314122044,41.46782471205488,-72.39327002617692,0.012289993626667698,0.011508572230916912,206.82547433035714,0.015319800842588993,301510.0,0.8792411528639182,0.014560121616207233,-0.012695122564301942,-0.012686452605167986,0.010490244596548015,261100.0,1
2022-04-28,17189.5,17322.5,17071.05078125,17245.05078125,312900,0.012128508890934642,0.012055547873445796,0.014580949742600515,0.003231669405741877,17122.030078125,17441.41513671875,17103.6830859375,17270.3621193389,17255.456375899765,0.9887414894990171,1.008265336454271,1.019746159297054,-0.016271825769532566,39.292381465717526,-28.1322292132827,27.547813926987363,-55.68004314027006,0.013101411290068626,0.011766894009198375,218.46470424107142,0.18030931723877774,305400.0,1.024557956777996,-0.009441443610115341,0.014560121616207233,-0.012695122564301942,0.014941678252146096,265100.0,0
2022-04-29,17329.25,17377.650390625,17053.25,17102.55078125,336200,-0.008263240381694681,-0.008297570200330234,0.018967953656401308,-0.013081882871445677,17108.150390625,17421.63017578125,17108.8780859375,17254.380087139958,17249.460078070366,0.9816848715469336,0.9996301741905157,1.0182801051169343,-0.02134968376199342,39.67903132807996,-36.9907382030724,14.640103500975414,-51.63084170404781,0.013267606845663152,0.01164347643977257,229.93610491071428,0.07446468520294025,296960.0,1.1321390086206897,0.012128508890934642,-0.009441443610115341,0.014560121616207233,-0.012686452605167986,312900.0,0
2022-05-02,16924.44921875,17092.25,16917.25,17069.099609375,278200,-0.0019559171203674675,-0.0019578324241160947,0.010252444710316373,0.00854683001824053,17131.18046875,17401.84765625,17103.21109375,17236.73432735282,17242.387118513685,0.9808785794791457,0.998005550876498,1.017460847607098,-0.006087860115463473,35.63842887373545,-46.17808815144599,2.4764651704911333,-48.65455332193712,0.012142939577336571,0.01164362515326704,225.13616071428572,-0.17251635930993459,296815.0,0.9372841669053114,-0.008263240381694681,0.012128508890934642,-0.009441443610115341,-0.012695122564301942,336200.0,0
2022-05-04,17096.599609375,17132.849609375,16623.94921875,16677.599609375,310600,-0.022936183451936376,-0.023203310190181764,0.030514006964103585,-0.024507797431849512,17026.540234375,17352.20517578125,17090.3191015625,17183.483401831123,17220.23858874354,0.9611227760637703,0.9758506854240206,1.0153236503462832,-0.01657270919420384,32.01192340669567,-84.08067756226592,-14.834963376060276,-69.24571418620565,0.013672921013267543,0.012217869947725758,252.33607700892858,0.11646297627606028,297755.0,1.043139493879196,-0.0019559171203674675,-0.008263240381694681,0.012128508890934642,0.014560121616207233,278200.0,1
2022-05-05,16854.75,16945.69921875,16651.849609375,16682.650390625,265800,0.00030284821366977077,0.00030280236440618743,0.017614084242880978,-0.010210748268292321,16955.390234375,17283.66767578125,17077.8801171875,17135.78501981149,17199.156698621246,0.9652262878209337,0.9768572139018161,1.0120499474865527,-0.026487266686224697,33.90122106743803,-112.4153428121972,-34.35103926328766,-78.06430354890954,0.013036676502107464,0.010838725643380521,262.40025111607144,-0.14423696072118475,293770.0,0.9047894611430711,-0.022936183451936376,-0.0019559171203674675,-0.008263240381694681,-0.009441443610115341,310600.0,0
2022-05-06,16415.55078125,16484.19921875,16340.900390625,16411.25,300500,-0.0162684216398562,-0.016402205362178027,0.00873174365907533,-0.0002619943313088461,16788.630078125,17206.36015625,17060.5791015625,17066.781684591348,17168.25839671453,0.9537897527989854,0.9619397971371891,1.0085449065837484,-0.05642340026306536,31.3224049708855,-154.98395395174884,-58.4776222009799,-96.50633175076894,0.012080394917039489,0.011190082397780557,257.9037388392857,0.13054928517682463,294620.0,1.0199579118864979,0.00030284821366977077,-0.022936183451936376,-0.0019559171203674675,0.012128508890934642,265800.0,0
2022-05-09,16227.7001953125,16403.69921875,16142.099609375,16301.849609375,288400,-0.006666182687180999,-0.0066885009232451696,0.016047234862512607,0.004569311311526364,16628.48984375,17131.0701171875,17042.4830859375,16993.93101076122,17134.281581524745,0.9515955219294474,0.9565419268525707,1.0051980119800206,-0.05066982194571956,33.593058508370305,-195.2963276983828,-85.8413633004605,-109.45496439792231,0.01184184775614451,0.011165702506668158,264.4536830357143,-0.040266222961730436,292600.0,0.9856459330143541,-0.0162684216398562,0.00030284821366977077,-0.022936183451936376,-0.008263240381694681,300500.0,0
2022-05-10,16248.900390625,16404.55078125,16197.2998046875,16240.0498046875,283100,-0.003790968888092272,-0.003798172823006312,0.012761720503017143,-0.0005446883004222522,16462.6798828125,17061.095068359376,17025.44009765625,16922.132800658957,17099.213668707598,0.9518761685353629,0.9538696040476,1.002094217271249,-0.04210814865913204,35.648679969621924,-229.5843960766797,-114.58996985570434,-114.99442622097536,0.011540095651501398,0.011102101817678182,247.04652622767858,-0.01837725381414701,291315.0,0.9718002849149546,-0.006666182687180999,-0.0162684216398562,0.00030284821366977077,-0.0019559171203674675,288400.0,0
2022-05-11,16270.0498046875,16318.75,15992.599609375,16167.099609375,284300,-0.0044919933245182175,-0.004502112641840228,0.0201737107153018,-0.006327589438775991,16360.5798828125,16980.232568359374,17007.51708984375,16850.22487767953,17062.660176184752,0.9521129669036719,0.9505855277975516,0.998395737523576,-0.060096107444125635,29.791769636457943,-259.6513097190582,-143.6022378283751,-116.04907189068308,0.00949171995066864,0.010717619593960843,254.03941127232142,0.004238784881667179,291810.0,0.9742640759398239,-0.003790968888092272,-0.006666182687180999,-0.0162684216398562,-0.022936183451936376,283100.0,0
2022-05-12,16021.099609375,16041.9501953125,15735.75,15808.0,314900,-0.022211752141785834,-0.022462147872579268,0.019369951626549847,-0.01330118497299033,16185.6498046875,16886.885107421876,16998.7180859375,16750.965365519576,17013.457816334372,0.9361110648554303,0.9299524775975582,0.9934210934053822,-0.07221337463709332,18.32960800953724,-308.89514184235304,-176.6608186311707,-132.23432321118233,0.010789465875154983,0.0114256329923853,256.04310825892856,0.1076327822722476,294970.0,1.067566193172187,-0.0044919933245182175,-0.003790968888092272,-0.006666182687180999,0.00030284821366977077,284300.0,0
2022-05-13,15977.0,16083.599609375,15740.849609375,15782.150390625,369100,-0.0016352232651188903,-0.0016365617019766783,0.021717572796898593,-0.012195631806659573,16059.8298828125,16799.477587890626,16981.1930859375,16658.697272672474,16965.17125062028,0.939442926606305,0.9293899616331757,0.989299014673041,-0.08483015847164488,19.87740605434604,-346.01839634103453,-210.53233417314348,-135.48606216789105,0.008699000996393612,0.011440479505298624,268.66085379464283,0.17211813274055254,300125.0,1.2298209079550186,-0.022211752141785834,-0.0044919933245182175,-0.003790968888092272,-0.0162684216398562,314900.0,1
2022-05-16,15845.099609375,15977.9501953125,15739.650390625,15842.2998046875,217600,0.0038112305721171857,0.003803986233609079,0.015041995646174469,-0.00017669845924120616,15967.919921875,16717.81005859375,16962.16107421875,16580.94513286438,16921.137076269973,0.9476300872639598,0.9339788565483346,0.9855943464658877,-0.0736878956058501,24.13630454174279,-366.3620937997912,-241.69828609847303,-124.66380770131815,0.009583431378886127,0.011611907320798254,273.8535853794643,-0.4104578704958006,298750.0,0.7283682008368201,-0.0016352232651188903,-0.022211752141785834,-0.0044919933245182175,-0.006666182687180999,369100.0,1
2022-05-17,15912.599609375,16284.25,15900.7998046875,16259.2998046875,295700,0.026321935902047233,0.025981475212963467,0.023583438396403308,0.02178777847890043,15971.769921875,16672.092529296875,16955.2280859375,16550.312244466582,16895.18267346282,0.9752404970231542,0.9589549442966683,0.9833009880371085,-0.04744244413704912,29.702050181420987,-344.8608642441177,-262.33080172760197,-82.53006251651573,0.01432728729171609,0.013108463475173977,286.14285714285717,0.35891544117647056,294730.0,1.0032911478302176,0.0038112305721171857,-0.0016352232651188903,-0.022211752141785834,-0.003790968888092272,217600.0,0
2022-05-18,16318.150390625,16399.80078125,16211.2001953125,16240.2998046875,290400,-0.0011685620062508173,-0.0011692453072036017,0.011613122184053738,-0.00477079718435652,15986.4099609375,16636.175,16950.07306640625,16520.787250201905,16869.500992334375,0.976203953414021,0.9581256517928842,0.9814810198648422,-0.0262207880588331,31.65962080249693,-325.60080274899883,-274.98480193188135,-50.61600081711748,0.012806491463492213,0.012903396199550417,288.7393275669643,-0.01792357118701382,289180.0,1.004218825644927,0.026321935902047233,0.0038112305721171857,-0.0016352232651188903,-0.0044919933245182175,295700.0,0
2022-05-19,15917.400390625,15984.75,15775.2001953125,15809.400390625,313900,-0.026532725334179386,-0.026891070897403772,0.013254759795429267,-0.0067850275390201045,15986.6900390625,16569.81748046875,16941.35408203125,16453.036120718392,16827.928419718322,0.9541083001825413,0.9331839895485775,0.9780692499688343,-0.05234480010986342,20.091249696865134,-341.1742029529778,-288.2226821361007,-52.95152081687712,0.014834761679008372,0.013662204114271196,283.41434151785717,0.0809228650137741,290570.0,1.0802904635716006,-0.0011685620062508173,0.026321935902047233,0.0038112305721171857,-0.022211752141785834,290400.0,1
2022-05-20,16043.7998046875,16283.0498046875,16003.849609375,16266.150390625,252400,0.028891038794289337,0.02848156086057151,0.017164491204594855,0.013858972852088074,16083.4900390625,16513.49501953125,16949.41408203125,16435.237479757117,16805.897908773488,0.9850216669085676,0.9596880642540556,0.974281172175613,-0.008841472122781635,34.59270990888824,-313.05166233839736,-293.18847817656,-19.863184161837353,0.017650855381201834,0.01493567731914622,294.07498604910717,-0.1959222682382924,288930.0,0.8735679922472571,-0.026532725334179386,-0.0011685620062508173,0.026321935902047233,-0.0016352232651188903,313900.0,0
2022-05-23,16290.9501953125,16414.69921875,16185.75,16214.7001953125,293800,-0.0031630222318707046,-0.0031680351601504043,0.014119855192647152,-0.004680512743936808,16157.9701171875,16465.632568359375,16953.43908203125,16414.23392885763,16782.713684716193,0.9847602348707166,0.9564254259478402,0.9712266926308246,-0.005345983195206405,34.36483045168208,-291.55508157026634,-292.8617988553013,1.3067172850349493,0.017557170737590232,0.0147703631961011,297.92850167410717,0.16402535657686212,290485.0,1.0114119489818751,0.028891038794289337,-0.026532725334179386,-0.0011685620062508173,0.0038112305721171857,252400.0,0
2022-05-24,16225.5498046875,16262.7998046875,16078.599609375,16125.150390625,249800,-0.005522754266735541,-0.005538061057189644,0.011423161387666322,-0.006187735717497535,16131.140234375,16424.192626953125,16949.03509765625,16386.702163311667,16756.92688886948,0.9817925761636905,0.9513904654581086,0.9690340796582749,-0.007075065375066525,38.63436732273118,-278.5340402418733,-289.99624713261574,11.462206890742436,0.017601654619784038,0.014602525848303757,274.73563058035717,-0.14976174268209663,289190.0,0.8637919706767178,-0.0031630222318707046,0.028891038794289337,-0.026532725334179386,0.026321935902047233,293800.0,0
2022-05-25,16196.349609375,16223.349609375,16006.9501953125,16025.7998046875,243300,-0.006161219184365629,-0.006180277818558741,0.013503189650428791,-0.010530138506566934,16088.240234375,16365.442578125,16937.6530859375,16352.330510109365,16728.255238509402,0.9792463435182935,0.9461641304953241,0.9662166591257215,-0.008739960048589235,36.991251492607454,-273.083595455475,-286.61371679718764,13.53012134171263,0.017649760257137565,0.014059964058718453,269.20347377232144,-0.026020816653322676,288300.0,0.8439125910509886,-0.005522754266735541,-0.0031630222318707046,0.028891038794289337,-0.0011685620062508173,249800.0,1
2022-05-26,16105.0,16204.4501953125,15903.7001953125,16170.150390625,314300,0.009007387318995308,0.008967062770830264,0.018599084902411696,0.004045351792921453,16160.390234375,16322.030078125,16928.447109375,16334.980022539425,16706.368773886486,0.9906948040915846,0.9552057720444982,0.9641776338176841,0.022909311147836453,44.97206271572072,-254.1860937337333,-280.1281921844968,25.942098450763524,0.016110336326202544,0.014253217379246346,280.44998604910717,0.2918207973695026,290760.0,1.0809602421240887,-0.006161219184365629,-0.005522754266735541,-0.0031630222318707046,-0.026532725334179386,243300.0,1
2022-05-27,16296.599609375,16370.599609375,16221.9501953125,16352.4501953125,274100,0.011273847198922216,0.011210771015034579,0.009090345011728639,0.00342713125904932,16177.6501953125,16277.400048828125,16918.07009765625,16336.643848517813,16692.48961394241,1.0046106961959063,0.966567114388413,0.9621310205519906,0.036135747700533516,51.02409645698004,-221.94121658369477,-268.4907970643364,46.54958048064162,0.01627603394128729,0.014208635196728766,276.0821010044643,-0.12790327712376715,288820.0,0.9490340004154837,0.009007387318995308,-0.006161219184365629,-0.005522754266735541,0.028891038794289337,314300.0,1
2022-05-30,16527.900390625,16695.5,16506.150390625,16661.400390625,251400,0.018893205092962884,0.018716945110386057,0.011364567499472783,0.00807725100253655,16266.990234375,16255.342529296875,16918.03810546875,16367.573043004213,16691.270428714277,1.0249799633933454,0.9848305274380017,0.9608290528700454,0.05170338877788061,57.75211445150391,-169.50329193598373,-248.6932960386659,79.19000410268217,0.0169703043872499,0.014910930959045176,285.78201729910717,-0.08281649033199567,284580.0,0.8834071262913767,0.011273847198922216,0.009007387318995308,-0.006161219184365629,-0.0031630222318707046,274100.0,0
2022-05-31,16578.44921875,16690.75,16521.900390625,16584.55078125,651600,-0.004612433983534836,-0.004623104079880039,0.010181138554919218,0.00036804181256587114,16358.8703125,16231.115087890625,16910.22212890625,16388.237589503813,16687.085344499992,1.0217751948307643,0.9807411549550523,0.9598404423171495,0.02000399651089113,57.6693676696332,-132.61823956172884,-225.4782847432785,92.86004518154965,0.0154673683084002,0.014928956397412773,274.54624720982144,1.5918854415274462,303250.0,2.148722176422094,0.018893205092962884,0.011273847198922216,0.009007387318995308,-0.005522754266735541,251400.0,0
2022-06-01,16594.400390625,16649.19921875,16438.849609375,16522.75,249600,-0.0037264067061659745,-0.003733367056413342,0.012730907952671316,-0.004317745078965243,16458.2603515625,16223.372607421876,16894.93611328125,16401.048295265355,16680.640821186265,1.0184534621636665,0.9779705521947094,0.9602506040060459,0.017391932335570237,64.74167268227286,-107.13835213675156,-201.8102982219731,94.67194608522155,0.015546439546762963,0.01404365650160462,267.6997767857143,-0.6169429097605893,300200.0,0.8314457028647568,-0.004612433983534836,0.018893205092962884,0.011273847198922216,-0.006161219184365629,651600.0,1
2022-06-02,16481.650390625,16646.400390625,16443.05078125,16628.0,236000,0.006370004993115463,0.006349802260260305,0.012229348651371182,0.008879548219166556,16549.8302734375,16220.640087890624,16885.14412109375,16422.66274333532,16678.576475257392,1.0251136767662754,0.984770984526421,0.9606456404258349,0.05177929517557356,66.89232675101746,-77.5585160956798,-176.95994179671447,99.40142570103467,0.011866339552577841,0.014125941529966735,257.7426060267857,-0.054487179487179516,298710.0,0.7900639416156138,-0.0037264067061659745,-0.004612433983534836,0.018893205092962884,0.009007387318995308,249600.0,0
2022-06-03,16761.650390625,16793.849609375,16567.900390625,16584.30078125,245500,-0.002628050201467391,-0.0026315095876877827,0.013624283696389258,-0.010580677036086724,16596.200390625,16229.292626953125,16870.52013671875,16438.056842184338,16674.879389217887,1.0218745303604475,0.983034349080572,0.961991242441305,0.01955904642369255,64.9163902841619,-56.9855507091379,-152.96506357919915,95.97951287006126,0.008694515653346408,0.013619320021642678,256.8604213169643,0.0402542372881356,295960.0,0.8295039870252737,0.006370004993115463,-0.0037264067061659745,-0.004612433983534836,0.011273847198922216,236000.0,0
2022-06-06,16530.69921875,16610.94921875,16444.55078125,16569.55078125,233600,-0.0008893953501298846,-0.0008897910968418909,0.010042422977953961,0.0023502673411377835,16577.83046875,16242.677685546874,16856.99814453125,16450.580074476304,16670.74885557209,1.020124335533296,0.9829478913851275,0.9635569480569899,0.021884498736528313,57.44024910666987,-41.39436072584067,-130.65092300852746,89.25656228268679,0.00857490941433739,0.013519038410073628,237.17815290178572,-0.04847250509164969,293220.0,0.7966714412386604,-0.002628050201467391,0.006370004993115463,-0.0037264067061659745,0.018893205092962884,245500.0,0
2022-06-07,16469.599609375,16487.25,16347.099609375,16416.349609375,233800,-0.009245946006475991,-0.009288955076891798,0.008537244512931384,-0.0032332297847537514,16544.190234375,16251.49267578125,16840.87013671875,16447.32003018094,16660.772414544754,1.0101441102600641,0.974792245062317,0.9650031467404728,0.01805869785371428,53.96660199233325,-40.92848643578691,-112.70643569397936,71.77794925819245,0.00901979004686827,0.013672519870868932,233.71742466517858,0.0008561643835616195,290755.0,0.8041134288318343,-0.0008893953501298846,-0.002628050201467391,0.006370004993115463,-0.004612433983534836,233600.0,0
2022-06-08,16474.94921875,16514.30078125,16293.349609375,16356.25,243500,-0.0036609606157923524,-0.003667678332650513,0.013508669277799007,-0.007204830629457081,16510.890234375,16260.9501953125,16824.93513671875,16438.64669397323,16648.83035907241,1.0058606541157091,0.9721434208863077,0.9664792204651412,0.020619887889516963,64.79290034616994,-44.89133454687544,-99.14341546455859,54.252080917683145,0.008805555941520812,0.013657589476265624,234.53180803571428,0.04148845166809245,288715.0,0.8433922726564259,-0.009245946006475991,-0.0008893953501298846,-0.002628050201467391,-0.0037264067061659745,233800.0,1
2022-06-09,16263.849609375,16492.80078125,16243.849609375,16478.099609375,205000,0.00744972774168895,0.007422115570615706,0.015108002608101875,0.01317338792142418,16480.91015625,16294.45517578125,16810.05712890625,16442.404114487686,16642.135035554864,1.0112703635446925,0.9802524454863141,0.9693277691342059,0.01904430146354974,57.00218225367053,-37.7643511561655,-86.86760260287997,49.10325144671447,0.00868323906798667,0.012597390572181852,218.48193359375,-0.1581108829568788,283220.0,0.7238189393404421,-0.0036609606157923524,-0.009245946006475991,-0.0008893953501298846,0.006370004993115463,243500.0,0
2022-06-10,16283.9501953125,16324.7001953125,16172.599609375,16201.7998046875,189700,-0.016767698414100085,-0.01690986774485526,0.009387882073045632,-0.0050448686982994964,16404.4099609375,16315.437646484375,16787.587109375,16419.48941831624,16624.866987285557,0.9930349498273274,0.9651059261303628,0.9718750848579691,-0.00921271056175943,49.628936753519625,-53.79117934471651,-80.25231795124728,26.461138606530767,0.009808575787440902,0.013278794107928616,212.99274553571428,-0.07463414634146337,274250.0,0.6917046490428441,0.00744972774168895,-0.0036609606157923524,-0.009245946006475991,-0.002628050201467391,205000.0,0
2022-06-13,15877.5498046875,15886.150390625,15684.0,15774.400390625,225500,-0.026379749115209128,-0.026733937520215956,0.012815091896940913,-0.0064965574242473725,16245.3798828125,16312.04267578125,16753.1101171875,16358.05236805993,16591.515356043965,0.9670401619317429,0.941580415832257,0.9736725038920535,-0.05323682158788379,41.552875899938755,-99.82934637668768,-84.16772363633537,-15.661622740352314,0.010217312256116889,0.014660986321727491,214.27490234375,0.18871903004744328,274645.0,0.8210599137067851,-0.016767698414100085,0.00744972774168895,-0.0036609606157923524,-0.0008893953501298846,189700.0,0
2022-06-14,15674.25,15858.0,15659.4501953125,15732.099609375,225400,-0.00268160945598539,-0.0026852114114221596,0.012620680622259798,0.0036907417819034404,16108.5298828125,16285.682666015626,16718.457109375,16298.437819613746,16557.81277774322,0.9660079919280373,0.9410018823180226,0.9741139723284219,-0.05140031726628114,42.72695482934223,-138.13590028918043,-94.96135896690438,-43.17454132227604,0.010253486878655162,0.013303575726795193,212.99993024553572,-0.00044345898004438666,271130.0,0.831335521705455,-0.026379749115209128,-0.016767698414100085,0.00744972774168895,-0.009245946006475991,225500.0,0
2022-06-15,15729.25,15783.650390625,15678.900390625,15692.150390625,183000,-0.0025393443813560568,-0.0025425739848417965,0.006675312012213511,-0.002358638166155411,15975.7099609375,16258.2751953125,16678.8911328125,16240.696159710056,16523.865233150347,0.9651792826799535,0.9408389482052391,0.974781540682131,-0.0502700585178012,37.51762168911158,-169.76079159909023,-109.92124549334156,-59.83954610574867,0.010280283403118963,0.013304518258128372,198.99993024553572,-0.1881100266193434,265760.0,0.688591210114389,-0.00268160945598539,-0.026379749115209128,-0.016767698414100085,-0.0036609606157923524,225400.0,0
2022-06-16,15832.25,15863.150390625,15335.099609375,15360.599609375,264700,-0.021128447854290244,-0.021354848179315097,0.03437696409505499,-0.02979048401995926,15752.2099609375,16235.83515625,16625.0351171875,16156.877440630527,16478.246973394453,0.946092360605295,0.9239438895076205,0.9765895254840614,-0.07622085582300941,25.972031975623196,-219.05202755016944,-131.74740190470715,-87.3046256454623,0.010563695239327323,0.012801254042879736,222.40004185267858,0.44644808743169406,263300.0,1.0053171287504747,-0.0025393443813560568,-0.00268160945598539,-0.026379749115209128,0.00744972774168895,183000.0,0
2022-06-17,15272.650390625,15400.400390625,15183.400390625,15293.5,342600,-0.00436829362663993,-0.004377862497838008,0.014189034557164809,0.001365159866934319,15570.55,16187.20263671875,16571.757109375,16074.651017713333,16431.78630777114,0.9447895564925164,0.9228653243625045,0.9767945867105003,-0.07783269239239576,12.463622087757201,-260.52687324488943,-157.5032961727436,-103.02357707214583,0.010480510040077396,0.010694114363964351,213.396484375,0.2942954287873063,267810.0,1.2792651506665174,-0.021128447854290244,-0.0025393443813560568,-0.00268160945598539,-0.016767698414100085,264700.0,1
2022-06-20,15334.5,15382.5,15191.099609375,15350.150390625,260000,0.0037042135956451006,0.0036973698916184226,0.012468958658665421,0.0010205999951090677,15485.7,16143.975146484376,16522.607109375,16005.650957990634,16389.3692129811,0.9508284205930381,0.9290392423551158,0.977084006150834,-0.07359284549855549,15.747263360189379,-285.533323773574,-183.1093016929097,-102.42402208066432,0.010922365859034059,0.01080089164104523,215.00725446428572,-0.2410974897840047,266120.0,0.9770028558545018,-0.00436829362663993,-0.021128447854290244,-0.0025393443813560568,-0.026379749115209128,342600.0,1
2022-06-21,15455.9501953125,15707.25,15419.849609375,15638.7998046875,262800,0.018804337854487096,0.018629721921802747,0.01837739431505837,0.011830369991128391,15467.0400390625,16119.6576171875,16482.59208984375,15970.712752914145,16359.935118538213,0.9701694772978746,0.9488070638066582,0.9779807404880277,-0.04736435463359401,28.214402444548313,-278.8451670970626,-202.25647477374028,-76.5886923233223,0.013676208498050036,0.011778974932164314,225.48939732142858,0.010769230769230864,266770.0,0.9851182666716647,0.0037042135956451006,-0.00436829362663993,-0.021128447854290244,-0.00268160945598539,260000.0,0
2022-06-22,15545.650390625,15565.400390625,15385.9501953125,15413.2998046875,220900,-0.014419265085317434,-0.01452423294963793,0.011642555298763832,-0.008513673124754928,15411.269921875,16089.0326171875,16435.17109375,15917.62580546399,16322.81216505387,0.9580004075709231,0.9378241161449729,0.9789391619601618,-0.05765075706916312,21.738000295377347,-288.416039591566,-219.48838773730543,-68.92765185426057,0.01399882965364963,0.01209580976183419,223.78229631696428,-0.15943683409436837,265650.0,0.8315452663278751,0.018804337854487096,0.0037042135956451006,-0.00436829362663993,-0.0025393443813560568,262800.0,1
2022-06-23,15451.5498046875,15628.4501953125,15367.5,15556.650390625,259200,0.009300447519609234,0.009257464658604653,0.01677418909341551,0.006801944611770651,15450.480078125,16058.3576171875,16392.8051171875,15883.247194526943,16292.766605272347,0.9687572516117393,0.9489925781106364,0.9795979091065177,-0.05591962911947401,27.149618390892456,-281.19241956698534,-231.8291941032414,-49.36322546374393,0.014203980058330776,0.012109768901490367,226.28236607142858,0.17338162064282492,262895.0,0.985944959014055,-0.014419265085317434,0.018804337854487096,0.0037042135956451006,-0.021128447854290244,220900.0,1
2022-06-24,15657.400390625,15749.25,15619.4501953125,15699.25,219600,0.009166472588529428,0.009124715461734611,0.008267898446581844,0.0026728325476084655,15531.630078125,16025.697607421875,16356.1841015625,15865.723652191044,16269.491444281275,0.9796297412182113,0.9598357356775079,0.9797944011825439,-0.031018146795154355,31.68944285188303,-260.9529487763084,-237.65394503785484,-23.299003738453564,0.014317592108275004,0.011999071052391916,228.15387834821428,-0.1527777777777778,260170.0,0.8440634969443056,0.009300447519609234,-0.014419265085317434,0.018804337854487096,-0.00436829362663993,259200.0,1
2022-06-27,15926.2001953125,15927.4501953125,15815.5,15832.0498046875,210900,0.008458990377725017,0.008423413606869335,0.007071111870766991,-0.005911666905500217,15628.0099609375,15984.230078125,16323.31208984375,15862.516619095468,16252.336870179559,0.9904793491651648,0.9699042521240582,0.979227131733288,0.003654618409252519,37.60026858489335,-231.52827415012143,-236.42881086030818,4.900536710186742,0.012014550954101921,0.011259959472652854,234.44315011160714,-0.0396174863387978,258145.0,0.8169827035193399,0.009166472588529428,0.009300447519609234,-0.014419265085317434,0.0037042135956451006,219600.0,1
2022-06-28,15757.4501953125,15892.099609375,15710.150390625,15850.2001953125,251900,0.0011464333961117568,0.0011457767431705531,0.011479300987239847,0.005886104594992857,15670.2900390625,15947.512548828125,16296.8430859375,15861.343626354233,16236.566804498498,0.9938979603735897,0.9725932876527229,0.9785645271745415,0.007506981831409298,39.06618125838453,-204.38836088430617,-230.0207208651078,25.632359980801624,0.011967477470275842,0.011278012419444377,231.65729631696428,0.19440493124703662,238160.0,1.0576923076923077,0.008458990377725017,0.009166472588529428,0.009300447519609234,0.018804337854487096,210900.0,0
2022-06-29,15701.7001953125,15861.599609375,15687.7998046875,15799.099609375,444900,-0.0032239710103227903,-0.003229179201912245,0.011000614527701898,0.006203112583411641,15747.45,15911.330029296874,16273.6520703125,15855.415624737163,16219.411228219145,0.9929465092034903,0.9708392155069352,0.9777356650215843,0.006815459709963889,34.866722791939196,-184.8720840028618,-220.9909934926586,36.11890948979678,0.011990400988000149,0.011275119362960991,226.28934151785714,0.7661770543866613,247925.0,1.7944943027125138,0.0011464333961117568,0.008458990377725017,0.009166472588529428,-0.014419265085317434,251900.0,0
2022-06-30,15774.5,15890.0,15728.849609375,15780.25,306000,-0.001193081241402827,-0.0011937935294284723,0.010212157007968821,0.00036451234587467113,15792.169921875,15868.942529296875,16246.5260546875,15848.256993809815,16202.189219269376,0.9944109363851351,0.9712999534104727,0.9767591222813026,0.027319922483291403,39.38669746898747,-168.97842184927504,-210.5884791639819,41.610057314706864,0.00925735795675882,0.011097447983524664,226.93575613839286,-0.3122049898853675,251425.0,1.2170627423684997,-0.0032239710103227903,0.0011464333961117568,0.008458990377725017,0.009300447519609234,444900.0,0
2022-07-01,15703.7001953125,15793.9501953125,15511.0498046875,15752.0498046875,364100,-0.0017870563085186086,-0.0017886549985601772,0.017959592188491837,0.0030788673225837686,15802.7298828125,15827.32998046875,16213.71505859375,15839.094404369594,16184.536693207343,0.9952436591721947,0.9715262509401537,0.9761692445729638,0.029983313478765483,49.295712236272905,-156.85003065017736,-199.84078946122102,42.99075881104366,0.009071896213232967,0.011098988027005735,232.70361328125,0.18986928104575163,257355.0,1.4147772532105458,-0.001193081241402827,-0.0032239710103227903,0.0011464333961117568,0.009166472588529428,306000.0,1
2022-07-04,15710.5,15852.349609375,15661.7998046875,15835.349609375,304300,0.005288188249805481,0.005274254882250374,0.012033192154765488,0.007946889619999363,15803.38984375,15790.619921875,16186.98306640625,15838.737757227253,16170.843082076664,1.0028326745701752,0.978276776123834,0.9755134639416628,0.03160875994064094,53.17155582859776,-138.9152664518806,-187.65568485935296,48.74041840747236,0.009099909736685226,0.011233000360653052,232.13218470982142,-0.1642405932436144,260890.0,1.1663919659626663,-0.0017870563085186086,-0.001193081241402827,-0.0032239710103227903,0.008458990377725017,364100.0,0
2022-07-05,15909.150390625,16025.75,15785.4501953125,15810.849609375,254200,-0.0015471713984448465,-0.0015483695040555473,0.015198411889580866,-0.006178883148148944,15795.5197265625,15760.344921875,16164.12107421875,15836.081743146086,16156.725690990326,1.0032045420167106,0.9781447154954063,0.97502022222614,0.011001471138209151,53.68105071120706,-125.23514901501585,-175.17157769048555,49.9364286754697,0.007344513870519163,0.011110981827974563,241.81431361607142,-0.16464015773907326,261910.0,0.9705624069336795,0.005288188249805481,-0.0017870563085186086,-0.001193081241402827,0.0011464333961117568,304300.0,1
2022-07-06,15818.2001953125,16011.349609375,15800.900390625,15989.7998046875,288400,0.011318189707300252,0.01125461822453212,0.013161466767601783,0.010848238564198417,15833.659765625,15742.022412109374,16139.9010546875,15850.721558530982,16150.17957780198,1.015739870398579,0.9906999894552386,0.9753481361979868,0.03740276302318302,71.55237758181562,-98.81469784707406,-159.90020172180326,61.0855038747292,0.005561013179336507,0.011479467464701121,219.12848772321428,0.13453973249409912,264155.0,1.0917832333289168,-0.0015471713984448465,0.005288188249805481,-0.0017870563085186086,-0.0032239710103227903,254200.0,1
2022-07-07,16113.75,16150.5,16045.9501953125,16132.900390625,264600,0.00894949203151052,0.00890968266712923,0.006480533701692909,0.0011884502753859282,15904.18984375,15724.762451171875,16121.7910546875,15877.595733016127,16149.50196261857,1.0259551100196562,1.0006890881974475,0.9753731702533023,0.03704203575515641,77.32954841729207,-65.57338938888824,-141.03483925522025,75.461449866332,0.00552315966734823,0.011542461621402624,215.10707310267858,-0.08252427184466016,267135.0,0.9905104160817564,0.011318189707300252,-0.0015471713984448465,0.005288188249805481,-0.001193081241402827,288400.0,1
2022-07-08,16273.650390625,16275.5,16157.900390625,16220.599609375,281100,0.005436047866567373,0.005421325887187373,0.007250016165064027,-0.003259918947291736,15997.8998046875,15725.70244140625,16101.30203125,15910.26276885983,16152.290105628626,1.0314705921603649,1.007409188268965,0.9766727194412743,0.0332085678854086,77.77881661879687,-31.786405034028576,-119.18515241098193,87.39874737695335,0.005230750404405983,0.010995529088512403,211.62130301339286,0.06235827664399096,271705.0,1.0345779429896396,0.00894949203151052,0.011318189707300252,-0.0015471713984448465,-0.0017870563085186086,264600.0,0
2022-07-11,16136.150390625,16248.5498046875,16115.5,16216.0,255900,-0.00028356592763323363,-0.00028360614005298526,0.008204847353693883,0.004948491891931803,16074.0298828125,15747.782421875,16083.571015625,15939.38060039699,16154.788532858876,1.0297322864630518,1.0082338048090407,0.9791222612550542,0.024251451962892467,72.49941948328302,-5.319803167298232,-96.41208256224519,91.09227939494696,0.00499646675541179,0.009015951250040342,195.61774553571428,-0.08964781216648876,273225.0,0.9365907219324733,0.005436047866567373,0.00894949203151052,0.011318189707300252,0.005288188249805481,281100.0,0
2022-07-12,16126.2001953125,16158.75,16031.150390625,16058.2998046875,208600,-0.0097249750439381,-0.009772571447684876,0.007946022363946214,-0.004210563542720809,16123.519921875,15764.092431640625,16063.35501953125,15950.706238900848,16151.004661165882,1.0186631342287973,0.9996852952052916,0.9813698578206885,0.013129147065066293,76.54538614759119,2.8966904431563307,-76.5503279611649,79.44701840432123,0.006318198125805775,0.009318373559025475,191.91413225446428,-0.18483782727627984,272385.0,0.7658277805312333,-0.00028356592763323363,0.005436047866567373,0.00894949203151052,-0.0015471713984448465,255900.0,0
2022-07-13,16128.2001953125,16140.0,15950.150390625,15966.650390625,233300,-0.005707292501522909,-0.0057236413300785416,0.011890384315452435,-0.010016604626128887,16118.8900390625,15777.817431640626,16049.13603515625,15952.224729541244,16143.775081928985,1.0119682560533176,0.9948604308449649,0.9830945040953425,0.01060508417521322,67.62380826048849,1.990039125072144,-60.84225454391749,62.832293668989635,0.006561624901934778,0.0094091988912187,186.83551897321428,0.11840843720038352,274900.0,0.8486722444525282,-0.0097249750439381,-0.00028356592763323363,0.005436047866567373,0.011318189707300252,208600.0,0
2022-07-14,16018.849609375,16070.849609375,15858.2001953125,15938.650390625,228600,-0.0017536552323109689,-0.0017551946856914542,0.013341745307844814,-0.005006552948912359,16080.0400390625,15806.719970703125,16034.25603515625,15950.931935358743,16135.730976387653,1.008346476698923,0.9940374131283904,0.9858093781242961,0.010037888539471851,61.41524317216228,-0.9765969688669429,-48.86912302890738,47.89252606004044,0.006585360971181815,0.007867261927280206,188.26764787946428,-0.02014573510501505,273095.0,0.8370713487980374,-0.005707292501522909,-0.0097249750439381,-0.00028356592763323363,0.00894949203151052,233300.0,1
2022-07-15,16010.7998046875,16066.9501953125,15927.2998046875,16049.2001953125,205800,0.0069359576863876615,0.006912014580365188,0.00870139252582741,0.0023984055196141717,16045.76015625,15844.50498046875,16027.0150390625,15960.290817259101,16132.337612423922,1.0129190034713027,1.0013842350678481,0.9886123487031789,0.018864236357135855,60.57877299516072,5.52903264165252,-37.98949189479541,43.51852453644793,0.0067489021371747475,0.007801866815987107,181.94266183035714,-0.09973753280839892,266255.0,0.7729432311130308,-0.0017536552323109689,-0.005707292501522909,-0.0097249750439381,0.005436047866567373,228600.0,1
2022-07-18,16151.400390625,16287.9501953125,16142.2001953125,16278.5,227700,0.014287304158276504,0.014186202470718856,0.008953527659182357,0.007869262497434856,16058.26015625,15890.9224609375,16026.548046875,15990.596453710616,16138.06947076024,1.0243898703813594,1.015720912100852,0.9915374424023927,0.027984882023863955,67.30505626977293,28.854749290016116,-24.620643657833103,53.475392947849215,0.00776106525906104,0.008233441429527005,185.99986049107142,0.10641399416909625,264640.0,0.8604141475211609,0.0069359576863876615,-0.0017536552323109689,-0.005707292501522909,-0.00028356592763323363,205800.0,1
2022-07-19,16187.0498046875,16359.5,16187.0498046875,16340.5498046875,222600,0.003811764271124396,0.003804517906147779,0.010553512419945038,0.009482889214040039,16114.71015625,15926.0099609375,16028.558046875,16023.925344279842,16146.00987601229,1.0260291086572697,1.019464742673676,0.9936021639852068,0.03350232330325986,71.68492761717475,51.75089633386415,-9.346335659493654,61.0972319933578,0.007614097611009316,0.007368044807715227,185.90345982142858,-0.022397891963109373,262630.0,0.8475802459734227,0.014287304158276504,0.0069359576863876615,-0.0017536552323109689,-0.0097249750439381,227700.0,1
2022-07-20,16562.80078125,16588.0,16490.94921875,16520.849609375,284400,0.01103388850696918,0.010973459265845803,0.005874442510204021,-0.0025328549457946164,16225.55,15981.387451171875,16035.633046875,16071.251464765095,16160.709473399063,1.033755652308121,1.0302586471691904,0.9966171840210764,0.0332117857117773,76.26428931605224,83.48260967566421,9.21945340753792,74.2631562681263,0.007581892460345812,0.006474683435022468,192.06773158482142,0.27762803234501354,265805.0,1.0699572995240871,0.003811764271124396,0.014287304158276504,0.0069359576863876615,-0.005707292501522909,222600.0,1
2022-07-21,16523.55078125,16626.94921875,16483.900390625,16605.25,243600,0.005108719746296009,0.005095714512164849,0.00861467476400536,0.0049444105465943616,16358.869921875,16033.817431640626,16051.578046875,16122.108468120801,16178.142435226551,1.0356392088656148,1.0344933034937827,0.9988935284006029,0.02927865405091623,79.0976396886667,114.12506456966003,30.20057563996234,83.92448892969769,0.00735917570253104,0.006344446515733033,182.07833426339286,-0.14345991561181437,265025.0,0.9191585699462315,0.01103388850696918,0.003811764271124396,0.014287304158276504,-0.0017536552323109689,284400.0,1
2022-07-22,16661.25,16752.25,16610.900390625,16719.44921875,190900,0.006877295960614926,0.006853755230166662,0.008454202499474905,0.003493088378723085,16492.9197265625,16084.827392578125,16070.3240234375,16178.99806341882,16199.370152227471,1.0394546867481278,1.0403927882453268,1.0009024938837245,0.03075407946613029,79.52908359568565,145.94202457698339,53.34886542736655,92.59315914961684,0.007427634075752057,0.006253661348375553,178.96763392857142,-0.2163382594417077,263590.0,0.7242308130050458,0.005108719746296009,0.01103388850696918,0.003811764271124396,0.0069359576863876615,243600.0,0
2022-07-25,16662.55078125,16706.05078125,16564.25,16631.0,211400,-0.005290199311757782,-0.005304241963650273,0.008526293142324575,-0.0018935144843191354,16563.4197265625,16124.77490234375,16086.09802734375,16222.045866902741,16216.296812924433,1.031394242755145,1.033874092507083,1.0024043664867797,0.02559200789343863,76.27091922598082,162.15090713740028,75.10927376937329,87.041633368027,0.007834945000826718,0.006395907107135285,171.93198939732142,0.10738606600314293,263615.0,0.8019270527094436,0.006877295960614926,0.005108719746296009,0.01103388850696918,0.014287304158276504,190900.0,0
2022-07-26,16632.900390625,16636.099609375,16463.30078125,16483.849609375,208200,-0.00884795806776506,-0.008887333683346772,0.01048291705031831,-0.008961202060346087,16592.0796875,16156.457373046875,16090.5890234375,16246.979556662005,16226.789079451906,1.0202638628486898,1.0244404095688902,1.0040935946790657,0.026500302638718942,66.15441994013463,161.26380781564694,92.34018057862802,68.92362723701892,0.00768408497384897,0.006879713642304618,169.24267578125,-0.015137180700094621,261430.0,0.7963890907699958,-0.005290199311757782,0.006877295960614926,0.005108719746296009,0.003811764271124396,211400.0,1
2022-07-27,16475.349609375,16653.44921875,16438.75,16641.80078125,185200,0.0095821774414373,0.00953655956008488,0.012901201112315772,0.010103043384298441,16616.269921875,16198.592431640625,16098.61904296875,16284.581578051339,16243.06404814987,1.027360917405617,1.0337408902485017,1.0062100599066937,0.04228503625415514,66.47995577633654,171.33111627079052,108.13836771706053,63.192748553729984,0.007352082857716708,0.006964604249176055,173.09974888392858,-0.11047070124879921,248445.0,0.7454366157499648,-0.00884795806776506,-0.005290199311757782,0.006877295960614926,0.01103388850696918,208200.0,1
2022-07-28,16774.849609375,16947.650390625,16746.25,16929.599609375,376300,0.017293731123692924,0.017145896529526243,0.011896346946886549,0.009225119962536922,16681.13984375,16256.059912109375,16121.02302734375,16346.011866748831,16269.98701133517,1.0414331456027606,1.0501566544914538,1.0083764463667462,0.0621727181702203,70.32569671369284,200.22442837216295,126.55557984808102,73.66884852408192,0.008062909482598354,0.007615933099295094,184.76046316964286,1.0318574514038876,251960.0,1.4934910303222735,0.0095821774414373,-0.00884795806776506,-0.005290199311757782,0.005108719746296009,185200.0,1
2022-07-29,17079.5,17172.80078125,17018.150390625,17158.25,436100,0.013505953826479233,0.013415561413115864,0.009013179702184081,0.004610790714013877,16768.9,16326.369921875,16138.86501953125,16423.367879439418,16304.82085402791,1.05095315628065,1.0631633624319363,1.0116182211151052,0.06910311985586803,73.937472958007,238.81979604136177,149.0084230867372,89.81137295462457,0.008397168967250818,0.007814876437883683,192.62841796875,0.15891575870316244,255560.0,1.7064485835028955,0.017293731123692924,0.0095821774414373,-0.00884795806776506,0.006877295960614926,376300.0,1
2022-08-01,17243.19921875,17356.25,17154.80078125,17340.05078125,381500,0.010595531668439406,0.010539792401854702,0.01161756798127889,0.005616797745669205,16910.71015625,16401.60498046875,16161.37203125,16510.671012945186,16345.418106075835,1.0572167054321064,1.0729318493331432,1.0148646382716906,0.06521183040513567,82.16844283730454,280.8393652717423,175.37461152373822,105.46475374800406,0.008109335932371954,0.007938022654596142,197.90339006696428,-0.1252006420545746,259420.0,1.4705882352941178,0.013505953826479233,0.017293731123692924,0.0095821774414373,-0.005290199311757782,436100.0,1
2022-08-02,17310.150390625,17390.150390625,17215.849609375,17345.44921875,333600,0.000311327663805816,0.0003112792114048116,0.010048790264917739,0.0020391982350492738,17083.030078125,16478.3349609375,16185.7780078125,16590.17369921231,16384.635012455215,1.0526214729745467,1.0716475420815579,1.0180749391832626,0.061497282898904215,86.1699958293668,310.9908761756378,202.49786445411814,108.49301172151968,0.008302545657004196,0.00787359878914069,196.79275948660714,-0.1255570117955439,263390.0,1.2665628915296707,0.010595531668439406,0.013505953826479233,0.017293731123692924,-0.00884795806776506,381500.0,1
2022-08-03,17349.25,17407.5,17225.849609375,17388.150390625,285400,0.002461808358865669,0.002458783072766921,0.01044679201319415,0.0022421943671916654,17232.3,16548.252490234376,16213.02501953125,16666.171479346853,16423.988556697168,1.0507544769990833,1.0724803279880293,1.0206764296175013,0.052497347397789884,87.73365412579648,334.47616052426747,228.89352366814802,105.58263685611945,0.008167694784962631,0.007728510451369214,194.57854352678572,-0.14448441247002397,263240.0,1.0841817352985867,0.000311327663805816,0.010595531668439406,0.013505953826479233,0.0095821774414373,333600.0,0
2022-08-04,17463.099609375,17490.69921875,17161.25,17382.0,325000,-0.0003537116074355806,-0.00035377417814128954,0.0189534701846738,-0.004644055819933706,17322.780078125,16610.707470703124,16237.26201171875,16734.34562417096,16461.557632905122,1.0464334544845384,1.0705006784675317,1.0229992876086407,0.046777374625494916,86.68997269194807,348.5739884908653,252.8296166326915,95.74437185817379,0.008349023581786233,0.007708446016114139,208.13560267857142,0.13875262789067966,266260.0,1.2206114324344626,0.002461808358865669,0.000311327663805816,0.010595531668439406,0.017293731123692924,285400.0,1
2022-08-05,17423.650390625,17474.400390625,17348.75,17397.5,355300,0.0008917270739845495,0.0008913297215996853,0.007222324507831585,-0.0015008560226317743,17370.630078125,16669.552490234375,16258.1630078125,16797.503183773726,16498.261255144138,1.043669289274087,1.0700778428436237,1.0253035648753301,0.04055461231878388,84.91419656786272,356.8834093935766,273.6403751848685,83.24303420870808,0.008380779524751402,0.007722634299643917,200.05705915178572,0.09323076923076923,269970.0,1.3160721561654998,-0.0003537116074355806,0.002461808358865669,0.000311327663805816,0.013505953826479233,325000.0,1
2022-08-08,17401.5,17548.80078125,17359.75,17525.099609375,257000,0.007334364671648164,0.007307599012140524,0.010787429770092026,0.007102813514639542,17407.63984375,16735.007470703124,16275.4369921875,16866.798081450037,16538.52942589829,1.047211938211264,1.0767821237480357,1.0282370592406351,0.05376102515633452,85.50702746880567,369.50547826301045,292.8133958004969,76.69208246251355,0.00775473693286231,0.007713315766991884,201.24281529017858,-0.2766676048409794,270025.0,0.9517637255809647,0.0008917270739845495,-0.0003537116074355806,0.002461808358865669,0.010595531668439406,355300.0,1
2022-08-10,17566.099609375,17566.099609375,17442.80078125,17534.75,312700,0.0005506610997998429,0.0005505095416120064,0.007031684405252427,-0.0017846653538426231,17445.5,16808.82998046875,16294.4409765625,16930.412549883367,16577.596899392476,1.0431868262320902,1.0761185379247762,1.031568373818171,0.06375333526625426,83.85535348370679,375.95350664916987,309.4414179702315,66.51208867893837,0.006278629858215157,0.007070089706063822,192.37486049107142,0.21673151750972752,275230.0,1.136140682338408,0.007334364671648164,0.0008917270739845495,-0.0003537116074355806,0.000311327663805816,257000.0,1
2022-08-11,17711.650390625,17719.30078125,17631.94921875,17659.0,311200,0.007085929368824795,0.007060942140366637,0.004946574692791211,-0.002972641705533467,17499.669921875,16893.4474609375,16317.1659765625,16999.801830846856,16620.004864122184,1.0453165371267574,1.0822345023250282,1.0353174984677334,0.06112314599367519,84.2738656692145,386.6326912064287,324.87967261747093,61.75301858895779,0.006179618702547378,0.0066736327526418955,195.33928571428572,-0.004796929964822505,279125.0,1.1149126735333632,0.0005506610997998429,0.007334364671648164,0.0008917270739845495,0.002461808358865669,312700.0,1
2022-08-12,17659.650390625,17724.650390625,17597.849609375,17698.150390625,303900,0.0022170219505635025,0.0022145679837284517,0.007164634634202705,0.002180111109132633,17562.9,16981.4224609375,16338.568984375,17066.311217492395,16662.285080847785,1.0422065896620964,1.0832130039999344,1.0393457638289667,0.04539686696573764,83.46670727325429,393.71661122329533,338.6470603386358,55.06955088465952,0.004824546056078583,0.0065182054062921475,193.896484375,-0.023457583547557892,282890.0,1.0742691505532185,0.007085929368824795,0.0005506610997998429,0.007334364671648164,-0.0003537116074355806,311200.0,1
2022-08-16,17797.19921875,17839.099609375,17764.05078125,17825.25,0,0.007181519343531395,0.007155855032733008,0.004210253888444762,0.0015761345875393402,17648.45,17070.224951171876,16363.38796875,17138.59110154074,16707.891548265517,1.0442305271891739,1.089337369134179,1.043196249075788,0.038873428234231344,89.78574663342165,404.9188921983514,351.90142671057896,53.01746548777243,0.0038351981925867757,0.006521733082635086,193.83565848214286,-1.0,272600.0,0.0,0.0022170219505635025,0.007085929368824795,0.0005506610997998429,0.0008917270739845495,303900.0,1
2022-08-17,17868.150390625,17965.94921875,17833.349609375,17944.25,262800,0.006675923198833145,0.006653737907021656,0.007389531987962718,0.004258952813321276,17732.280078125,17153.512451171875,16390.881953125,17215.320520441623,16756.376193431577,1.0460977045417952,1.0947702540545015,1.0465277280519658,0.034844143559448426,99.58237348197602,418.574025244925,365.2359464174482,53.33807882747681,0.003226521531620443,0.006187306623125127,191.54282924107142,inf,274355.0,0.9578830347542417,0.007181519343531395,0.0022170219505635025,0.007085929368824795,0.007334364671648164,0.0,1
2022-08-18,17898.650390625,17968.44921875,17852.05078125,17956.5,263900,0.0006826699360520383,0.0006824370229270742,0.0064822452872218975,0.0032320654413866092,17816.630078125,17234.3099609375,16421.6849609375,17285.909042304327,16803.439872120536,1.0419042039222566,1.0934627014653726,1.0494848733204298,0.03522830533495025,99.5365191691786,425.47962492249644,377.28468211845785,48.19494280403859,0.003188634815801155,0.00625465391477367,184.52134486607142,0.004185692541856856,276420.0,0.9547066058895883,0.006675923198833145,0.007181519343531395,0.0022170219505635025,0.0005506610997998429,262800.0,0
2022-08-19,17966.55078125,17992.19921875,17710.75,17758.44921875,295600,-0.011029475746944017,-0.011090751389954998,0.015848749813854014,-0.011582721972276172,17836.519921875,17296.18994140625,16449.7289453125,17330.912868632488,16840.891219047182,1.0267260754483925,1.0795587743596486,1.0514574433966557,0.0212960447089674,83.49558702580852,410.2423016650682,383.87620602778,26.366095637288254,0.0056167314890100285,0.006994774637353913,182.77845982142858,0.12012125805229257,276980.0,1.067225070402195,0.0006826699360520383,0.006675923198833145,0.007181519343531395,0.007085929368824795,263900.0,0
2022-08-22,17682.900390625,17690.05078125,17467.349609375,17490.69921875,287600,-0.0150773300473388,-0.015192148554208883,0.012732548258348913,-0.010869323902141072,17795.0296875,17340.46240234375,16469.9809375,17346.130616262726,16866.373885702196,1.008663945223626,1.0619744664625541,1.052852609128513,0.006253550727764345,63.02341880237248,372.2701275840045,381.5549903390249,-9.284862755020413,0.007853687940524805,0.00814481327987085,181.31417410714286,-0.02706359945872805,279180.0,1.0301597535640088,-0.011029475746944017,0.0006826699360520383,0.006675923198833145,0.0022170219505635025,295600.0,1
2022-08-23,17357.349609375,17625.55078125,17345.19921875,17577.5,285600,0.00496268217550444,0.004950408657946044,0.01594945598065709,0.012683410519431667,17745.4796875,17383.36494140625,16497.49494140625,17368.165795666275,16894.26118430211,1.0111678641763615,1.065464791014004,1.0536972433176262,0.010346314125592837,60.04989650360749,345.20173297537985,374.2843388662959,-29.082605890916057,0.007973060684806299,0.008103479063880498,186.95005580357142,-0.006954102920723182,283915.0,1.0059348748745223,-0.0150773300473388,-0.011029475746944017,0.0006826699360520383,0.007181519343531395,287600.0,1
2022-08-24,17525.44921875,17623.650390625,17499.25,17604.94921875,262000,0.001561611079505143,0.001560393032835227,0.007066216952929829,0.004536260326779248,17677.61953125,17432.06240234375,16534.10591796875,17390.716597864724,16922.131303300066,1.0099177488248898,1.0647657215995872,1.0543093463190607,0.004556299887293447,60.78193013948083,322.25005968684854,363.87748303040644,-41.62742334355789,0.007671660943504189,0.007898198740404656,183.3857421875,-0.08263305322128855,286445.0,0.9146607551187838,0.00496268217550444,-0.0150773300473388,-0.011029475746944017,0.006675923198833145,285600.0,0
2022-08-25,17679.0,17726.5,17487.44921875,17522.44921875,230200,-0.004686182219266755,-0.004697196795508722,0.013642543817116748,-0.008855183056168335,17590.809375,17483.9923828125,16569.91291015625,17403.262561758558,16945.67318233732,1.0021995454525194,1.0574858971051024,1.0551650136975663,-0.0007015087896889982,55.40133130354318,294.01441754128246,349.9048699325817,-55.89045239129922,0.007841962290260622,0.007621312432995917,187.48577008928572,-0.12137404580152666,287545.0,0.8005703455111374,0.001561611079505143,0.00496268217550444,-0.0150773300473388,0.0006826699360520383,262000.0,1
2022-08-26,17619.30078125,17685.849609375,17519.349609375,17558.900390625,266600,0.002080255529346653,0.002078094793881999,0.009482370552594354,-0.0034280810217665685,17550.899609375,17529.84736328125,16607.24791015625,17418.085212126793,16969.721308152522,1.0016573462815543,1.0573034427869752,1.0555540242499046,-0.0056684755294750255,56.945430676054734,271.4496698270523,334.2138299114758,-62.76416008442351,0.0074888561860761045,0.007468415191700805,175.84654017857142,0.15812337098175488,291615.0,0.9142190902388423,-0.004686182219266755,0.001561611079505143,0.00496268217550444,-0.011029475746944017,230200.0,0
2022-08-29,17188.650390625,17380.150390625,17166.19921875,17312.900390625,244900,-0.014009988924553851,-0.014109055185943692,0.012357904628785096,0.00722860708527577,17515.33984375,17549.01240234375,16646.29392578125,17408.067610079,16983.17931138674,0.9865455669922932,1.0400453378881729,1.0542293966805667,-0.021767811409494686,47.18751663855157,231.05336127798728,313.5817361847781,-82.52837490679082,0.00852253940467063,0.0075521669285798865,182.15373883928572,-0.08139534883720934,285045.0,0.8591625883632409,0.002080255529346653,-0.004686182219266755,0.001561611079505143,-0.0150773300473388,266600.0,1
2022-08-30,17414.94921875,17777.650390625,17401.5,17759.30078125,324700,0.02578426378902554,0.025457455427431688,0.021180472995993956,0.019773331416278263,17551.7,17579.06494140625,16695.60994140625,17441.518388285764,17013.615447459808,1.0102528684230079,1.063710810421231,1.0529154072897315,-0.003699764028554986,56.42420508424634,232.3810326209932,297.34159547202114,-64.96056285102793,0.012007595599114566,0.008937101371618832,201.84654017857142,0.3258472846059617,279475.0,1.1618212720279095,-0.014009988924553851,0.002080255529346653,-0.004686182219266755,0.00496268217550444,244900.0,0
2022-09-01,17485.69921875,17695.599609375,17468.44921875,17542.80078125,308500,-0.012190795272107646,-0.012265712506503565,0.012948353769586304,0.0032656150483687672,17539.2703125,17589.20244140625,16739.46294921875,17451.164330472835,17034.367813490797,0.9973619235829012,1.047990657434368,1.0507626496002467,-0.022372025509564297,50.19832907036496,213.50235880002947,280.57374813762283,-67.07138933759336,0.012265564359506298,0.00920365976421096,209.26450892857142,-0.049892208192177434,275825.0,1.1184627934378681,0.02578426378902554,-0.014009988924553851,0.002080255529346653,0.001561611079505143,324700.0,0
2022-09-02,17598.400390625,17643.849609375,17476.44921875,17539.44921875,256300,-0.0001910505934481499,-0.00019106884593758132,0.009544221630748008,-0.003349802855173383,17542.6703125,17598.90244140625,16777.4759375,17459.57241507066,17054.174927422533,0.9966217653143885,1.0454164430983854,1.0489600764123435,-0.023225616420237793,46.86835529560557,196.01093861209665,263.6611862325176,-67.65024762042094,0.012245354245276653,0.009205120629261768,208.03948102678572,-0.16920583468395467,271960.0,0.9424180026474481,-0.012190795272107646,0.02578426378902554,-0.014009988924553851,-0.004686182219266755,308500.0,1
2022-09-05,17546.44921875,17683.150390625,17540.349609375,17665.80078125,230300,0.007203850071011875,0.00717802628935595,0.008083459279217326,0.006802035044928739,17564.050390625,17612.7849609375,16822.52595703125,17479.213211849645,17078.16025502361,1.003010075943701,1.050127717227049,1.0469762392356987,-0.005217146855491128,49.189620805359276,190.1524185091621,248.95943268784652,-58.807014178684426,0.012158876510893648,0.00931627500869656,209.24665178571428,-0.10144362075692548,269205.0,0.8554818818372616,-0.0001910505934481499,-0.012190795272107646,0.02578426378902554,0.002080255529346653,256300.0,0
2022-09-06,17695.69921875,17764.650390625,17587.650390625,17655.599609375,251200,-0.0005774531254664206,-0.000577619915734608,0.010025148050254507,-0.0022660652670063062,17632.590234375,17626.46494140625,16864.50494140625,17496.011916375868,17100.80493558641,1.0016528934227933,1.0469088580256176,1.0451812847544202,0.00942789013535994,45.48575633759044,182.58166205661473,235.68387856160018,-53.10221650498545,0.011025261248918002,0.009317858384309114,211.82170758928572,0.09075119409465904,265515.0,0.9460859085174096,0.007203850071011875,-0.0001910505934481499,-0.012190795272107646,-0.014009988924553851,230300.0,0
2022-09-07,17519.400390625,17650.75,17484.30078125,17624.400390625,354100,-0.0017671004916441913,-0.0017686636555011566,0.009444248601985906,0.00599335580321503,17605.61015625,17637.8099609375,16903.00794921875,17508.239390113882,17121.338090685964,0.9992397258876132,1.0426783471659902,1.043471671664966,0.00266820598065709,41.07191728917495,172.0806284450009,222.96322853828033,-50.88260009327942,0.010958124777414579,0.009335166849632225,213.66099330357142,0.4096337579617835,265455.0,1.333936072027274,-0.0005774531254664206,0.007203850071011875,-0.0001910505934481499,0.02578426378902554,251200.0,1
2022-09-08,17748.150390625,17807.650390625,17691.94921875,17798.75,279800,0.009892512965589573,0.009843902383512463,0.0065005223330290044,0.002850979299889634,17656.8,17651.49248046875,16942.341953125,17535.90706724589,17147.903263600238,1.0083424967998704,1.0505483863591265,1.0418567001720178,0.011008312426348477,45.96207647497595,175.80052105333743,213.53068704129177,-37.73016598795434,0.011372070503016267,0.009446956450725767,218.43610491071428,-0.2098277322790172,266595.0,1.049532061741593,-0.0017671004916441913,-0.0005774531254664206,0.007203850071011875,-0.012190795272107646,354100.0,1
2022-09-09,17923.349609375,17925.94921875,17786.0,17833.349609375,270300,0.0019439347917691308,0.0019420477956010656,0.007847612580669008,-0.0050213828308590565,17715.580078125,17666.4224609375,16982.00494140625,17564.23492840104,17174.78351245415,1.0094488371262826,1.0501321646593664,1.0403025156271435,0.0177429756961327,52.09230154807073,179.4716248868972,206.71887461041285,-27.247249723515665,0.011188676407208787,0.009450342077517559,208.32896205357142,-0.03395282344531814,264475.0,1.02202476604594,0.009892512965589573,-0.0017671004916441913,-0.0005774531254664206,-0.0001910505934481499,279800.0,1
2022-09-12,17890.849609375,17980.55078125,17889.150390625,17936.349609375,228200,0.005775695663245095,0.005759080279283832,0.005095818971839548,0.002543199512233198,17769.68984375,17680.28994140625,17024.74994140625,17599.674421827134,17204.6488495883,1.0144827753853218,1.0535455540378673,1.0385051176819722,0.021496176318166693,63.71101782402873,188.51910937316643,203.0789215629636,-14.559812189797157,0.011260669421161275,0.009409664629580391,202.93610491071428,-0.15575286718460968,260325.0,0.8765965619898204,0.0019439347917691308,0.009892512965589573,-0.0017671004916441913,0.007203850071011875,270300.0,1
2022-09-13,18044.44921875,18088.30078125,18015.44921875,18070.05078125,259900,0.007454201929980142,0.007426556664034913,0.004031619134993957,0.0014188054281755189,17852.580078125,17698.8849609375,17070.54595703125,17644.472170343597,17238.5861802417,1.0209711414663514,1.058551426927682,1.036808371887335,0.04373330716065338,64.72890764076759,204.1248489991849,203.28810705020788,0.8367419489770214,0.009771435485033125,0.009522999632553797,193.7646484375,0.13891323400525857,258125.0,1.0068765133171913,0.005775695663245095,0.0019439347917691308,0.009892512965589573,-0.0005774531254664206,228200.0,0
2022-09-14,17771.150390625,18091.55078125,17771.150390625,18003.75,365900,-0.0036690976717561608,-0.003675845320864187,0.0177963141359439,0.013088607336174798,17928.45,17707.8099609375,17115.5799609375,17678.68910650135,17268.592604545946,1.016712402025735,1.0518924886617662,1.0346018073212613,0.013764574504424587,61.65466492538676,208.73640776316824,204.37776719279998,4.358640570368266,0.0065767927639390775,0.009464692207417748,207.7646484375,0.40784917275875343,276420.0,1.3237102959264886,0.007454201929980142,0.005775695663245095,0.0019439347917691308,-0.0017671004916441913,259900.0,0
2022-09-15,18046.349609375,18096.150390625,17861.5,17877.400390625,289600,-0.007017960667916379,-0.0070427023794097186,0.013125531984395889,-0.009361960862280515,17944.180078125,17704.46748046875,17156.4209765625,17697.613990703605,17292.4674196863,1.0097677555310278,1.0420238821982415,1.0319441044641502,0.01907332891408231,60.113975969324436,199.8915187789571,203.4805175100314,-3.588998731074298,0.0054917246163334035,0.009491332938206495,207.45033482142858,-0.20852691992347638,277760.0,1.042626728110599,-0.0036690976717561608,0.007454201929980142,0.005775695663245095,0.009892512965589573,365900.0,0
2022-09-16,17796.80078125,17820.05078125,17497.25,17530.849609375,468500,-0.019384853148544656,-0.019575203370476822,0.018413299323346847,-0.014943762934920054,17883.680078125,17683.1849609375,17190.8209765625,17681.73166867231,17301.815740850565,0.9913852989775874,1.0197796622555773,1.0286410977722515,-0.0004903009933634461,49.32075678722973,163.0387198593744,195.3921579799,-32.353438120525595,0.00875757844480991,0.010428367182559743,218.61467633928572,0.6177486187845305,287990.0,1.6267925969651724,-0.007017960667916379,-0.0036690976717561608,0.007454201929980142,0.0019439347917691308,289600.0,1
2022-09-19,17540.650390625,17667.19921875,17429.69921875,17622.25,258300,0.0052136885924867205,0.005200144374609497,0.013477280143001036,0.004652028719448896,17820.86015625,17676.375,17223.46998046875,17676.066747846377,17314.381790228974,0.9969380034085042,1.023153291408959,1.02629580566778,-0.002465259389555885,58.09707264754088,139.5986524952059,184.23345688296118,-44.63480438775528,0.008597085173449186,0.010249813692382434,220.29673549107142,-0.44866595517609387,286125.0,0.9027522935779817,-0.019384853148544656,-0.007017960667916379,-0.0036690976717561608,0.005775695663245095,468500.0,1
2022-09-20,17770.400390625,17919.30078125,17744.400390625,17816.25,263100,0.011008809885230342,0.010948654031257964,0.00981690258191258,0.002580111216806828,17770.1,17692.6525390625,17257.13697265625,17689.41753376577,17334.062896494503,1.0069858072815603,1.0323989447513604,1.0252368377846406,0.00909911836354138,51.71755680225065,135.1188429934191,174.4105341050528,-39.291691111633696,0.009292367299034227,0.009923776834164736,208.31821986607142,0.018583042973286945,284900.0,0.9234819234819235,0.0052136885924867205,-0.019384853148544656,-0.007017960667916379,0.007454201929980142,258300.0,0
2022-09-21,17766.349609375,17838.69921875,17663.599609375,17718.349609375,245500,-0.005495005437451739,-0.005510158516157929,0.009882388215342168,-0.0027017367695314977,17713.019921875,17699.69501953125,17287.09197265625,17692.172969538078,17349.132963666285,1.001053949789709,1.0249468006186864,1.0238676954763493,0.005330633477889757,55.70239271969638,122.25948708896249,163.98032470183475,-41.72083761287226,0.009485337677992393,0.009975814895794325,204.60030691964286,-0.06689471683770432,282895.0,0.8678131462203291,0.011008809885230342,0.0052136885924867205,-0.019384853148544656,-0.0036690976717561608,263100.0,0
2022-09-22,17609.650390625,17722.75,17532.44921875,17629.80078125,284100,-0.004997577656902563,-0.005010107310831895,0.01079426725300223,0.0011442811287001834,17663.5,17700.93759765625,17315.36798828125,17686.23276112969,17360.139544748,0.995981183707711,1.018159174738969,1.022267479942439,-0.009492195730037234,52.78098398499495,103.72749845767612,151.92975945300304,-48.202260995326924,0.00901648783281972,0.010043517285415431,206.23604910714286,0.1572301425661915,284000.0,1.0003521126760564,-0.005495005437451739,0.011008809885230342,0.0052136885924867205,-0.007017960667916379,245500.0,0
2022-09-23,17593.849609375,17642.150390625,17291.650390625,17327.349609375,390800,-0.017155677232420508,-0.01730454089090743,0.020228136899272883,-0.01514733875285564,17622.8,17691.1826171875,17340.748984375,17652.05341334353,17358.85366492945,0.9794342178425638,0.9992272897201803,1.0202086791711396,-0.02837380587963101,40.60146461101897,63.898895380938484,134.32358663859014,-70.42469125765166,0.010293433429495192,0.01073064278938693,221.00739397321428,0.3755719816965857,292030.0,1.3382186761634078,-0.004997577656902563,-0.005495005437451739,0.011008809885230342,-0.019384853148544656,284100.0,0
2022-09-26,17156.30078125,17196.400390625,16978.30078125,17016.30078125,492000,-0.017951321762256445,-0.018114401349380974,0.012817098861776151,-0.008160267285183355,17501.61015625,17664.05263671875,17361.7419921875,17591.505543620337,17345.420218510648,0.9633293747029349,0.9801033092708702,1.0174124603779553,-0.05129521046155938,34.78874299783348,7.152944910492806,108.88945829297067,-101.73651338247787,0.0108224443754208,0.01139853279538923,223.94308035714286,0.2589559877175025,303300.0,1.62215628090999,-0.017155677232420508,-0.004997577656902563,-0.005495005437451739,0.0052136885924867205,390800.0,0
2022-09-27,17110.900390625,17176.44921875,16942.349609375,17007.400390625,359900,-0.0005230508522044985,-0.0005231876910193474,0.013764573303280545,-0.00604877578836864,17339.840234375,17648.77763671875,17383.1169921875,17535.876481430307,17332.164538985722,0.9636588289967829,0.9783861201802094,1.0152826817336986,-0.05880727196005653,35.16186002818225,-38.097650806070305,79.49203647316249,-117.58968727923279,0.010051008573705332,0.011010112367866642,228.77525111607142,-0.26849593495934965,309050.0,1.1645364827697784,-0.017951321762256445,-0.017155677232420508,-0.004997577656902563,0.011008809885230342,492000.0,0
2022-09-28,16870.55078125,17037.599609375,16820.400390625,16858.599609375,323900,-0.00874917846539458,-0.008787677246935572,0.012883586050007166,-0.0007084043686518274,17167.890234375,17603.742578125,17399.30498046875,17471.373922186944,17313.5933652755,0.957671332363384,0.9689237373733773,1.011749756549801,-0.06360621485107265,27.109173412312316,-84.98638326712899,46.596352525104194,-131.58273579223317,0.010046228670074287,0.009213165357531593,231.2001953125,-0.10002778549597113,309010.0,1.0481861428432737,-0.0005230508522044985,-0.017951321762256445,-0.017155677232420508,-0.005495005437451739,359900.0,0
2022-09-29,16993.599609375,17026.05078125,16788.599609375,16818.099609375,340000,-0.0024023347691036756,-0.0024052250050792126,0.014118787341623092,-0.010327417618053121,17005.55,17567.50751953125,17410.09697265625,17409.15732096676,17294.16223759313,0.9573412500707302,0.9659968945485471,1.0090413365946338,-0.05925362514146648,25.351466181100875,-123.98483310679512,12.48011539872433,-136.46494850551946,0.010128778952892463,0.008928264348967659,238.16462053571428,0.04970669959864149,310585.0,1.0947083729091875,-0.00874917846539458,-0.0005230508522044985,-0.017951321762256445,-0.004997577656902563,323900.0,1
2022-09-30,16798.05078125,17187.099609375,16747.69921875,17094.349609375,376100,0.01642575596626905,0.016292312526781774,0.025704422845313813,0.017638881557360753,16958.95,17545.2525390625,17425.17296875,17379.175634148494,17286.326448251242,0.9743005734067596,0.9810146298135293,1.006891155142497,-0.024898964381428024,31.14393287284892,-131.0892045412147,-16.23374858926348,-114.85545595195123,0.011131048912322965,0.009829927720550628,259.03599330357144,0.10617647058823532,316575.0,1.1880281134012478,-0.0024023347691036756,-0.00874917846539458,-0.0005230508522044985,-0.017155677232420508,340000.0,0
2022-10-03,17102.099609375,17114.650390625,16855.55078125,16887.349609375,278400,-0.012109264448790458,-0.012183178897324074,0.015342822607945597,-0.012556937738935792,16933.159765625,17506.32998046875,17432.50296875,17332.335060360543,17270.680297707077,0.9646424823601334,0.9687277632849249,1.004235020745506,-0.041702982912227404,24.356024064241325,-151.67423396087543,-43.32184566358587,-108.35238829728956,0.011148549131934889,0.009905654564264241,266.689453125,-0.25977133741026326,318980.0,0.872781992601417,0.01642575596626905,-0.0024023347691036756,-0.00874917846539458,-0.017951321762256445,376100.0,1
2022-10-04,17147.44921875,17287.30078125,17117.30078125,17274.30078125,226000,0.02291367093271912,0.022655095268550494,0.009841208750082821,0.007397692851091419,16986.53984375,17487.2650390625,17445.883984375,17326.80798615954,17270.82227745386,0.98782175158112,0.9901648318148468,1.00237196663262,-0.030418815337121985,36.11446961213402,-135.20572496390378,-61.69862152364946,-73.50710344025433,0.01332508336419075,0.011366964413665154,272.3716517857143,-0.18821839080459768,317720.0,0.7113181417600403,-0.012109264448790458,0.01642575596626905,-0.0024023347691036756,-0.0005230508522044985,278400.0,1
2022-10-06,17379.25,17428.80078125,17315.650390625,17331.80078125,265500,0.0033286441360573793,0.0033231164632058175,0.006528484376961514,-0.002730222463570062,17081.180078125,17472.63505859375,17458.131015625,17327.28349045387,17273.213591328218,0.9919397230657271,0.9927638167990643,1.0008307901318743,-0.021816299861273314,39.334603446103564,-116.17534640543454,-72.59396650000647,-43.581379905428065,0.013439051979657961,0.011407950306930549,266.64662388392856,0.1747787610619469,313290.0,0.847457627118644,0.02291367093271912,-0.012109264448790458,0.01642575596626905,-0.00874917846539458,226000.0,0
2022-10-07,17287.19921875,17337.349609375,17216.94921875,17314.650390625,216300,-0.0009895331040011834,-0.0009900230150986376,0.006953671481013019,0.001587947910337377,17180.490234375,17448.430078125,17471.8040234375,17326.080338089214,17274.838563849662,0.9923328524743485,0.9910053001623824,0.9986621905052766,-0.017876004076017415,45.149008450911616,-101.30969241198181,-78.33711168240154,-22.972580729580272,0.013405930544584034,0.011127861877012615,252.189453125,-0.18531073446327684,310115.0,0.6974831917192009,0.0033286441360573793,0.02291367093271912,-0.012109264448790458,-0.0024023347691036756,265500.0,0
2022-10-10,17094.349609375,17280.150390625,17064.69921875,17241.0,234000,-0.00425364584114718,-0.004262718329192525,0.01249644289049359,0.008578880973896369,17209.8203125,17418.81259765625,17486.94703125,17317.977448747384,17273.511561345756,0.9897919220004596,0.9859353933645203,0.9961036976053058,-0.004983428586693983,41.37697971646519,-94.38353092951002,-81.54639553182324,-12.83713539768678,0.012320869398684823,0.011116894107080763,250.61453683035714,0.08183079056865461,308300.0,0.7590009730781706,-0.0009895331040011834,0.0033286441360573793,0.02291367093271912,0.01642575596626905,216300.0,0
2022-10-11,17256.05078125,17261.80078125,16950.30078125,16983.55078125,282600,-0.014932383199930399,-0.015044993668578569,0.01834127645108813,-0.015791562244131304,17229.060546875,17371.17265625,17493.78203125,17286.12728993811,17262.14055036161,0.9776859120181194,0.970833565372625,0.9929912597069647,-0.0019246251239333212,31.69168799491557,-108.41871495686792,-86.92085941683217,-21.497855540035744,0.01186301188803161,0.011354084656491823,251.64662388392858,0.20769230769230762,311020.0,0.9086232396630441,-0.00425364584114718,-0.0009895331040011834,0.0033286441360573793,-0.012109264448790458,234000.0,1
2022-10-12,17025.55078125,17142.349609375,16960.05078125,17123.599609375,256000,0.008246145339619648,0.008212331644389038,0.010646057621272178,0.005758922538528374,17198.9203125,17323.85009765625,17497.66203125,17270.648463217814,17256.707572283707,0.9884407630432948,0.9786221484214894,0.9900665624194059,0.006832273956109969,37.16135995682677,-107.00741455856769,-90.93817044517928,-16.069244113388407,0.012154025192052498,0.011392371374400601,252.16085379464286,-0.09412597310686488,310825.0,0.8236145741172686,-0.014932383199930399,-0.00425364584114718,-0.0009895331040011834,0.02291367093271912,282600.0,0
2022-10-13,17087.349609375,17112.349609375,16956.94921875,17014.349609375,266400,-0.006380083772817624,-0.0064005234917517235,0.009133489918378868,-0.004272166349306064,17135.430078125,17274.380078125,17494.7840234375,17246.239048566116,17247.20333844415,0.9849470448390051,0.9725384198273685,0.9874017338529456,0.0092386084021705,36.832177341103645,-113.39733687262196,-95.43000373066782,-17.967333141954143,0.01196943185150888,0.011421037251198486,249.66796875,0.04062499999999991,305850.0,0.8710152035311427,0.008246145339619648,-0.014932383199930399,-0.00425364584114718,0.0033286441360573793,256000.0,1
2022-10-14,17322.30078125,17348.55078125,17169.75,17185.69921875,227000,0.010070888003887335,0.010020514532698735,0.01040404460558254,-0.007885878684652573,17109.63984375,17239.79501953125,17491.6969921875,17240.47335048839,17244.791412181632,0.9968621552216853,0.982506112838899,0.9855987687890571,0.02185738091181766,46.7892101523382,-103.44249421271888,-97.03250182707804,-6.409992385640848,0.012228098300754874,0.011722810716083908,248.50376674107142,-0.14789789789789787,302720.0,0.7498678646934461,-0.006380083772817624,0.008246145339619648,-0.014932383199930399,-0.0009895331040011834,266400.0,1
2022-10-17,17144.80078125,17328.55078125,17098.55078125,17311.80078125,212200,0.007337586960815656,0.007310797834822186,0.01328573514137868,0.009740562292367697,17123.8,17228.842578125,17491.0240234375,17247.266439132356,17247.41923057647,1.0048150769704245,0.9897534162695479,0.9850105148239929,0.012720646110791156,57.31109053621236,-84.40490031435911,-94.50698152453427,10.102081210175157,0.011375014486992255,0.011124343618207567,249.35379464285714,-0.06519823788546253,289905.0,0.7319639192149152,0.010070888003887335,-0.006380083772817624,0.008246145339619648,-0.00425364584114718,227000.0,1
2022-10-18,17438.75,17527.80078125,17434.05078125,17486.94921875,239500,0.010117285874136073,0.010066448739082915,0.00536114097589296,0.002763914773134542,17224.4796875,17222.0775390625,17493.0,17270.09337052451,17256.81256344602,1.0153797751221785,0.9996541027125135,0.9845125215264676,0.03550584450754379,60.96286817268117,-54.55557218527974,-86.51669965668336,31.961127471403614,0.010602246198779027,0.01131020968473857,248.06096540178572,0.1286522148916116,288965.0,0.8288200993199869,0.007337586960815656,0.010070888003887335,-0.006380083772817624,-0.014932383199930399,212200.0,1
2022-10-19,17568.150390625,17607.599609375,17472.849609375,17512.25,210500,0.0014468379208691928,0.0014457922593648584,0.007694613770360748,-0.0031819166720493505,17302.209765625,17206.8775390625,17495.605,17293.155906665033,17266.829717820685,1.017747116537806,1.0009513817898839,0.9834971433718641,0.013774752550810954,65.83723661707627,-28.529334580613067,-74.91922664146931,46.38989206085624,0.008188887129540726,0.011004481846184824,242.17173549107142,-0.12108559498956162,286335.0,0.7351528803674018,0.010117285874136073,0.007337586960815656,0.010070888003887335,0.008246145339619648,239500.0,1
2022-10-20,17423.099609375,17584.150390625,17421.0,17563.94921875,249600,0.0029521745492440132,0.0029478254394111857,0.0092889354548368,0.008084073014150239,17412.1296875,17199.15751953125,17498.933984375,17318.94574591122,17278.48146295517,1.0212098586110683,1.003715382573193,0.9828688727489674,0.013394363368816498,67.97358242267183,-3.689132858089579,-60.673207884793364,56.984075026703785,0.008179786680512403,0.010978882152172872,236.86453683035714,0.18574821852731582,286540.0,0.8710825713687443,0.0014468379208691928,0.010117285874136073,0.007337586960815656,-0.006380083772817624,210500.0,1
2022-10-21,17622.849609375,17670.150390625,17520.75,17576.30078125,277700,0.0007032337856462956,0.0007029866326317706,0.008500104344161938,-0.002641390533131314,17490.25,17196.48251953125,17499.9580078125,17343.455749276818,17290.16065190791,1.0220869739661795,1.0043624546643724,0.9826585019149321,0.015111502959751943,63.30657555432605,16.799914877312403,-45.17858333237221,61.978498209684616,0.008143861737629191,0.010927855645209936,216.15025111607142,0.1125801282051282,286220.0,0.9702326881419887,0.0029521745492440132,0.0014468379208691928,0.010117285874136073,0.010070888003887335,249600.0,1
2022-10-24,17736.349609375,17777.55078125,17707.400390625,17730.75,45000,0.008787356376761757,0.008748972260095097,0.003956425454366003,-0.0003157137459694741,17574.03984375,17216.6525390625,17503.8780078125,17380.34091601236,17307.438665558584,1.029860477219429,1.0129612416223561,0.9835907523680294,0.028406124934748478,73.98203489721772,44.98187098194467,-27.146492469508836,72.12836345145351,0.008160301101177868,0.01031100322661496,212.01813616071428,-0.8379546272956427,268930.0,0.16732978842077864,0.0007032337856462956,0.0029521745492440132,0.0014468379208691928,0.007337586960815656,277700.0,0
2022-10-25,17808.30078125,17811.5,17637.0,17656.349609375,251400,-0.004196122026705051,-0.004204950452158822,0.009883130084111251,-0.00853260362914503,17607.919921875,17248.65498046875,17503.825,17406.627458237374,17321.121447669033,1.0236363142151024,1.00871378737933,0.9854220423518144,0.03961473291367179,63.211914491236364,60.61406331056787,-9.594381313493496,70.20844462406137,0.0059457500662283115,0.009369277384162107,195.91448102678572,4.586666666666667,256900.0,0.9785908913974309,0.008787356376761757,0.0007032337856462956,0.0029521745492440132,0.010117285874136073,45000.0,1
2022-10-27,17771.400390625,17783.900390625,17654.5,17736.94921875,324600,0.004564907874966551,0.0045545202832827395,0.007295526926818332,-0.0019385738387377807,17652.859765625,17285.132421875,17504.6009765625,17438.08667352429,17337.428419083975,1.0261390416831986,1.013273552621885,0.9874622360725988,0.035818964666704645,63.79041672539097,78.6003473550918,8.044564420223564,70.55578293486823,0.005759553777570805,0.00937049064728263,194.12165178571428,0.29116945107398573,255135.0,1.2722676230231054,-0.004196122026705051,0.008787356376761757,0.0007032337856462956,0.0014468379208691928,251400.0,1
2022-10-28,17756.400390625,17838.900390625,17723.69921875,17786.80078125,250000,0.002810605244745412,0.0028066628790527496,0.006476778668170591,0.0017120807120935815,17697.430078125,17331.54248046875,17503.8319921875,17471.29754092674,17355.050864659115,1.0262676158971014,1.0161661051813566,0.9901570403671808,0.045399982344865863,65.72104910612671,95.77319770502072,25.590291077182997,70.18290662783772,0.004620978698391438,0.00901329595101733,193.75027901785714,-0.2298213185459026,251440.0,0.9942729875914731,0.004564907874966551,-0.004196122026705051,0.008787356376761757,0.0029521745492440132,324600.0,1
2022-10-31,17910.19921875,18022.80078125,17899.900390625,18012.19921875,227200,0.012672230395564199,0.012592609626880552,0.006823175178801346,0.005695079030344747,17784.609765625,17391.2474609375,17505.1909765625,17522.811986433717,17380.821388348955,1.0357048428646203,1.0289633082476124,0.993490872748686,0.048092311489908335,73.32163867035226,126.11677977171712,45.695588816089824,80.4211909556273,0.00502043105863241,0.00919012768772927,195.21805245535714,-0.09119999999999995,245800.0,0.9243287225386493,0.002810605244745412,0.004564907874966551,-0.004196122026705051,0.0007032337856462956,250000.0,1
2022-11-01,18130.69921875,18175.80078125,18060.150390625,18145.400390625,349900,0.007395053222392978,0.007367843877008389,0.006373537543142444,0.0008108441763678188,17867.53984375,17443.8,17508.968984375,17582.10612016622,17410.80487863429,1.040220616529942,1.0363488796409401,0.9962779656281786,0.04815210271353476,87.99003735990037,159.07874775392338,68.37222060365654,90.70652715026684,0.005023762153751607,0.008738270340354586,184.65387834821428,0.5400528169014085,244490.0,1.4311423780113706,0.012672230395564199,0.002810605244745412,0.004564907874966551,0.008787356376761757,227200.0,0
2022-11-02,18177.900390625,18178.75,18048.650390625,18082.849609375,270900,-0.003447197631545107,-0.0034531529072475455,0.007194640899272327,-0.005228919688602823,17952.83984375,17503.575,17515.4569921875,17629.79597628134,17437.159573957455,1.0330946454867076,1.032393823206587,0.9993216281942972,0.034076864018456554,83.03993563369329,178.1009823097338,90.317972944872,87.78300936486181,0.005234697027406848,0.008138221860867148,180.92536272321428,-0.225778793941126,244115.0,1.1097228765131188,0.007395053222392978,0.012672230395564199,0.002810605244745412,-0.004196122026705051,349900.0,0
2022-11-03,17968.349609375,18106.30078125,17959.19921875,18052.69921875,213000,-0.0016673473084335422,-0.001668738878993079,0.008148452523222483,0.004694343732659261,18015.98984375,17542.494921875,17526.6969921875,17670.07247556407,17461.29838355716,1.029083907343122,1.0300114862941354,1.0009013637706263,0.030861209653242794,87.82549053926947,188.5696422416695,109.9683068042315,78.601335437438,0.005448912773571523,0.00682373690201922,180.33258928571428,-0.21373200442967888,243465.0,0.8748690776908385,-0.003447197631545107,0.007395053222392978,0.012672230395564199,0.004564907874966551,270900.0,1
2022-11-04,18053.400390625,18135.099609375,18017.150390625,18117.150390625,267900,0.003570168155688336,0.0035638102334325083,0.0065103626236405615,0.0035311907242197385,18082.059765625,17581.76240234375,17537.49,17712.65132461749,17487.018070108843,1.030451326552444,1.0330526426886057,1.0025244434832892,0.03149640009687804,86.79721920017283,199.76404601607283,127.92745464659978,71.83659136947304,0.005451243068130689,0.006826026813033708,164.88602120535714,0.25774647887323954,243585.0,1.0998214175749739,-0.0016673473084335422,-0.003447197631545107,0.007395053222392978,0.002810605244745412,213000.0,1
2022-11-07,18211.75,18255.5,18064.75,18202.80078125,314800,0.004727586225111935,0.0047164462855731094,0.010479156603003872,-0.0004913980671819018,18120.180078125,17626.169921875,17549.44703125,17759.33222524916,17515.087980349672,1.0327144729643942,1.037229306931243,1.0043718124273875,0.03564458800502179,86.36131763865686,213.09058673230538,144.96008106374092,68.13050566856447,0.005402596282069357,0.006804201222293529,162.08244977678572,0.17506532288167231,248510.0,1.266749828980725,0.003570168155688336,-0.0016673473084335422,-0.003447197631545107,0.012672230395564199,267900.0,0
2022-11-09,18288.25,18296.400390625,18117.5,18157.0,307200,-0.002516139235956394,-0.0025193100341803654,0.00985297078950267,-0.007176739163123864,18122.5,17671.969921875,17562.138046875,17797.205346654002,17540.26100072812,1.0274462937787492,1.0338718413177972,1.0062539011313343,0.02404015622576594,80.5720416769148,217.4496023306965,159.45798531713203,57.99161701356448,0.005361690490597838,0.006723678314936412,159.43247767857142,-0.02414231257941546,252170.0,1.2182258000555182,0.004727586225111935,0.003570168155688336,-0.0016673473084335422,0.007395053222392978,314800.0,0
2022-11-10,18044.349609375,18103.099609375,17969.400390625,18028.19921875,256500,-0.007093725904609771,-0.007119006002546902,0.007416116114966592,-0.0008950386672074349,18111.569921875,17724.20234375,17571.5240234375,17819.204763044097,17559.395832807408,1.0171515123278423,1.0259895040807712,1.0086889628986564,0.02106039003541027,71.50943703486573,208.112021149027,169.188792483511,38.92322866551598,0.0058187828067468705,0.005799759144299101,159.357421875,-0.1650390625,250865.0,1.0224622805094374,-0.002516139235956394,0.004727586225111935,0.003570168155688336,-0.003447197631545107,307200.0,1
2022-11-11,18272.349609375,18362.30078125,18259.349609375,18349.69921875,378500,0.017833173247033374,0.01767602773148285,0.005610510049658086,0.004233150690993468,18170.969921875,17785.50732421875,17592.26,17869.728044539897,17590.388122452216,1.031722001753809,1.0430552537735347,1.0109847924154571,0.03454652727720808,76.74153957416034,224.07132909900974,180.16529980661076,43.90602929239898,0.007634062118106974,0.0065820242559494965,171.56821986607142,0.4756335282651072,256990.0,1.4728199540838165,-0.007093725904609771,-0.002516139235956394,0.004727586225111935,-0.0016673473084335422,256500.0,0
2022-11-14,18376.400390625,18399.44921875,18311.400390625,18329.150390625,301400,-0.0011198455015547504,-0.0011204729970374992,0.004803759380469443,-0.002571232613330808,18213.369921875,17851.24736328125,17603.6569921875,17913.48255369086,17619.359191792326,1.026771408048872,1.0412126525050716,1.014064712304019,0.03049168965487703,75.4796702824545,232.38231822251691,190.608703489792,41.77361473272492,0.007767608083145036,0.006264008054141781,167.18596540178572,-0.20369881109643329,258740.0,1.1648759372342892,0.017833173247033374,-0.007093725904609771,-0.002516139235956394,0.003570168155688336,378500.0,1
2022-11-15,18362.75,18427.94921875,18282.0,18403.400390625,250900,0.004050924260950772,0.00404274135870096,0.00793055716074889,0.00221374198445222,18253.48984375,17912.132421875,17620.868984375,17960.141395303635,17650.10590547204,1.0274265485079845,1.0444093538714745,1.0165294593449548,0.021718678942201253,74.07215839114943,242.16862231389314,200.92068725461223,41.247935059280906,0.007030429098291777,0.00608778080888658,163.23590959821428,-0.16755142667551426,259935.0,0.9652413103275819,-0.0011198455015547504,0.017833173247033374,-0.007093725904609771,0.004727586225111935,301400.0,1
2022-11-16,18398.25,18442.150390625,18344.150390625,18409.650390625,219300,0.0003396111515991951,0.000339553496785159,0.005323295006726792,0.0006196453806747924,18304.019921875,17967.02490234375,17638.2730078125,18002.95177581043,17679.891963713333,1.0246354357878977,1.0437331581425708,1.018638553467544,0.014562919214311076,78.34080387978544,247.5747736981466,210.25150454331913,37.32326915482747,0.006798162504933529,0.006052931827266401,157.77162388392858,-0.12594659226783578,260290.0,0.8425218026047869,0.004050924260950772,-0.0011198455015547504,0.017833173247033374,-0.002516139235956394,250900.0,0
2022-11-17,18358.69921875,18417.599609375,18312.94921875,18343.900390625,200500,-0.00357149639481924,-0.0035778894143715548,0.005704914897950688,-0.000806093500888437,18367.16015625,18009.8724609375,17651.835,18035.423072459438,17705.931509866732,1.0185469347665839,1.0392064275824582,1.02028329977804,0.01443637407207432,73.09284280081505,243.74398320207183,216.95000027506967,26.793982927002162,0.00680825706427199,0.005991992921749406,156.00376674107142,-0.0857273141814866,258340.0,0.7761090036386158,0.0003396111515991951,0.004050924260950772,-0.0011198455015547504,-0.007093725904609771,219300.0,0
2022-11-18,18382.94921875,18394.599609375,18209.80078125,18307.650390625,198800,-0.00197613371355454,-0.001978088841936149,0.0100940767483539,-0.004096123381997796,18358.750390625,18049.64248046875,17664.876015625,18061.3494837133,17729.52832872,1.014294350175381,1.0363871433024183,1.0217814415738562,0.014122606751803657,70.02416340408149,235.073204514807,220.57464112301716,14.498563391789844,0.006824601308438673,0.006068870533151952,160.97502790178572,-0.008478802992518686,257755.0,0.7712750480107079,-0.00357149639481924,0.0003396111515991951,0.004050924260950772,0.017833173247033374,200500.0,0
2022-11-21,18246.400390625,18262.30078125,18133.349609375,18159.94921875,213800,-0.008067729540576885,-0.008100449774708418,0.007100855311966344,-0.004737985028511082,18324.91015625,18079.44248046875,17675.5869921875,18070.739934669175,17746.407579309413,1.004452943632981,1.027402893424506,1.0228482080091459,0.0023623377408814594,56.041188177006305,213.818532806672,219.22341945974813,-5.404886653076119,0.007387701278749806,0.006487606217571073,153.32868303571428,0.07545271629778671,255965.0,0.8352704471314437,-0.00197613371355454,-0.00357149639481924,0.0003396111515991951,-0.0011198455015547504,198800.0,1
2022-11-22,18179.150390625,18261.849609375,18137.69921875,18244.19921875,177700,0.00463933015368867,0.004628601630860599,0.0068049240822478894,0.003578210572400882,18293.069921875,18112.83740234375,17684.4959765625,18087.259866486394,17765.92882007179,1.0072524151511044,1.0316493748495452,1.0242212967985596,0.002274289434768928,54.20812958892851,201.45013152187312,215.66876187217315,-14.218630350300032,0.007381831617659613,0.0065161785374688785,150.5107421875,-0.16884939195509818,250965.0,0.7080668619130157,-0.008067729540576885,-0.00197613371355454,-0.00357149639481924,0.004050924260950772,213800.0,1
2022-11-23,18325.19921875,18325.400390625,18246.0,18267.25,178800,0.0012634580983039712,0.0012626606067816233,0.004346597907457335,-0.003162269509774685,18264.58984375,18139.66240234375,17693.173984375,18104.40178396388,17785.58847418662,1.007033625809914,1.0324461860902951,1.025235066266971,0.006072038332323615,58.12763100126546,191.30286940105725,210.79558337794998,-19.49271397689273,0.007322125487546936,0.006311724141310277,147.01799665178572,0.006190208216094506,257655.0,0.6939512138324504,0.00463933015368867,-0.008067729540576885,-0.00197613371355454,0.0003396111515991951,177700.0,1
2022-11-24,18326.099609375,18529.69921875,18294.25,18484.099609375,204000,0.011870949889830174,0.011801042862214367,0.012737932803098609,0.008621583608504051,18292.6296875,18181.04990234375,17704.128984375,18140.56348162208,17812.98106772342,1.016668438217761,1.0440558598329448,1.026938400549932,0.025288182424279215,66.32727434007731,198.47118991863317,208.33070468608662,-9.859514767453447,0.007545433204783511,0.006561369596530757,155.25711495535714,0.14093959731543615,255285.0,0.7991068805452729,0.0012634580983039712,0.00463933015368867,-0.008067729540576885,-0.00357149639481924,178800.0,1
2022-11-25,18528.44921875,18534.900390625,18445.099609375,18512.75,205900,0.0015500019600884762,0.0015488019469054911,0.004850753197120903,-0.0008473034394110577,18333.649609375,18219.83994140625,17712.98296875,18176.00981670569,17840.422986636226,1.0160764342351924,1.0451514593934281,1.028614998024357,0.008885746807413275,65.38935531664325,204.111116756696,207.48678710020852,-3.3756703435125246,0.005342716078802227,0.006541181634711039,153.24651227678572,0.009313725490196045,249350.0,0.8257469420493283,0.011870949889830174,0.0012634580983039712,0.00463933015368867,-0.00197613371355454,204000.0,1
2022-11-28,18430.55078125,18614.25,18365.599609375,18562.75,206500,0.0027008413120686026,0.0026972005940332764,0.013395126833308643,0.007172830607129255,18414.209765625,18258.63740234375,17724.16296875,18212.842215114673,17868.749536179905,1.0166558210755208,1.047313209245962,1.0301551297252287,0.012744704713344657,64.40197429910194,210.19241423088897,208.02791252634464,2.1645017045443353,0.005319867307019294,0.006540640667576348,157.38225446428572,0.0029140359397765714,247175.0,0.8354404773945585,0.0015500019600884762,0.011870949889830174,0.0012634580983039712,-0.008067729540576885,205900.0,1
2022-11-29,18552.44921875,18678.099609375,18552.150390625,18618.05078125,195300,0.00297912654375021,0.0029746977400658824,0.006764898228596617,0.003536005501295209,18488.980078125,18288.92998046875,17738.9759765625,18251.433507127564,17898.133898731674,1.0179956291118577,1.0495561190143654,1.0310025789895017,0.011663626616217337,68.30798249070091,216.9730667194308,209.81694336496187,7.156123354468917,0.00526840761159793,0.006067766999291683,153.60002790178572,-0.05423728813559325,245580.0,0.7952602003420474,0.0027008413120686026,0.0015500019600884762,0.011870949889830174,0.00463933015368867,206500.0,1
2022-11-30,18625.69921875,18816.05078125,18616.55078125,18758.349609375,345600,0.007535634625419174,0.007507383568474861,0.010635263984007121,0.007121901254126576,18587.2,18319.57744140625,17763.5259765625,18299.711231151126,17931.86784816867,1.0239509982897874,1.0560037255061345,1.0313029893714465,0.018941110306340825,78.73136450482882,231.00484550852343,214.0545237936742,16.950321714849224,0.0056202904477270525,0.00607475887419389,158.30008370535714,0.7695852534562213,245365.0,1.4085138467181546,0.00297912654375021,0.0027008413120686026,0.0015500019600884762,0.0012634580983039712,195300.0,1
2022-12-01,18871.94921875,18887.599609375,18778.19921875,18812.5,325000,0.002886735334004964,0.0028825767148602448,0.005815303156146179,-0.003150136642532661,18652.880078125,18356.0599609375,17787.3309765625,18348.54825675578,17966.402442358136,1.0248659047766147,1.0576347865111586,1.0319738236795832,0.025545254792949335,73.06391014035702,243.68555981754616,219.98073099844862,23.704828819097543,0.005284972293142845,0.005958102181462163,143.66782924107142,-0.05960648148148151,248070.0,1.3101140807030274,0.007535634625419174,0.00297912654375021,0.0027008413120686026,0.011870949889830174,345600.0,0
2022-12-02,18752.400390625,18781.94921875,18639.19921875,18696.099609375,254400,-0.006187396179402005,-0.006206617442539312,0.007635282384162054,-0.003002323973316333,18689.55,18388.22998046875,17804.92796875,18381.64838557666,17995.01801753527,1.016742754970612,1.0500519655114093,1.0327607060664623,0.021217863049696195,66.6923730289321,241.55804773267664,224.29619434529423,17.261853387382416,0.005826491708789136,0.006186314256252406,147.57505580357142,-0.21723076923076923,250140.0,1.0170304629407532,0.002886735334004964,0.007535634625419174,0.00297912654375021,0.0015500019600884762,325000.0,1
2022-12-05,18719.55078125,18728.599609375,18591.349609375,18701.05078125,288400,0.00026482378562620035,0.0002647887259970962,0.007339159794037309,-0.0009882715785322206,18717.21015625,18417.425,17824.5819921875,18412.06766135507,18022.70557689663,1.0153998607975872,1.0491719126679466,1.0332598547372578,0.029796424867824856,64.45110329328541,237.53336054814645,226.9436275858647,10.589732962281744,0.004688757429375392,0.006179411774694486,146.95368303571428,0.13364779874213828,251165.0,1.1482491589194355,-0.006187396179402005,0.002886735334004964,0.007535634625419174,0.0027008413120686026,254400.0,0
2022-12-06,18600.650390625,18654.900390625,18577.900390625,18642.75,217800,-0.0031175136590962937,-0.0031223832280691255,0.004130291936543696,0.002263340716097692,18722.15,18439.4224609375,17844.8409765625,18434.037407892683,18047.021044469315,1.011026784569486,1.0447137088240506,1.0333195171173521,0.021845342537172074,60.77265383122569,227.02240814661127,226.95938369801402,0.06302444859724687,0.0050076952894247155,0.006218879675359367,145.45368303571428,-0.2447988904299584,246315.0,0.8842336033128312,0.00026482378562620035,-0.006187396179402005,0.002886735334004964,0.00297912654375021,288400.0,0
2022-12-07,18638.849609375,18668.30078125,18528.400390625,18560.5,200500,-0.004411902750398933,-0.004421663914122268,0.0075375335052935,-0.004203564652165635,18682.580078125,18459.5974609375,17869.503984375,18446.08146428386,18067.15747409797,1.0054661288945232,1.038669009292547,1.0330223758353045,0.016053319465163085,59.85973971474956,209.63892796710206,223.49529255183165,-13.85636458472959,0.005426136111706173,0.006292774636463895,147.97154017857142,-0.07943067033976126,240980.0,0.8320192547099344,-0.0031175136590962937,0.00026482378562620035,-0.006187396179402005,0.007535634625419174,217800.0,1
2022-12-08,18570.849609375,18625.0,18536.94921875,18609.349609375,202800,0.002631912360927746,0.0026284549446723396,0.004731534583328042,0.0020731415530156625,18641.95,18488.65498046875,17901.3649609375,18461.6308114354,18088.419910775505,1.006528037276576,1.0395491991801962,1.0328069966068383,0.006776094191597748,63.57777488687385,197.52717953766114,218.30166994899758,-20.774490411336444,0.004128940064146052,0.005993130638058058,141.06096540178572,0.011471321695760706,238295.0,0.8510459724291319,-0.004411902750398933,-0.0031175136590962937,0.00026482378562620035,0.002886735334004964,200500.0,0
2022-12-09,18662.400390625,18664.69921875,18410.099609375,18496.599609375,215800,-0.006058782405979346,-0.006077211303593385,0.013764671061266645,-0.008884215201667708,18602.05,18496.0,17931.1489453125,18464.961173143933,18104.426957779408,1.0000324183269356,1.0315345472722939,1.031501107732149,-0.0008723928441209949,65.6428388623786,176.79259396431007,209.9998547520601,-33.207260787750016,0.004624229370503728,0.004888634650325723,150.03585379464286,0.0641025641025641,230160.0,0.9376086200903719,0.002631912360927746,-0.004411902750398933,-0.0031175136590962937,-0.006187396179402005,202800.0,1
2022-12-12,18402.150390625,18521.55078125,18345.69921875,18497.150390625,193900,2.977743269738653e-05,2.977698935843848e-05,0.009506954248970571,0.005162440148755543,18561.269921875,18504.4,17963.9199609375,18468.026812904034,18119.827876714528,0.9996082224025096,1.029683411574256,1.0300869765751448,-0.003533938095109823,62.745013137565564,158.57675483744242,199.71523476913657,-41.13847993169415,0.0045215575587607085,0.004876573005894418,153.72879464285714,-0.10148285449490269,224785.0,0.8626020419511978,-0.006058782405979346,0.002631912360927746,-0.004411902750398933,0.00026482378562620035,215800.0,1
2022-12-13,18524.400390625,18617.25,18490.19921875,18608.0,187600,0.0059927938646799905,0.005974908495510217,0.006827750497098022,0.004512945499564394,18554.319921875,18514.62998046875,17999.71796875,18481.35759262746,18138.971881549252,1.005043039997545,1.033793975678178,1.0286066710941089,-0.0005398406830064983,65.77323800534502,151.34064738235247,190.0403172917798,-38.699669909427314,0.004854267203972166,0.004969615715296604,157.00376674107142,-0.032490974729241895,221620.0,0.8464939987365762,2.977743269738653e-05,-0.006058782405979346,0.002631912360927746,-0.0031175136590962937,193900.0,1
2022-12-14,18671.25,18696.099609375,18632.900390625,18660.30078125,208000,0.002810661073194387,0.002806718551028224,0.003386827441361664,-0.0005864213028051148,18574.280078125,18527.1625,18031.0369921875,18498.399801067702,18159.416152125752,1.007186112889656,1.0348989239684412,1.0275150845748617,-0.00522694321018502,59.62213277188672,148.1187947764265,181.65601278870912,-33.53721801228261,0.004227880576539594,0.00499460140533262,144.55022321428572,0.10874200426439229,221055.0,0.9409422994277442,0.0059927938646799905,2.977743269738653e-05,-0.006058782405979346,-0.004411902750398933,187600.0,0
2022-12-15,18614.400390625,18652.900390625,18387.69921875,18414.900390625,183100,-0.013150934355333654,-0.01323817358829901,0.014401444821825565,-0.01071750880036279,18535.390234375,18530.7125,18061.5880078125,18490.447476263635,18169.43514187082,0.9937502613903809,1.019561534825159,1.0259736016558778,-0.021134862956810663,45.67937008960527,124.33048827148377,170.19090788526407,-45.860419613780294,0.0056266257224397015,0.005825626755387038,157.07882254464286,-0.11971153846153848,220185.0,0.8315734495992007,0.002810661073194387,0.0059927938646799905,2.977743269738653e-05,0.002631912360927746,208000.0,0
2022-12-16,18319.099609375,18440.94921875,18255.150390625,18269.0,277700,-0.00792295301794177,-0.007954506384605002,0.010170169583721057,-0.0027348292461579814,18489.8703125,18528.77998046875,18081.4819921875,18469.357240429003,18173.339646111184,0.9859796499962445,1.0103707211551312,1.024737905248835,-0.022844316103281526,38.04196760518139,92.63727693403052,154.68018169501738,-62.04290476098686,0.005791846201197267,0.006090133426919996,152.58942522321428,0.5166575641725832,224130.0,1.2390130727702673,-0.013150934355333654,0.002810661073194387,0.0059927938646799905,-0.006058782405979346,183100.0,1
2022-12-19,18288.099609375,18431.650390625,18244.55078125,18420.44921875,154800,0.008289956688926514,0.008255783729645224,0.010157168652790134,0.007236925224704803,18474.530078125,18541.80498046875,18103.2549609375,18464.69933360243,18183.030217587217,0.9934550189775708,1.0175213937215672,1.0242249264277357,-0.015004588019264409,42.539972334219144,78.8321370464655,139.51057276530702,-60.67843571884151,0.006671205445753166,0.0060581647883326565,156.95731026785714,-0.4425639178970112,221180.0,0.6998824486843295,-0.00792295301794177,-0.013150934355333654,0.002810661073194387,2.977743269738653e-05,277700.0,0
2022-12-20,18340.30078125,18404.900390625,18202.650390625,18385.30078125,169000,-0.0019081205394395617,-0.0019099433205291773,0.011000635910523799,0.0024536129770568018,18429.990234375,18548.86005859375,18124.66796875,18457.137566711725,18190.962396554383,0.991182246411527,1.0143800048061224,1.0234041302480756,-0.013809616003540248,34.701733420690516,64.31390836479477,124.47123988520458,-60.15733152040981,0.006649665399409843,0.0060119394328611644,157.15373883928572,0.09173126614987082,220745.0,0.7655892545697525,0.008289956688926514,-0.00792295301794177,-0.013150934355333654,0.0059927938646799905,154800.0,0
2022-12-21,18435.150390625,18473.349609375,18162.75,18199.099609375,187600,-0.01012771964355863,-0.01017935391694218,0.0170667569298318,-0.012804385982662833,18337.75,18545.4525390625,18143.8299609375,18432.562523155844,18191.281502939506,0.9813241047120327,1.003046195238629,1.0221354906317832,-0.01947147925028958,27.30336900011129,37.35265100462857,107.04752210908939,-69.69487110446082,0.007170172498404568,0.0064523317518627105,170.10728236607142,0.11005917159763312,221185.0,0.8481587811108349,-0.0019081205394395617,0.008289956688926514,-0.00792295301794177,0.002810661073194387,169000.0,0
2022-12-22,18288.80078125,18318.75,18068.599609375,18127.349609375,195700,-0.003942502735851727,-0.0039502948868902,0.013799611968405389,-0.008827870881535468,18280.23984375,18527.6150390625,18166.7059375,18403.494626605287,18188.774369858547,0.9783962788063328,0.9978336013000706,1.0198665131039253,-0.02590095893287847,28.236368582643507,10.079840810711175,87.65398584941374,-77.57414503870257,0.007001572145244798,0.005844775870109867,177.77873883928572,0.0431769722814499,220770.0,0.8864429043801241,-0.01012771964355863,-0.0019081205394395617,0.008289956688926514,-0.013150934355333654,187600.0,0
2022-12-23,17977.650390625,18050.44921875,17779.5,17806.80078125,221500,-0.01768316025411787,-0.01784137526808462,0.015216052680013189,-0.009503444869753101,18187.8,18492.317578125,18180.3699609375,18346.666641333355,18173.795013442526,0.9629296439465266,0.9794520584294955,1.0171584856555589,-0.03729327782904357,22.43797195253505,-36.97346219233441,62.728496241064114,-99.70195843339852,0.008478711888958273,0.00691449280744028,187.32868303571428,0.13183444047010728,221550.0,0.9997743173098623,-0.003942502735851727,-0.01012771964355863,-0.0019081205394395617,-0.00792295301794177,195700.0,1
2022-12-26,17830.400390625,18084.099609375,17774.25,18014.599609375,176700,0.011669632893506865,0.01160206785899442,0.01719991651736466,0.010330627171269223,18106.630078125,18464.91005859375,18200.3749609375,18315.041209718274,18167.55205642027,0.9756126378200706,0.9897927733927888,1.014534596030247,-0.026087844400863647,32.27314567291528,-56.84069093754806,38.81465880534168,-95.65534974288974,0.009753498854171604,0.007491692593904213,203.96079799107142,-0.20225733634311516,220060.0,0.8029628283195492,-0.01768316025411787,-0.003942502735851727,-0.01012771964355863,0.008289956688926514,221500.0,1
2022-12-27,18089.80078125,18149.25,17967.44921875,18132.30078125,214300,0.006533654614990558,0.006512402811413872,0.010026349300249534,0.002349390162662878,18056.030078125,18440.62255859375,18219.3069921875,18297.637359387965,18166.169653472418,0.9832802945581648,0.9952245049180626,1.0121473098016929,-0.025564231446152164,38.1529602739045,-62.36915911043616,18.577895222186115,-80.94705433262227,0.009807600629709994,0.00764310677746289,206.95368303571428,0.21279003961516696,221010.0,0.9696393828333559,0.011669632893506865,-0.01768316025411787,-0.003942502735851727,-0.0019081205394395617,176700.0,0
2022-12-28,18084.75,18173.099609375,18068.349609375,18122.5,193900,-0.0005405150382313817,-0.0005406611691443354,0.005780107601048421,0.0020873940751185392,18040.71015625,18408.830078125,18235.5209765625,18280.957610874826,18164.457118042126,0.9844460469834396,0.9938021525840823,1.0095039292699808,-0.02882058481020766,36.23279976758905,-66.7716490993298,1.5079863578829311,-68.27963545721273,0.009658952213891618,0.007360424599231653,208.146484375,-0.0951936537564162,213425.0,0.908515872086213,0.006533654614990558,0.011669632893506865,-0.01768316025411787,-0.01012771964355863,214300.0,1
2022-12-29,18045.69921875,18229.69921875,17992.80078125,18191.0,281100,0.00377983170092433,0.0037727060871833766,0.013022837529547578,0.008051823289785763,18053.440234375,18377.755078125,18249.6019921875,18272.39021936294,18165.498015373807,0.9898379819879473,0.9967888619043535,1.007022240046241,-0.012158653366324379,41.13639015812843,-63.9955754541661,-11.592726004526876,-52.40284944963923,0.009123831472127078,0.00739236870542476,206.88211495535714,0.4497163486333162,211230.0,1.3307768782843346,-0.0005405150382313817,0.006533654614990558,0.011669632893506865,-0.003942502735851727,193900.0,0
2022-12-30,18259.099609375,18265.25,18080.30078125,18105.30078125,192000,-0.00471107793689185,-0.004722210041123311,0.010215197249942125,-0.008423133200173415,18113.140234375,18348.21513671875,18261.4630078125,18256.47693954266,18163.137339525812,0.9867608727247466,0.9914485369274251,1.0047505574372182,-0.008960491474629184,39.169733749499315,-67.92769958739518,-22.859720721100537,-45.067978866294645,0.008913705286960685,0.007351866875512447,207.53194754464286,-0.31696905016008536,208110.0,0.9225890154245351,0.00377983170092433,-0.0005405150382313817,0.006533654614990558,-0.01768316025411787,281100.0,1
2023-01-02,18131.69921875,18215.150390625,18086.5,18197.44921875,256100,0.005089583355357918,0.005076675205536103,0.0070696936190619095,0.003626245902645897,18149.71015625,18323.03505859375,18274.1330078125,18250.85525184812,18164.48290341696,0.993146013231861,0.9958036975527257,1.0026760257660565,-0.012106110841912043,38.5343279609189,-62.88344627767583,-30.864465832415597,-32.01898044526023,0.008602120648536911,0.007493663424141833,207.64620535714286,0.33385416666666656,206495.0,1.240223734230853,-0.00471107793689185,0.00377983170092433,-0.0005405150382313817,0.011669632893506865,192000.0,1
2023-01-03,18163.19921875,18251.94921875,18149.80078125,18232.55078125,208700,0.00192892762485819,0.001927069632871597,0.005602531358642778,0.0038182459854543623,18169.76015625,18302.52509765625,18287.2580078125,18249.111968934012,18167.152231959433,0.9961767944022538,0.9970084511008087,1.000834848495998,-0.008308267665426472,37.93812207276076,-55.414650849517784,-35.77450283583604,-19.640148013681745,0.008653250623714762,0.007516362675066363,208.64969308035714,-0.18508395158141355,206040.0,1.0129101145408659,0.005089583355357918,-0.00471107793689185,0.00377983170092433,0.006533654614990558,256100.0,0
2023-01-04,18230.650390625,18243.0,18020.599609375,18042.94921875,235200,-0.010399069487028845,-0.010453517612292944,0.012326166189831338,-0.010295911986306543,18153.85,18276.64755859375,18293.5019921875,18229.477421297437,18162.281525559065,0.9872132819164713,0.9863037283104951,0.999078665550153,-0.008580116268200544,39.17077891873265,-64.05643547589716,-41.430889363848266,-22.625546112048895,0.008686519037138608,0.007772773117229411,205.59249441964286,0.1269765213224725,207775.0,1.1319937432318614,0.00192892762485819,0.005089583355357918,-0.00471107793689185,-0.0005405150382313817,208700.0,0
2023-01-05,18101.94921875,18120.30078125,17892.599609375,17992.150390625,269900,-0.0028154392892826285,-0.0028194100932680756,0.012655584070353597,-0.006065580385744888,18114.080078125,18245.78759765625,18300.2180078125,18206.87484694768,18155.609716345964,0.9860988622347094,0.9831659045233242,0.997025696080068,-0.007458300394894923,41.46709993245773,-74.14940475752155,-47.97459244258293,-26.17481231493862,0.00864912242374268,0.007718922199079514,208.58551897321428,0.14753401360544216,211130.0,1.2783593046937907,-0.010399069487028845,0.00192892762485819,0.005089583355357918,0.00377983170092433,235200.0,0
2023-01-06,18008.05078125,18047.400390625,17795.55078125,17859.44921875,238200,-0.007375503705446151,-0.0074028372147649955,0.01410175679497395,-0.008251951546845042,18064.909765625,18213.930078125,18302.6680078125,18173.786691881236,18143.99557918534,0.9805379257604194,0.975783924569177,0.9951516396598779,0.0029566477519891166,32.50701590271281,-91.79784278007719,-56.73924251008179,-35.0586002699954,0.006786309703396851,0.007764168481737399,213.21051897321428,-0.11745090774360878,212250.0,1.12226148409894,-0.0028154392892826285,-0.010399069487028845,0.00192892762485819,-0.00471107793689185,269900.0,1
2023-01-09,17952.55078125,18141.400390625,17936.150390625,18101.19921875,257200,0.013536251708490266,0.01344545509952314,0.011339027736206186,0.008280073361789422,18045.659765625,18194.13251953125,18308.9559765625,18166.87359920207,18142.317290540817,0.9948921279604023,0.9886527250336691,0.9937285633774946,0.004807190348540047,42.1523308861295,-85.29393703957248,-62.45018141597993,-22.843755623592557,0.007143217684699444,0.008473400606449463,218.90345982142858,0.07976490344248521,215415.0,1.1939744214655432,-0.007375503705446151,-0.0028154392892826285,-0.010399069487028845,0.005089583355357918,238200.0,0
2023-01-10,18121.30078125,18127.599609375,17856.0,17914.150390625,283300,-0.010333504750958511,-0.010387266093937284,0.015161177251092858,-0.01143132014227904,17981.9796875,18159.4400390625,18306.995,18142.80472219473,18133.36956897549,0.9864924442653593,0.9785412838439624,0.991939968250524,-0.01203103749804224,42.13260052242975,-94.14754775382244,-68.78965468354843,-25.357893070274002,0.0075451464297540205,0.00854577852522513,216.11774553571428,0.1014774494556765,220200.0,1.2865576748410537,0.013536251708490266,-0.007375503705446151,-0.0028154392892826285,0.00192892762485819,257200.0,0
2023-01-11,17924.25,17976.349609375,17824.349609375,17895.69921875,259900,-0.0010299775022909463,-0.0010305082936186098,0.008493660859070757,-0.0015928577904235882,17952.5296875,18121.2099609375,18302.0009765625,18119.270864723803,18124.049163084295,0.9875554257870409,0.977800145550598,0.9901217896416615,-0.012514872741067773,43.41022560969512,-101.48311917235333,-75.32834758130942,-26.15477159104391,0.007541904623090487,0.008477346360271332,209.10700334821428,-0.08259795270031767,222795.0,1.1665432348122713,-0.010333504750958511,0.013536251708490266,-0.007375503705446151,-0.010399069487028845,283300.0,0
2023-01-12,17920.849609375,17945.80078125,17761.650390625,17858.19921875,227800,-0.00209547554088918,-0.0020976741216788596,0.01031181186687925,-0.003495949800963983,17925.739453125,18093.37490234375,18297.50796875,18094.406898440586,18113.623675071187,0.9870021107248883,0.97599078788487,0.9888436683970906,-0.018294804092683248,51.7427906902818,-109.06531194559284,-82.07574045416611,-26.98957149142673,0.007332254371341866,0.008062249890722182,202.90708705357142,-0.12350904193920742,225030.0,1.0123094698484647,-0.0010299775022909463,-0.010333504750958511,0.013536251708490266,-0.0028154392892826285,259900.0,1
2023-01-13,17867.5,17999.349609375,17774.25,17956.599609375,256700,0.005510095918388247,0.0054949708747303715,0.01253575923458678,0.004986685847208619,17945.16953125,18077.7548828125,18295.5859765625,18081.282394720052,18107.465868573297,0.9932981017707742,0.9814716857048603,0.9880937897245242,-0.008213129053840196,47.8757739805203,-105.9132630206841,-86.84324496746972,-19.070018053214383,0.007594182046587875,0.00805951578633514,196.853515625,0.12686567164179108,223980.0,1.1460844718278418,-0.00209547554088918,-0.0010299775022909463,-0.010333504750958511,-0.007375503705446151,227800.0,0
2023-01-16,18033.150390625,18049.650390625,17853.650390625,17894.849609375,206200,-0.003438847072569362,-0.0034447734977776498,0.010952872154752104,-0.0076692523632420455,17903.899609375,18051.47490234375,18291.1399609375,18063.526891353857,18099.127976055715,0.9913234074325741,0.978334299972073,0.9868972049251399,-0.01662868272017004,40.93179997523634,-107.16264619324284,-90.90712521262435,-16.255520980618485,0.007331980049344208,0.007782715054001688,197.86774553571428,-0.19672769770159715,226550.0,0.9101743544471419,0.005510095918388247,-0.00209547554088918,-0.0010299775022909463,0.013536251708490266,256700.0,1
2023-01-17,17922.80078125,18072.05078125,17886.94921875,18053.30078125,219100,0.008854568511824201,0.008815596703469526,0.010253059246220771,0.007281228062107515,17931.7296875,18034.87490234375,18288.1499609375,18062.55297610587,18097.330831161376,1.0010216804389287,0.9871583960001901,0.9861508649516363,-0.009831317743227541,47.62675397818463,-94.28030139318798,-91.58176044873709,-2.6985409444508974,0.008001245678173143,0.008111740113899053,203.60714285714286,0.062560620756547,229055.0,0.9565388225535352,-0.003438847072569362,0.005510095918388247,-0.00209547554088918,-0.010333504750958511,206200.0,1
2023-01-18,18074.30078125,18183.75,18032.44921875,18165.349609375,255800,0.006206556323560042,0.00618737497867869,0.008329087218443339,0.005037474435495322,17985.659765625,18033.18740234375,18288.316953125,18072.34313165531,18099.998234228577,1.0073288323402037,0.9932761804126001,0.9860495883008166,0.006783835011728634,49.145813360251736,-74.17450876330622,-88.10031011165091,13.925801348344692,0.007530510713330673,0.00795150461281357,197.49302455357142,0.1675034230944774,232465.0,1.1003807024713397,0.008854568511824201,-0.003438847072569362,0.005510095918388247,-0.0010299775022909463,219100.0,0
2023-01-19,18119.80078125,18155.19921875,18063.75,18107.849609375,237800,-0.003165367099256078,-0.0031703874707042848,0.005050252830830552,-0.0006595641982646316,18035.58984375,18032.21240234375,18289.9099609375,18075.72470096195,18100.306131293142,1.004194560564372,0.9900458585115326,0.9859103976375977,0.00643053866481047,50.08650347008173,-62.163708169944584,-82.91298972330966,20.74928155336508,0.007549406716501183,0.007933483232829249,190.814453125,-0.07036747458952308,234570.0,1.0137698767958392,0.006206556323560042,0.008854568511824201,-0.003438847072569362,-0.00209547554088918,255800.0,0
2023-01-20,18115.599609375,18145.44921875,18016.19921875,18027.650390625,237200,-0.004428975305189153,-0.004438812272184146,0.00716954218655219,-0.004854888639981059,18049.8,18043.2548828125,18283.468984375,18071.146195215573,18097.45688656106,0.999135162015454,0.986008202602656,0.9868616780673414,0.009418049225079717,44.19015566963874,-58.44277691395109,-78.01894716143795,19.576170247486857,0.007250781844480111,0.006843023478143376,190.85728236607142,-0.002523128679562614,235355.0,1.0078392216014107,-0.003165367099256078,0.006206556323560042,0.008854568511824201,0.005510095918388247,237800.0,1
2023-01-23,18118.44921875,18162.599609375,18063.44921875,18118.55078125,202500,0.005042276095628795,0.005029606393094338,0.005472313532250376,5.605474219885075e-06,18094.540234375,18048.45244140625,18279.2569921875,18075.660917695044,18098.28409811749,1.0038838975292381,0.9912082744388251,0.9873734172630816,0.0009585863505676695,46.242835588009626,-47.61018961892478,-71.93719565293532,24.327006034010537,0.006021964938629605,0.006433231664335878,193.2001953125,-0.14629005059021927,236645.0,0.8557121426609479,-0.004428975305189153,-0.003165367099256078,0.006206556323560042,-0.003438847072569362,237200.0,0
2023-01-24,18183.94921875,18201.25,18078.650390625,18118.30078125,216900,-1.3798013043020418e-05,-1.379810823647804e-05,0.00676661740276848,-0.0036102409168800352,18107.540234375,18047.75244140625,18273.555,18079.72185708123,18099.06906608347,1.0039089820227085,0.9915038853277318,0.9876432057914428,0.011396040904727345,52.83756590096027,-38.60049655736293,-65.26985583382084,26.66935927645791,0.004781128932329439,0.006264172158539325,186.07156808035714,0.07111111111111112,236775.0,0.9160595502058917,0.005042276095628795,-0.004428975305189153,-0.003165367099256078,0.008854568511824201,202500.0,0
2023-01-25,18093.349609375,18100.599609375,17846.150390625,17891.94921875,257200,-0.01249297962501228,-0.012571672991636754,0.01422143644826289,-0.011131183278559165,18052.86015625,18036.22490234375,18263.2009765625,18061.83874866873,18090.946719129217,0.9920007826263576,0.9796721419049741,0.9875719445616334,-0.0002095475540888625,46.6672989550352,-49.15826342870059,-62.047537352796795,12.889273924096202,0.006459737458380418,0.0068638845540954846,187.98214285714286,0.18579990779160904,239940.0,1.071934650329249,-1.3798013043020418e-05,0.005042276095628795,-0.004428975305189153,0.006206556323560042,216900.0,0
2023-01-27,17877.19921875,17884.75,17493.55078125,17604.349609375,476300,-0.016074246906178757,-0.016204838949638832,0.022221736527072333,-0.015262436024588757,17952.16015625,18006.8923828125,18248.4099609375,18018.26835445028,18071.864479531014,0.9776450725155815,0.9647059468227,0.9867650069983088,-0.014214737234450436,42.307941469895724,-79.81222895122119,-65.60047567248168,-14.211753278739508,0.008254681800617713,0.007601854398035546,197.93568638392858,0.8518662519440123,249700.0,1.907488986784141,-0.01249297962501228,-1.3798013043020418e-05,0.005042276095628795,-0.003165367099256078,257200.0,1
2023-01-30,17541.94921875,17709.150390625,17405.55078125,17648.94921875,432400,0.0025334426073457816,0.002530238851503625,0.01720213513065469,0.006099664220076027,17876.419921875,17984.0748046875,18235.2359375,17983.095103431206,18055.279567343525,0.9813654252677957,0.9678486902632103,0.9862266036110892,-0.017132998302439084,34.52312521221617,-99.36152393808516,-72.35268532560238,-27.008838612482776,0.00802840324961823,0.00761999716078956,199.48200334821428,-0.09216880117572956,261720.0,1.6521473330276633,-0.016074246906178757,-0.01249297962501228,-1.3798013043020418e-05,-0.004428975305189153,476300.0,1
2023-01-31,17731.44921875,17735.69921875,17537.55078125,17662.150390625,398300,0.0007479862801675896,0.0007477066778470427,0.011218817251447277,-0.003908243893100426,17785.13984375,17957.30986328125,18225.2799609375,17952.528940306805,18039.862736883977,0.9835632689471051,0.9691017327843817,0.9852967911477578,-0.013003697925915492,40.21133513795657,-112.49251314929279,-80.38065089034046,-32.11186225895233,0.008038260463392236,0.007490418449391883,194.23549107142858,-0.07886216466234963,268830.0,1.4816054755793624,0.0025334426073457816,-0.016074246906178757,-0.01249297962501228,0.005042276095628795,432400.0,0
2023-02-01,17811.599609375,17972.19921875,17353.400390625,17616.30078125,512900,-0.0025959245256645946,-0.0025992997802722563,0.0351264908455481,-0.01096469898313939,17684.73984375,17926.49736328125,18212.7219921875,17920.507210872824,18023.25246411402,0.9826961968227756,0.9672524946466904,0.9842843574382222,-0.02420609977616195,39.37326542619258,-125.15587794412204,-89.33569630109679,-35.82018164302525,0.007208424276496604,0.00744991969604476,227.57826450892858,0.2877228219934722,284040.0,1.8057315871004085,0.0007479862801675896,0.0025334426073457816,-0.016074246906178757,-1.3798013043020418e-05,398300.0,0
2023-02-02,17517.099609375,17653.900390625,17445.94921875,17610.400390625,490100,-0.0003349392530399564,-0.00033499535771969267,0.01180842952246015,0.0053262688076550204,17628.430078125,17904.869921875,18199.585,17890.97322799208,18007.062186722294,0.9835536626328552,0.9676264810777279,0.9838064945917724,-0.0305498782398107,40.34300659007424,-134.1217262184873,-98.2929022845749,-35.82882393391242,0.006610280097776765,0.007163625606926771,229.2783203125,-0.044453109767986,296785.0,1.6513637818622908,-0.0025959245256645946,0.0007479862801675896,0.0025334426073457816,-0.01249297962501228,512900.0,1
2023-02-03,17721.75,17870.30078125,17584.19921875,17854.05078125,424100,0.013835596307890219,0.013740758205234283,0.016024462235789017,0.007465446767390353,17678.3703125,17897.96494140625,18186.9840234375,17887.456804492835,18001.061739448873,0.9975464160143337,0.9816938728401339,0.9841084656115169,-0.014015956262062201,46.40998817118282,-120.1813001018927,-102.67058184803847,-17.510718253854236,0.008487628370174968,0.007888580337206744,233.63560267857142,-0.13466639461334418,304495.0,1.392797911295752,-0.0003349392530399564,-0.0025959245256645946,0.0007479862801675896,-0.016074246906178757,490100.0,0
2023-02-06,17818.55078125,17823.69921875,17698.349609375,17764.599609375,282500,-0.005010133160870178,-0.005022725956678951,0.007056146050646063,-0.0030278091937629083,17701.500390625,17893.2224609375,18172.021015625,17875.756119243517,17991.78871474009,0.9928116440823728,0.9775797416313968,0.9846578124443188,-0.014591517782416963,45.526985114991255,-115.02543238117505,-105.14155195466579,-9.883880426509265,0.00851274040884241,0.00779453499056593,228.58914620535714,-0.3338835180381985,306710.0,0.9210655016139024,0.013835596307890219,-0.0003349392530399564,-0.0025959245256645946,0.0025334426073457816,424100.0,0
2023-02-07,17790.099609375,17811.150390625,17652.55078125,17721.5,354400,-0.0024261514654264627,-0.0024290993398515346,0.008949558974973902,-0.003856055383683714,17713.3703125,17874.2375,18155.196015625,17861.065060267945,17981.189157299304,0.9914548802431433,0.9761117414952862,0.9845246222963829,-0.02191404743368819,37.62492934025653,-113.11324921815321,-106.73589140736327,-6.377357810789945,0.008201043043164232,0.007102288932939082,226.69614955357142,0.25451327433628324,311570.0,1.1374650961260713,-0.005010133160870178,0.013835596307890219,-0.0003349392530399564,0.0007479862801675896,282500.0,1
2023-02-08,17750.30078125,17898.69921875,17744.150390625,17871.69921875,291000,0.008475536424681795,0.00843982073038998,0.008647685160393473,0.006839232697861414,17764.45,17872.11494140625,18140.268984375,17862.077837266235,17976.89543421894,0.999976739034098,0.9851948300294592,0.9852177471458816,-0.013610634102906527,39.35086220696083,-98.34435607939304,-105.05758434176923,6.713228262376191,0.00886228321874348,0.007048451270456748,228.54603794642858,-0.17889390519187354,311955.0,0.9328268500264462,-0.0024261514654264627,-0.005010133160870178,0.013835596307890219,-0.0025959245256645946,354400.0,1
2023-02-09,17885.5,17916.900390625,17779.80078125,17893.44921875,260900,0.0012170079483646568,0.0012162679944837883,0.0076620000816465,0.0004444504626652875,17821.059765625,17872.00244140625,18122.9709765625,17865.065587883735,17973.623033612315,1.0012000209497545,0.987335312840851,0.9861519098893434,8.383658938782013e-05,42.0178675047301,-83.91750981877703,-100.8295694371708,16.91205961839377,0.007951746665100652,0.00705105685161041,231.80678013392858,-0.10343642611683845,312005.0,0.8362045480040384,0.008475536424681795,-0.0024261514654264627,-0.005010133160870178,-0.0003349392530399564,291000.0,0
2023-02-10,17847.55078125,17876.94921875,17801.0,17856.5,232000,-0.0020649578680046465,-0.00206709283308457,0.004253309369137289,0.0005014255938916689,17821.549609375,17871.91748046875,18103.8509765625,17864.249817609092,17969.029973470657,0.9991373348447027,0.9863371071225275,0.9871887204333479,0.01432318695208834,43.41603641319783,-74.60561626907656,-95.58477880355196,20.979162534475392,0.005681587356029538,0.0070505827515233545,227.99958147321428,-0.1107704101188195,312215.0,0.7430776868504075,0.0012170079483646568,0.008475536424681795,-0.0024261514654264627,0.013835596307890219,260900.0,0
2023-02-13,17859.099609375,17880.69921875,17719.75,17770.900390625,231300,-0.00479375070002519,-0.0048052775756446476,0.00905689724280422,-0.0049386150858187995,17822.809765625,17862.63251953125,18085.3469921875,17855.35939599156,17961.260185908082,0.9948645795178316,0.9826131839384483,0.9876853635845384,0.006909826209111625,36.57151392889421,-73.28822558889806,-91.12546816062118,17.837242571723124,0.005987914154752376,0.007003746535648061,229.85672433035714,-0.0030172413793103647,310945.0,0.7438614545980801,-0.0020649578680046465,0.0012170079483646568,0.008475536424681795,-0.005010133160870178,232000.0,1
2023-02-14,17840.349609375,17954.55078125,17800.05078125,17929.849609375,244500,0.0089443537049958,0.008904589905162998,0.008616915555120798,0.005016717831189153,17864.4796875,17864.38251953125,18069.92296875,17862.453702028077,17960.02839859306,1.003664671296205,0.9922482591864258,0.9886252725274915,0.015156660589420223,43.515771901835045,-58.74117868175745,-84.64861026484844,25.907431583090997,0.006528071546561654,0.007271553895173268,234.21749441964286,0.05706874189364464,312860.0,0.7814997123313943,-0.00479375070002519,-0.0020649578680046465,0.0012170079483646568,-0.0024261514654264627,231300.0,1
2023-02-15,17896.599609375,18034.099609375,17853.80078125,18015.849609375,229300,0.004796470794436125,0.004785004379327248,0.01000778936515861,0.0066632769689685505,17893.309765625,17862.5099609375,18057.3849609375,17877.06283606112,17962.21746568255,1.0085844401919344,0.9976998135858348,0.9892080165305462,0.02268063159720013,54.71894047932539,-39.81410570686057,-75.68170935325088,35.86760364639031,0.006429206259037828,0.007070290787008996,228.92103794642858,-0.06216768916155424,313370.0,0.7317228834923573,0.0089443537049958,-0.00479375070002519,-0.0020649578680046465,0.008475536424681795,244500.0,1
2023-02-16,18094.75,18134.75,18000.650390625,18035.849609375,230200,0.0011101336008929596,0.00110951785824931,0.007435170079556179,-0.003255109389463795,17921.78984375,17856.0349609375,18046.891953125,17892.185385900535,17965.105000729312,1.010070245092534,0.9993881304449165,0.9894243843935437,0.024158974771322672,70.6419978248764,-22.936038781150273,-65.13257523883077,42.196536457680494,0.006380901123995462,0.006922103913611424,210.55678013392858,0.003924989097252585,312090.0,0.73760774135666,0.004796470794436125,0.0089443537049958,-0.00479375070002519,0.0012170079483646568,229300.0,0
2023-02-17,17974.849609375,18034.25,17884.599609375,17944.19921875,208100,-0.005081567689351307,-0.005094522761127012,0.008339764221332842,-0.001705182034402887,17939.3296875,17847.85244140625,18033.5889453125,17897.13908426715,17964.28516614189,1.0053982280310785,0.9950431538151626,0.9897005247003521,0.005049186798251615,63.51567864499886,-16.762244985722646,-55.45850918820914,38.696264202486496,0.00535452364959668,0.006976411380479936,199.56040736607142,-0.09600347523892272,310605.0,0.6699827755509409,0.0011101336008929596,0.004796470794436125,0.0089443537049958,-0.0020649578680046465,230200.0,0
2023-02-20,17965.55078125,18004.349609375,17818.400390625,17844.599609375,174600,-0.005550518480140765,-0.005565979846782634,0.010420475820163993,-0.006732394311074081,17954.06953125,17838.69990234375,18020.5489453125,17892.13532475361,17959.59161489613,1.0003307251685127,0.9902361833442777,0.9899087955910436,0.0045033381983898835,57.73976416313707,-19.67947230428399,-48.302701811424114,28.623229507140124,0.005419187849137698,0.007014744764121965,198.68903459821428,-0.16098029793368573,307475.0,0.5678510448003903,-0.005081567689351307,0.0011101336008929596,0.004796470794436125,-0.00479375070002519,208100.0,0
2023-02-21,17905.80078125,17924.900390625,17800.30078125,17826.69921875,198200,-0.001003126492992057,-0.0010036299610954843,0.006989494120366769,-0.004417650093752352,17933.439453125,17824.10732421875,18007.139921875,17885.903314658026,17954.380148380595,1.0001454151102271,0.9899794912513673,0.9898355542051459,0.005936247989730026,59.14219954579247,-23.168733161513956,-43.27590808144208,20.107174919928127,0.005353409440806729,0.006892632137049842,163.38909040178572,0.1351660939289805,307260.0,0.6450563041072707,-0.005550518480140765,-0.005081567689351307,0.0011101336008929596,0.0089443537049958,174600.0,0
2023-02-22,17755.349609375,17772.5,17529.44921875,17554.30078125,204000,-0.015280363131582653,-0.015398310946496917,0.013845654365772633,-0.011323281858603575,17841.1296875,17795.90732421875,17986.0659375,17854.32212100012,17938.690761434296,0.9864234771193743,0.9759944638393774,0.9894274482289772,-0.017759835459126516,48.020755094024985,-47.36824328428338,-44.09437512201034,-3.2738681622730397,0.00662655287929322,0.007619054544239188,165.89620535714286,0.029263370332996974,306615.0,0.6653294848588621,-0.001003126492992057,-0.005550518480140765,-0.005081567689351307,0.004796470794436125,198200.0,0
2023-02-23,17574.650390625,17620.05078125,17455.400390625,17511.25,240800,-0.002452434977984641,-0.0024554471223785586,0.009402549254050967,-0.0036074908584708023,17736.209765625,17776.87236328125,17963.084921875,17821.648585666775,17921.928378632954,0.9850579810748992,0.9748464740972879,0.9896335980482404,-0.02135972858433044,35.9114975485553,-69.22241475329429,-49.11998304826713,-20.102431705027158,0.006542540960011054,0.00717380577754241,157.22112165178572,0.18039215686274512,305795.0,0.7874556483918965,-0.015280363131582653,-0.001003126492992057,-0.005550518480140765,0.0011101336008929596,204000.0,0
2023-02-24,17591.349609375,17599.75,17421.80078125,17465.80078125,209400,-0.002595429723749043,-0.002598803690668268,0.010188437448630079,-0.007136963957449346,17640.530078125,17769.944921875,17944.1029296875,17787.75831857946,17904.04102187284,0.9828843509666372,0.9733448838143826,0.9902944154692536,-0.021879943927981427,37.25908566231768,-89.18134814350924,-57.13225606731556,-32.04909207619368,0.006543870469202089,0.006249084112085782,160.97823660714286,-0.1303986710963455,292450.0,0.7160198324499915,-0.002452434977984641,-0.015280363131582653,-0.001003126492992057,-0.005081567689351307,240800.0,0
2023-02-27,17428.599609375,17451.599609375,17299.0,17392.69921875,246400,-0.004185411445805309,-0.004194194796816341,0.008773773837846385,-0.0020598551478392367,17550.15,17757.132421875,17926.5769140625,17750.133642405228,17883.988402142535,0.9794767987044993,0.9702186481071184,0.9905478612565135,-0.02128204894303043,36.32956003443067,-109.63384113420761,-67.63257308069397,-42.00126805351364,0.006519774888593233,0.006264289306601688,160.54966517857142,0.17669531996179555,283150.0,0.8702101359703337,-0.002595429723749043,-0.002452434977984641,-0.015280363131582653,-0.005550518480140765,209400.0,0
2023-02-28,17383.25,17440.44921875,17255.19921875,17303.94921875,420900,-0.0051027157362857345,-0.005115779048087727,0.010705648615708436,-0.004561907655357887,17445.6,17739.22236328125,17904.2469140625,17707.6398877714,17861.24176749969,0.975462670481417,0.9664717707371981,0.9907829381725274,-0.03490829004487217,25.123744582965358,-131.48825768094684,-80.40371000074455,-51.08454768020229,0.005264862250865336,0.006328309119447172,161.12472098214286,0.708198051948052,284280.0,1.4805825242718447,-0.004185411445805309,-0.002595429723749043,-0.002452434977984641,-0.001003126492992057,246400.0,1
2023-03-01,17360.099609375,17467.75,17345.25,17450.900390625,272900,0.008492348770636093,0.008456491641293511,0.007019695102139809,0.005230429737912605,17424.919921875,17730.95234375,17885.55890625,17683.18850709079,17845.149948798724,0.9842054759555138,0.9756977951931314,0.9913557880237125,-0.03135845552662775,32.5265935706563,-135.38962151892338,-91.40089230438033,-43.98872921454304,0.005989139587821244,0.006657798068689139,163.03194754464286,-0.3516274649560466,272280.0,1.0022770677244013,-0.0051027157362857345,-0.004185411445805309,-0.002595429723749043,-0.015280363131582653,420900.0,0
2023-03-02,17421.5,17445.80078125,17306.0,17321.900390625,310700,-0.007392168719804415,-0.007419626196212839,0.008070753098526263,-0.005717051308727721,17387.05,17716.52734375,17868.014921875,17648.780115046426,17824.63035828211,0.9777254906975765,0.969436194583573,0.9915218574202364,-0.03958500620779681,30.322458199197413,-147.19394222937262,-102.5595022893788,-44.634439939993825,0.005916309855018299,0.006836223322352352,167.5927734375,0.13851227555881285,263310.0,1.179977972731761,0.008492348770636093,-0.0051027157362857345,-0.004185411445805309,-0.002452434977984641,272900.0,1
2023-03-03,17451.25,17644.75,17427.69921875,17594.349609375,356200,0.015728598629827895,0.015606186138582535,0.012336391288618383,0.00819996329059523,17412.759765625,17703.54228515625,17857.354921875,17643.59625736343,17815.59974067791,0.9938321566372169,0.9852718774056608,0.9913865946333221,-0.019496529497367576,44.287306867820746,-133.0310769913558,-108.6538172297742,-24.3772597615816,0.008543944959235548,0.0070546624255088146,179.15708705357142,0.14644351464435146,259915.0,1.3704480310870861,-0.007392168719804415,0.008492348770636093,-0.0051027157362857345,-0.002595429723749043,310700.0,1
2023-03-06,17680.349609375,17799.94921875,17671.94921875,17711.44921875,362800,0.006655523618366965,0.006633473404126094,0.007226963667348826,0.0017589928967529829,17476.509765625,17700.884765625,17855.447890625,17650.058444162154,17811.51540648466,1.0005968319247813,0.9919353088896411,0.9913436433548579,-0.007461663110392647,42.73645291078428,-111.07751200298298,-109.13855618441596,-1.938955818567024,0.008839119909228465,0.007162248239373265,180.72488839285714,0.018528916339135337,263930.0,1.374606903345584,0.015728598629827895,-0.007392168719804415,0.008492348770636093,-0.004185411445805309,356200.0,1
2023-03-08,17665.75,17766.5,17602.25,17754.400390625,267000,0.0024250512391459367,0.0024221155475668,0.009251227661100302,0.0050182070178169625,17566.6,17702.52978515625,17850.24390625,17659.995772396713,17809.275601941143,1.0029301238917978,0.9946306887385755,0.9917248121723405,-0.004055648622205754,41.048415139761936,-89.1852805718845,-105.14790106190968,15.962620490025174,0.008894365787393242,0.007163141132202054,179.57854352678572,-0.2640573318632855,259560.0,1.0286638927415626,0.006655523618366965,0.015728598629827895,-0.007392168719804415,-0.0051027157362857345,362800.0,0
2023-03-09,17772.05078125,17772.349609375,17573.599609375,17589.599609375,262400,-0.009282249899975281,-0.009325598438082557,0.011299290740766445,-0.01026618560349214,17594.33984375,17688.4248046875,17839.3898828125,17653.291375918456,17800.660857134626,0.9944130019261912,0.98599782419251,0.9915375425327496,0.0020108364647997146,36.09945025661991,-84.1633919939959,-100.95099924832692,16.78760725433102,0.007909870631234044,0.007175074061716933,184.19642857142858,-0.017228464419475675,258130.0,1.0165420524541897,0.0024250512391459367,0.006655523618366965,0.015728598629827895,0.008492348770636093,267000.0,0
2023-03-10,17443.80078125,17451.5,17324.349609375,17412.900390625,235900,-0.010045664635585094,-0.010096462811863625,0.007302079939161485,-0.0017714253339911005,17612.53984375,17664.39736328125,17825.197890625,17630.3969963667,17785.454564330328,0.9857624934786039,0.9768699622562482,0.9909790326968362,-0.005616367156827784,34.282970661545235,-93.36540110540227,-99.433879619742,6.068478514339731,0.008539029286516103,0.007448818965457373,182.58928571428572,-0.10099085365853655,256880.0,0.9183276237932109,-0.009282249899975281,0.0024250512391459367,0.006655523618366965,-0.007392168719804415,262400.0,0
2023-03-13,17421.900390625,17529.900390625,17113.44921875,17154.30078125,254900,-0.014851035931626178,-0.014962416687813755,0.024276779169582336,-0.015359955192890414,17524.530078125,17629.28740234375,17804.46390625,17585.05449968892,17760.70343558208,0.9730569585568953,0.963483139485499,0.9901610907900038,-0.017834853603414746,31.33521548050203,-120.13998789661491,-103.5751012751166,-16.564886621498317,0.009684710552601247,0.008047210563851024,199.0537109375,0.08054260279779557,258025.0,0.987888770467978,-0.010045664635585094,-0.009282249899975281,0.0024250512391459367,0.015728598629827895,235900.0,0
2023-03-14,17160.55078125,17224.650390625,16987.099609375,17043.30078125,290600,-0.006470680525861194,-0.006491706128142258,0.013938073633678922,-0.0068325312802960825,17390.900390625,17592.907421875,17783.22390625,17533.45890745664,17732.569998157294,0.9687597605418182,0.9583920705885083,0.9892979762624416,-0.020088798932562213,29.83323579276349,-148.6028124436125,-112.58064350881577,-36.022168934796724,0.009774664375973545,0.00808682484663999,207.12165178571428,0.1400549234994115,260990.0,1.1134526227058508,-0.014851035931626178,-0.010045664635585094,-0.009282249899975281,0.006655523618366965,254900.0,0
2023-03-15,17166.44921875,17211.349609375,16938.900390625,16972.150390625,248200,-0.004174683738684903,-0.004183422059139645,0.016052722399896614,-0.011318521707609615,17234.450390625,17545.0224609375,17758.7179296875,17480.000953472674,17702.749621391322,0.9673484561454423,0.9557080898420272,0.9879667288147664,-0.019174745830013995,33.28165542803103,-174.88508149817062,-125.04153110668673,-49.84355039148389,0.00974635882490327,0.007669035201340725,209.22154017857142,-0.14590502408809358,261175.0,0.9503206662199675,-0.006470680525861194,-0.014851035931626178,-0.010045664635585094,0.0024250512391459367,290600.0,1
2023-03-16,16994.650390625,17062.44921875,16850.150390625,16985.599609375,349800,0.0007924286811309411,0.0007921148752918237,0.012498753827202202,-0.0005325664866276279,17113.650390625,17493.5099609375,17733.77890625,17432.91511117766,17674.62609150833,0.9709657837279855,0.9578104982119001,0.9864513397520805,-0.026663425429897525,34.64313796200456,-192.41073830447203,-138.5153725462438,-53.89536575822822,0.009119494223929846,0.007513089368488977,212.625,0.4093473005640613,267200.0,1.3091317365269461,-0.004174683738684903,-0.006470680525861194,-0.014851035931626178,-0.009282249899975281,248200.0,1
2023-03-17,17111.80078125,17145.80078125,16958.150390625,17100.05078125,408100,0.006738129621978839,0.0067155298897271865,0.010973674465970381,-0.0006866606355582918,17051.08046875,17446.72001953125,17714.9209375,17401.213746422643,17652.09372640016,0.9801298331208869,0.9652908326026787,0.9848601685034335,-0.012807463636903882,39.72873829520224,-194.81894302245928,-149.77608664148693,-45.04285638097235,0.009398317140426039,0.007772391190760732,213.31794084821428,0.16666666666666674,276095.0,1.4781144171390281,0.0007924286811309411,-0.004174683738684903,-0.006470680525861194,-0.010045664635585094,349800.0,0
2023-03-20,17066.599609375,17066.599609375,16828.349609375,16988.400390625,241800,-0.0065292432199922645,-0.006550651968001941,0.014024275065442746,-0.004582003476957631,17017.900390625,17398.930078125,17694.8459375,17361.898188727628,17626.06653676192,0.9764048889410654,0.9600761967993259,0.9832767202144509,-0.034439989667314874,38.88679510677752,-203.39213807333726,-160.49929692785702,-42.89284114548025,0.007364325265203211,0.007803116247401495,219.43582589285714,-0.40749816221514334,277780.0,0.8704730362157103,0.006738129621978839,0.0007924286811309411,-0.004174683738684903,-0.014851035931626178,408100.0,1
2023-03-21,17060.400390625,17127.69921875,17016.0,17107.5,246700,0.007010642946744028,0.006986182644570191,0.006529254347508403,0.0027607563888642434,17030.740234375,17362.07509765625,17679.806953125,17337.669789801188,17605.730594143803,0.9853372885312186,0.9676293437681546,0.9820285449772634,-0.034099367662734026,44.68870000887135,-198.29034611948373,-168.05750676618237,-30.232839353301358,0.007418918755707746,0.008064014549225526,216.15359933035714,0.02026468155500405,281385.0,0.876734722888569,-0.0065292432199922645,0.006738129621978839,0.0007924286811309411,-0.006470680525861194,241800.0,1
2023-03-22,17177.44921875,17207.25,17107.849609375,17151.900390625,0,0.0025953757489405316,0.002592013577443892,0.0057952989675319555,-0.0014873470327079904,17066.690234375,17328.33515625,17660.8209765625,17319.977466070122,17587.933331260712,0.9898181352083693,0.9711836393895344,0.9811738185470688,-0.03393524910692802,41.44149684355999,-188.49158512436043,-172.144322437818,-16.34726268654242,0.007434088921372552,0.008129772955318422,211.57854352678572,-1.0,271475.0,0.0,0.007010642946744028,-0.0065292432199922645,0.006738129621978839,-0.004174683738684903,246700.0,0
2023-03-23,17097.400390625,17205.400390625,17045.30078125,17076.900390625,219200,-0.004372693304643627,-0.0043822814890137705,0.009375214805544724,-0.0011990126879897335,17084.950390625,17304.46513671875,17644.0759765625,17296.827268408684,17567.8928237848,0.9868493626185026,0.9678546166605206,0.9807521323137085,-0.02914786181242801,42.7634721488288,-184.64934690739028,-174.64532733173246,-10.004019575657821,0.007159438964983605,0.007519478992143977,213.02845982142858,inf,272235.0,0.805186695318383,0.0025953757489405316,0.007010642946744028,-0.0065292432199922645,0.0007924286811309411,0.0,0
2023-03-24,17076.19921875,17109.44921875,16917.349609375,16945.05078125,228000,-0.007720933328590696,-0.007750894050448838,0.011336620459559887,-0.007680189005759341,17053.950390625,17276.15517578125,17625.0630078125,17263.32474582214,17543.467645646182,0.980834601729243,0.9614178839382829,0.9802038817179494,-0.026867988610724924,29.084578729551154,-190.05269780540766,-177.72680142646752,-12.325896378940143,0.006934476071851236,0.00765146362356831,203.68917410714286,0.04014598540145986,271595.0,0.8394852629834865,-0.004372693304643627,0.0025953757489405316,0.007010642946744028,0.006738129621978839,219200.0,1
2023-03-27,16984.30078125,17091.0,16918.55078125,16985.69921875,218400,0.0023988383407489433,0.002395965721106003,0.010152612296327402,8.233706633032666e-05,17053.41015625,17252.15009765625,17607.6130078125,17236.884219434316,17521.594374003194,0.9845554972917581,0.9646792674971585,0.9798119762174162,-0.009828530154040727,25.41080806369642,-188.87763927473497,-179.95696899612102,-8.920670278613954,0.005568472500964236,0.007699997177648535,201.3212890625,-0.04210526315789476,272045.0,0.8028083589112095,-0.007720933328590696,-0.004372693304643627,0.0025953757489405316,-0.0065292432199922645,228000.0,0
2023-03-28,17031.75,17061.75,16913.75,16951.69921875,238800,-0.002001683861354908,-0.0020036899079230227,0.008730688179996705,-0.004700091373464266,17022.25,17230.10009765625,17587.515,17209.723743178667,17499.245544385423,0.9838421786682412,0.9638484583382019,0.9796779191179794,-0.005374637441168395,22.637652945868254,-188.51680835440857,-181.66893686777854,-6.8478714866300265,0.005247168874226843,0.007673599126109024,200.16057477678572,0.0934065934065933,271665.0,0.8790237976920103,0.0023988383407489433,-0.007720933328590696,-0.004372693304643627,0.007010642946744028,218400.0,1
2023-03-29,16977.30078125,17126.150390625,16940.599609375,17080.69921875,345900,0.007609856589321451,0.0075810476927372725,0.010863184163228828,0.006090393215757529,17008.009765625,17218.93759765625,17571.2319921875,17197.43569323308,17482.83196298796,0.9919717242645059,0.9720831883811221,0.9799505012119877,0.006395702702761907,32.21869024432522,-175.7951680794613,-180.4941831101151,4.699015030653811,0.005643148035706445,0.007862795586886424,199.2177734375,0.4484924623115578,267915.0,1.291081126476681,-0.002001683861354908,0.0023988383407489433,-0.007720933328590696,0.0025953757489405316,238800.0,1
2023-03-31,17210.349609375,17381.599609375,17204.650390625,17359.75,263900,0.016337198944623932,0.016205182818433635,0.010193074137012342,0.008680845771059587,17064.5796875,17214.380078125,17557.3609765625,17212.894198639453,17478.005219341376,1.0084446794607334,0.988744836036219,0.9804651223554981,0.022027505606484032,48.266853485335794,-141.56424607681765,-172.70819570345563,31.143949626637976,0.007492052197819977,0.00850016496902824,211.62848772321428,-0.23706273489447816,267465.0,0.9866711532350028,0.007609856589321451,-0.002001683861354908,0.0023988383407489433,-0.004372693304643627,345900.0,1
2023-04-03,17427.94921875,17428.05078125,17312.75,17398.05078125,230200,0.002206297973761151,0.002203867672376198,0.006627224089623905,-0.001715545364788734,17155.1796875,17218.18759765625,17542.015,17230.528158888075,17474.86975118093,1.0104461159209481,0.9917931766248063,0.9815398970788847,0.01742684883291412,59.28181923657037,-110.07654690292838,-160.18186594335018,50.10531904042179,0.007322425078661365,0.00834461265585555,190.11774553571428,-0.12769988632057594,263440.0,0.8738232614637109,0.016337198944623932,0.007609856589321451,-0.002001683861354908,-0.007720933328590696,263900.0,1
2023-04-05,17422.30078125,17570.55078125,17402.69921875,17557.05078125,248300,0.009138954817361267,0.00909744726853034,0.009560350687101536,0.007734340124871388,17269.45,17216.32265625,17530.9990234375,17261.625551493973,17478.092536673834,1.019790993222139,1.001486039545018,0.9820502889329464,0.03347286251499049,68.873285518714,-71.46850285611436,-142.439193325903,70.97069046978865,0.007022643923082108,0.007823601469502305,185.47126116071428,0.07862728062554303,258045.0,0.9622352690422213,0.002206297973761151,0.016337198944623932,0.007609856589321451,0.0023988383407489433,230200.0,1
2023-04-06,17533.849609375,17638.69921875,17502.849609375,17599.150390625,242700,0.002397874785437182,0.002395004471214228,0.007719100431539386,0.003724269496134207,17398.940234375,17210.70771484375,17522.4290234375,17293.770774268356,17482.83990349545,1.0225698258443046,1.0043784664263657,0.9822101543012786,0.028738880059915317,73.53603603603604,-37.047206027633365,-121.36079586624909,84.31358983861573,0.0069033962571404634,0.007687657314635733,175.71414620535714,-0.022553362867498983,252040.0,0.96294239009681,0.009138954817361267,0.002206297973761151,0.016337198944623932,-0.002001683861354908,248300.0,1
2023-04-10,17634.900390625,17694.099609375,17597.94921875,17624.05078125,254800,0.0014148632219350699,0.0014138632460749291,0.005455635132831844,-0.0006152350812691763,17507.610546875,17204.190234375,17512.5390234375,17325.226013028514,17488.37758497602,1.0244045515165308,1.0063675380059545,0.9823926851126596,0.027527584691610762,73.76160686896941,-7.670407197310851,-98.62271813246144,90.95231093515059,0.006918010737628433,0.007672032762739515,167.41782924107142,0.049855789039967124,251430.0,1.0134033329356082,0.002397874785437182,0.009138954817361267,0.002206297973761151,0.007609856589321451,242700.0,1
2023-04-11,17704.80078125,17748.75,17655.150390625,17722.30078125,304300,0.005574768321964241,0.005559286811614234,0.005281459249017338,0.0009884324718600116,17580.120703125,17210.82529296875,17504.6190234375,17363.042657621038,17497.55104365343,1.0297182429996663,1.012435675264971,0.9832162168125237,0.03779376677627733,73.4413260501036,23.270622167729016,-74.24405007242336,97.51467224015238,0.006485487864319302,0.007476880398101867,162.92131696428572,0.19427001569858704,253525.0,1.2002761068928114,0.0014148632219350699,0.002397874785437182,0.009138954817361267,0.016337198944623932,254800.0,1
2023-04-12,17759.55078125,17825.75,17717.25,17812.400390625,232800,0.005083967961446945,0.005071088231309614,0.006091262133154473,0.0029758415641231778,17662.990625,17230.80029296875,17503.028046875,17405.838632192845,17509.898076868005,1.0337535162480862,1.0176753612530054,0.9844468195344718,0.051186014168499216,81.55397461250108,54.43441034213174,-48.50835798951235,102.94276833164409,0.005083979247319691,0.007119453742103963,153.65345982142858,-0.2349654945777193,253370.0,0.9188143821289024,0.005574768321964241,0.0014148632219350699,0.002397874785437182,0.002206297973761151,304300.0,1
2023-04-13,17807.30078125,17842.150390625,17729.650390625,17828.0,285800,0.0008757724412713497,0.0008753891763391581,0.006310298407000224,0.0011624006919563584,17717.18046875,17264.48525390625,17507.5010546875,17446.04447674591,17522.37266208887,1.0326401127983964,1.0183063787522486,0.9861193325065553,0.04958882000690368,79.96591533095271,79.47456182102542,-22.911774027404796,102.3863358484302,0.005191843984493079,0.0060326770694597845,151.7392578125,0.2276632302405499,254915.0,1.1211580330698467,0.005083967961446945,0.005574768321964241,0.0014148632219350699,0.009138954817361267,232800.0,0
2023-04-17,17863.0,17863.0,17574.05078125,17706.849609375,357400,-0.006795512150830185,-0.00681870678285114,0.016318499627229796,-0.008741554645076414,17738.7203125,17297.6626953125,17508.6590625,17470.883060805823,17529.607052178522,1.0236556187543988,1.0113195731419253,0.9879490275963275,0.04454717965911881,71.69551420080572,88.52280248174429,-0.6248587255749811,89.14766120731927,0.006049487146442672,0.0060570857914687805,165.25348772321428,0.2505248425472357,258255.0,1.383903506224468,0.0008757724412713497,0.005083967961446945,0.005574768321964241,0.002397874785437182,285800.0,0
2023-04-18,17766.599609375,17766.599609375,17610.19921875,17660.150390625,258900,-0.0026373533282438855,-0.0026408372714739102,0.008856118841888578,-0.00599153586451227,17745.940234375,17332.0626953125,17508.6190625,17488.908520788602,17534.726398784267,1.01892952391646,1.008654670455967,0.9899160312668147,0.03392432384963007,73.31790383738436,90.87777925316914,17.675668870173844,73.2021103829953,0.006302739627796236,0.005984804002175222,164.9892578125,-0.2756015668718522,258790.0,1.0004250550639515,-0.006795512150830185,0.0008757724412713497,0.005083967961446945,0.0014148632219350699,357400.0,0
2023-04-19,17653.349609375,17666.150390625,17579.849609375,17618.75,281500,-0.002344283016240789,-0.0023470351496987078,0.0048982351897836115,-0.0019599458539372896,17725.230078125,17363.72021484375,17508.668046875,17501.27437595159,17538.0214419692,1.0146875083219915,1.0062872831234384,0.9917213672882947,0.014919569694264112,79.03377315991663,88.38460705268153,31.81745650667538,56.56715054600615,0.0045921329795939134,0.006058496126513785,157.43219866071428,0.08729239088451135,255375.0,1.1023005384238864,-0.0026373533282438855,-0.006795512150830185,0.0008757724412713497,0.005574768321964241,258900.0,1
2023-04-20,17638.599609375,17684.44921875,17584.349609375,17624.44921875,215100,0.0003234746363958152,0.00032342232975522987,0.005679587948116287,-0.0008022400268941418,17687.63984375,17389.94013671875,17508.9490234375,17513.00531336096,17541.410766548837,1.0134853300349256,1.0065966378197737,0.9932029680045646,0.01301286220775899,78.38258164852255,85.87867355312483,42.629699915965276,43.24897363715955,0.0045977382221114626,0.005954914508326629,152.26436941964286,-0.23587921847246895,245725.0,0.8753688065927357,-0.002344283016240789,-0.0026373533282438855,-0.006795512150830185,0.005083967961446945,281500.0,0
2023-04-21,17639.75,17663.19921875,17553.94921875,17624.05078125,230200,-2.260708945023282e-05,-2.260734499433094e-05,0.0061989154114461395,-0.0008899910004393487,17646.85,17421.72265625,17504.3490234375,17523.581072207537,17544.651551439078,1.0116135544683014,1.006838400996931,0.9952796663802312,0.0038161306722170885,80.79524228696567,82.90487681069862,50.684735294911945,32.22014151578668,0.003693157201798735,0.005661501743577176,149.49651227678572,0.07019990701999079,245145.0,0.9390360806869403,0.0003234746363958152,-0.002344283016240789,-0.0026373533282438855,0.0008757724412713497,215100.0,1
2023-04-24,17707.55078125,17754.5,17612.5,17743.400390625,255700,0.006771973756565242,0.006749146939408538,0.00800297557817767,0.002024537996127623,17654.16015625,17453.51767578125,17503.9250390625,17544.51624539015,17552.445623564017,1.0166088418523216,1.0136812372669604,0.9971202251398612,0.008196418395108429,80.62395416465849,89.15096071694279,58.37798037931812,30.772980337624674,0.0041813993251505095,0.005650391626415892,146.3857421875,0.11077324066029548,245595.0,1.0411449744498056,-2.260708945023282e-05,0.0003234746363958152,-0.002344283016240789,-0.006795512150830185,230200.0,1
2023-04-25,17761.55078125,17807.44921875,17716.849609375,17769.25,297400,0.0014568576938982503,0.0014557975062981768,0.005098673797430955,0.0004334767186054322,17675.980078125,17484.38515625,17504.8800390625,17565.9194601149,17560.94775597327,1.0162925285164044,1.0151026433970158,0.9988291903305383,0.008238697252533678,74.7044850404389,95.09072793588348,65.72052989063118,29.370198045252295,0.004182086163908337,0.00564798361085331,131.3642578125,0.16308173640985535,260465.0,1.1418040811625363,0.006771973756565242,-2.260708945023282e-05,0.0003234746363958152,-0.0026373533282438855,255700.0,1
2023-04-26,17767.30078125,17827.75,17711.19921875,17813.599609375,233000,0.0024958627615121465,0.002492753268886545,0.006542797851404568,0.0026058447872880945,17714.95,17521.2201171875,17503.718046875,17589.508045758717,17570.855671792946,1.0166871650622489,1.0177037565201938,1.00099990586375,0.005151635177165881,74.88776228766075,102.19859726911818,73.01614336632859,29.18245390278959,0.003898839368921455,0.0054600479247042975,131.45354352678572,-0.21654337592468054,261155.0,0.8921904616032624,0.0014568576938982503,0.006771973756565242,-2.260708945023282e-05,-0.002344283016240789,297400.0,1
2023-04-27,17813.099609375,17931.599609375,17797.900390625,17915.05078125,241400,0.005695152810193838,0.005678996739265909,0.007462955052850334,0.005723381899315451,17773.0703125,17569.7201171875,17504.150078125,17620.512115805504,17584.353519222637,1.019654875647375,1.0234744732701135,1.0037459710280046,0.0057628611738946844,73.02852433312562,114.69575536046614,81.3520657651561,33.34368959531004,0.003981651136013645,0.004988750951912357,128.68205915178572,0.036051502145922676,261825.0,0.9219898787357969,0.0024958627615121465,0.0014568576938982503,0.006771973756565242,0.0003234746363958152,233000.0,1
2023-04-28,17950.400390625,18089.150390625,17885.30078125,18065.0,290300,0.008370013603697934,0.008335179280697748,0.011284229691392195,0.006384236946316374,17861.26015625,17623.68515625,17508.320078125,17662.8442952526,17603.202400821752,1.0250410081567698,1.0317951647782884,1.00658915747543,0.0132936953107472,76.31483136398239,135.1416629920277,92.10998521053043,43.03167778149728,0.004681556070556092,0.005138989631152265,133.53920200892858,0.2025683512841756,265420.0,1.0937382262075201,0.005695152810193838,0.0024958627615121465,0.0014568576938982503,-2.260708945023282e-05,241400.0,1
2023-05-02,18124.80078125,18180.25,18101.75,18147.650390625,265200,0.004575166931912511,0.004564732669242972,0.004325628845073672,0.0012606819600818888,17942.11015625,17683.48271484375,17515.855078125,17709.016304335684,17624.553302382665,1.026248657194186,1.0360699097864212,1.0095700515887513,0.024894365230086812,77.76548741307847,156.21365411513762,104.93071899145187,51.282935123685746,0.003779627676225901,0.005005130914282786,134.90345982142858,-0.08646228039958659,266740.0,0.9942265876883857,0.008370013603697934,0.005695152810193838,0.0024958627615121465,0.006771973756565242,290300.0,0
2023-05-03,18113.80078125,18116.349609375,18042.400390625,18089.849609375,226200,-0.00318502836487633,-0.003190111363585117,0.004087884661665517,-0.001322260974615134,18006.230078125,17733.940234375,17519.055078125,17745.286142910856,17642.800216382366,1.020069390687926,1.032581353771912,1.0122657960313348,0.024331571886166303,70.36400586079952,166.33194775443917,117.21096474404933,49.120983010389835,0.003865002049586565,0.005110923547461844,131.27845982142858,-0.1470588235294118,260755.0,0.8674809687254319,0.004575166931912511,0.008370013603697934,0.005695152810193838,0.0014568576938982503,265200.0,1
2023-05-04,18081.0,18267.44921875,18066.69921875,18255.80078125,226600,0.009173717607303677,0.009131894646700034,0.010996504749667539,0.009667650088490682,18094.6703125,17778.7427734375,17523.8541015625,17793.90658465744,17666.839454220313,1.0268330564141606,1.041768590142635,1.0145452404703754,0.03615754700248308,72.66180730660885,185.60213513988128,130.88919882321574,54.71293631666555,0.003999433084705478,0.004323699805396211,137.86774553571428,0.0017683465959328348,258890.0,0.8752752134111013,-0.00318502836487633,0.004575166931912511,0.008370013603697934,0.0024958627615121465,226200.0,0
2023-05-05,18117.30078125,18216.94921875,18055.44921875,18069.0,239700,-0.010232406865540389,-0.010285117822267788,0.008937960042060988,-0.002666003166431258,18125.46015625,17812.290234375,17524.517109375,17820.10595754721,17682.610456015598,1.014411946035417,1.0310697799675017,1.016421172874775,0.025223527596939466,60.482818616789906,183.68324942887557,141.44800894434772,42.23524048452785,0.005904287528526742,0.005186908515936608,141.36774553571428,0.05781112091791707,259365.0,0.9241802093574693,0.009173717607303677,-0.00318502836487633,0.004575166931912511,0.005695152810193838,226600.0,1
2023-05-08,18120.599609375,18286.94921875,18100.30078125,18264.400390625,228400,0.010814123118324304,0.010756068652657526,0.010219248018446061,0.007935762852770182,18165.340234375,17847.65771484375,17530.9211328125,17862.419713078427,17705.42574756891,1.023349992611896,1.041839173894842,1.018067309734137,0.03633384954021235,72.78042007150154,195.67408808772961,152.29322477302412,43.38086331470549,0.006360636068554244,0.0053197355450779185,136.29631696428572,-0.04714226115978304,258370.0,0.8840035607849208,-0.010232406865540389,0.009173717607303677,-0.00318502836487633,0.008370013603697934,239700.0,1
2023-05-09,18303.400390625,18344.19921875,18229.650390625,18265.94921875,245400,8.480038171931881e-05,8.479678637020549e-05,0.006271167556264506,-0.0020461319249827745,18189.0,17880.99765625,17539.348125,17900.851094570957,17727.407060164245,1.0215285282119282,1.0414269155598963,1.0194790324483625,0.029450320492181215,75.69994183377717,202.962268903495,162.42703359911832,40.53523530437667,0.0063394998308316155,0.00533519267467566,133.30691964285714,0.07443082311733806,258505.0,0.9493046556159456,0.010814123118324304,-0.010232406865540389,0.009173717607303677,0.004575166931912511,228400.0,1
2023-05-10,18313.599609375,18326.75,18211.94921875,18315.099609375,220500,0.0026908205008338015,0.0026872067245805376,0.00626809483423375,8.190634457423259e-05,18234.05,17915.55009765625,17549.1161328125,17940.303334076103,17750.45382679996,1.0223018277161928,1.0436479803749374,1.0208804797957094,0.030718775940177467,79.34841482949766,210.2802506306216,171.99767700541898,38.282573625202616,0.0063202064975231426,0.00533719336536088,135.34263392857142,-0.10146699266503667,256790.0,0.8586782974414892,8.480038171931881e-05,0.010814123118324304,-0.010232406865540389,-0.00318502836487633,245400.0,0
2023-05-11,18357.80078125,18389.69921875,18270.400390625,18297.0,248900,-0.0009882342854272697,-0.0009887229108728535,0.006520130520030606,-0.003311986112851804,18242.28984375,17944.28505859375,17563.9701171875,17974.274445116473,17771.887010062706,1.0196561155963877,1.0417348627856742,1.0216531307482746,0.027136592335363474,78.05217022940563,212.17351248229534,180.03284410079425,32.14066838150109,0.006447429849037228,0.0053031253665019535,136.71400669642858,0.12879818594104298,254020.0,0.979844106763247,0.0026908205008338015,8.480038171931881e-05,0.010814123118324304,0.009173717607303677,220500.0,1
2023-05-12,18273.75,18342.75,18194.55078125,18314.80078125,241700,0.0009728797753729701,0.0009724068345624825,0.008091773452524842,0.002246434434639852,18291.45,17969.405078125,17580.0411328125,18006.70552474824,17793.1777461877,1.0192213209966237,1.041795104055024,1.0221480679351636,0.022313640350848596,78.39899144008865,212.65891087056298,186.55805745474802,26.100853415814953,0.006375362769598695,0.005240578378632359,139.49609375,-0.0289272800321414,254465.0,0.9498359302851079,-0.0009882342854272697,0.0026908205008338015,8.480038171931881e-05,-0.010232406865540389,248900.0,1
2023-05-15,18339.30078125,18458.900390625,18287.900390625,18398.849609375,216100,0.004589120522186851,0.004578622613795238,0.009294059336887464,0.0032470609886000885,18318.33984375,17997.94755859375,17598.702109375,18044.05258042698,17816.92958395975,1.0222748760366192,1.0454662789918896,1.0226860734807295,0.018480465506504284,77.75324348821363,217.3204952033011,192.71054500445865,24.609950198842455,0.006077872824716243,0.0052866313011600006,141.56752232142858,-0.10591642532064538,250980.0,0.8610247828512232,0.0009728797753729701,-0.0009882342854272697,0.0026908205008338015,0.010814123118324304,241700.0,0
2023-05-16,18432.349609375,18432.349609375,18264.349609375,18286.5,219500,-0.006106338807060685,-0.0061250587396132535,0.00918710524157165,-0.007912697646577756,18322.45,18026.930078125,17616.578125,18067.142810862504,17835.34411007898,1.0143990086359729,1.0380279229170677,1.023293510817669,0.007651106693499443,70.40672909179453,209.53378479928506,196.07519296342394,13.458591835861114,0.006471021332547521,0.005230639654691456,147.09612165178572,0.01573345673299409,244085.0,0.8992768912469017,0.004589120522186851,0.0009728797753729701,-0.0009882342854272697,8.480038171931881e-05,216100.0,0
2023-05-17,18300.44921875,18309.0,18115.349609375,18181.75,229900,-0.005728269488420423,-0.005744738948538704,0.010650811424917844,-0.006486136888289328,18295.780078125,18053.01005859375,17634.134140625,18078.05778125655,17848.928654781765,1.0071312175082385,1.031054309500426,1.0237536991965914,0.005080218609300857,63.86367347299021,192.68911100925106,195.39797657258939,-2.708865563338321,0.006691071359854332,0.005406510062781032,152.60323660714286,0.04738041002277904,242635.0,0.9475137552290478,-0.006106338807060685,0.004589120522186851,0.0009728797753729701,0.0026908205008338015,219500.0,0
2023-05-18,18287.5,18297.19921875,18104.849609375,18129.94921875,272100,-0.002849053652701161,-0.0028531199312594804,0.010609495208959105,-0.008615217019822282,18262.369921875,18078.57001953125,17647.7151171875,18082.999822922593,17859.94906905503,1.0028419946468798,1.027325582850827,1.0244142031692323,-0.00689378483080616,58.406939002548945,173.16357365512522,190.9510959890966,-17.787522333971367,0.00601355072643654,0.005426391048299986,156.79255022321428,0.18355806872553293,242165.0,1.1236140647905353,-0.005728269488420423,-0.006106338807060685,0.004589120522186851,-0.0009882342854272697,229900.0,1
2023-05-19,18186.150390625,18218.099609375,18060.400390625,18203.400390625,260900,0.0040513721791914925,0.004043187469679982,0.008663173657995089,0.0009485239937800367,18240.08984375,18107.517578125,17665.3451171875,18094.466543656155,17873.417748332282,1.0052951936722587,1.0304582372927433,1.0250305022632866,0.007438175362499244,55.7589874207805,161.75176666223706,185.11123012372468,-23.35946346148762,0.005113408013739231,0.00545015935331939,153.49609375,-0.041161337743476634,244455.0,1.067272095068622,-0.002849053652701161,-0.005728269488420423,-0.006106338807060685,0.0009728797753729701,272100.0,1
2023-05-22,18201.099609375,18335.25,18178.849609375,18314.400390625,262600,0.006097761825706316,0.0060792457091855085,0.008539749447929519,0.006224941551973111,18223.2,18142.03505859375,17679.7461328125,18115.412624319855,17890.711185284938,1.0095008818732054,1.035897249487911,1.0261479391337678,0.002737565916790974,56.77871361967554,159.82226811610235,180.05343772220021,-20.231169606097865,0.004233872408150282,0.005523888785767529,156.43540736607142,0.006515906477577715,246075.0,1.0671543228690439,0.0040513721791914925,-0.002849053652701161,-0.005728269488420423,0.004589120522186851,260900.0,1
2023-05-23,18362.900390625,18419.75,18324.19921875,18348.0,270400,0.001834600568861644,0.0018329197446846867,0.0052076946397427515,-0.0008114399309494294,18235.5,18172.2650390625,17692.4771484375,18137.56380295606,17908.644079979647,1.0096705039553269,1.0370509367378435,1.0271181862550756,0.004492007519969254,60.7049542800217,159.16952706154188,175.87665559006857,-16.70712852852668,0.004261221504091261,0.005405861566969226,158.67829241071428,0.02970297029702973,246810.0,1.095579595640371,0.006097761825706316,0.0040513721791914925,-0.002849053652701161,-0.006106338807060685,262600.0,0
2023-05-24,18294.80078125,18392.599609375,18262.94921875,18285.400390625,232600,-0.0034117947119577385,-0.003417628155656871,0.007090377451700335,-0.0005138285317998262,18256.230078125,18198.07255859375,17703.0971484375,18151.64347797215,17923.41883725986,1.0047987407320238,1.032892732684286,1.027959820025048,-0.0016215701461321785,51.342507206397975,151.8505214753568,171.07142876712624,-19.220907291769436,0.004341359117555726,0.005524805907017342,153.59974888392858,-0.139792899408284,243570.0,0.9549616126780802,0.001834600568861644,0.006097761825706316,0.0040513721791914925,-0.005728269488420423,270400.0,1
2023-05-25,18268.900390625,18338.099609375,18202.400390625,18321.150390625,235900,0.001955111686716471,0.0019532029433287895,0.007406697497523834,0.0028600517208366293,18294.4703125,18223.45009765625,17717.7281640625,18167.786993462898,17939.0161530781,1.0053612401847725,1.0340575394867182,1.0285432719652807,0.0013199098554408373,63.25224650014063,147.23761941808698,166.3046668973184,-19.067047479231434,0.004378652876292437,0.0055206677474894895,151.7568359375,0.014187446259673164,243715.0,0.9679338571692345,-0.0034117947119577385,0.001834600568861644,0.006097761825706316,-0.002849053652701161,232600.0,1
2023-05-26,18368.349609375,18508.55078125,18333.150390625,18499.349609375,198700,0.009726420827874671,0.009679423693686186,0.009481435527663715,0.007131832896578747,18353.66015625,18252.6650390625,17739.4571484375,18199.364385454526,17960.990014109353,1.0135149891692292,1.0428362860587552,1.0289303041423792,0.010076485697509519,62.57558270818175,156.1609230693066,164.27591813171608,-8.114995062409491,0.005327297448344498,0.005751333752911999,149.57477678571428,-0.15769393810936838,241580.0,0.8225018627369816,0.001955111686716471,-0.0034117947119577385,0.001834600568861644,0.0040513721791914925,235900.0,1
2023-05-29,18619.150390625,18641.19921875,18581.25,18598.650390625,265300,0.005367798508963517,0.005353443226476252,0.0032233101591187785,-0.0011010169406184094,18410.51015625,18279.34755859375,17768.344140625,18237.39162404219,17985.996303384476,1.017467955626301,1.0467295232143559,1.0287592031043797,0.010859417055520293,66.1207988143841,169.29393357303343,165.27952121997956,4.014412353053871,0.005390348767701908,0.005604454346897542,151.52483258928572,0.33517866129843976,240330.0,1.1038988058086798,0.009726420827874671,0.001955111686716471,-0.0034117947119577385,0.006097761825706316,198700.0,1
2023-05-30,18606.650390625,18662.44921875,18575.5,18633.849609375,234400,0.0018925684396833287,0.0018907797884415813,0.004666197300758207,0.0014618009248835236,18467.680078125,18303.65751953125,17800.1551171875,18275.14952740722,18011.402315384104,1.0180396781075811,1.0468363610709492,1.0282864053166356,0.01899486557706509,65.65647844356184,180.4619685566031,168.31601068730427,12.145957869298826,0.0047588567515178095,0.005558083781542039,149.53543526785714,-0.11647191858273653,238790.0,0.9816156455462959,0.005367798508963517,0.009726420827874671,0.001955111686716471,0.001834600568861644,265300.0,0
2023-05-31,18594.19921875,18603.900390625,18483.849609375,18534.400390625,696500,-0.0053370195013254795,-0.005351312266430236,0.0064771872151161486,-0.003215993731243888,18517.480078125,18325.88505859375,17831.4001171875,18299.84008580891,18031.912043824923,1.011378186175705,1.0394248499174155,1.027731133739163,0.019395844218790925,60.79780968337417,179.2220358536215,170.49721572056774,8.724820133053754,0.004689928897484611,0.005670299994675909,149.58914620535714,1.9714163822525599,262305.0,2.6553058462476886,0.0018925684396833287,0.005367798508963517,0.009726420827874671,-0.0034117947119577385,234400.0,0
2023-06-01,18579.400390625,18580.30078125,18464.55078125,18487.75,265600,-0.0025169624936233204,-0.0025201353688439534,0.006260902489486282,-0.004932903575900435,18550.8,18337.48251953125,17861.443125,18317.736268112825,18049.788042106302,1.0081945534404027,1.0350647408844238,1.0266517879434365,0.01973534381883213,57.6651800862863,172.48676356235592,170.89512528892539,1.591638273430533,0.004653305425824419,0.005406395076627703,147.27134486607142,-0.618664752333094,264255.0,1.005089780704244,-0.0053370195013254795,0.0018925684396833287,0.005367798508963517,0.001955111686716471,696500.0,1
2023-06-02,18550.849609375,18573.69921875,18478.400390625,18534.099609375,270900,0.002507044360454902,0.002503906967370625,0.0051418105078487614,-0.0009029236047245562,18557.75,18360.7375,17890.1241015625,18338.342300613986,18068.78065258743,1.0094420014106187,1.0359961453680613,1.0263057648882603,0.018166892539501323,56.20157260303416,168.94158444029017,170.50441711919834,-1.5628326789081655,0.004601702342208417,0.004765634908601851,141.86411830357142,0.019954819277108404,265815.0,1.0191298459454885,-0.0025169624936233204,-0.0053370195013254795,0.0018925684396833287,0.009726420827874671,265600.0,1
2023-06-05,18612.0,18640.150390625,18582.80078125,18593.849609375,256100,0.003223787573137793,0.0032186023111129003,0.003084332216287497,-0.0009751982927681066,18556.78984375,18377.2099609375,17922.2330859375,18362.676330019796,18089.371592069296,1.0117884950380382,1.03747393085544,1.0253861710657581,0.015258442143322837,64.80703979645413,169.00514399490567,170.20456249433983,-1.1994184994341595,0.004390208058817783,0.004245716439034671,137.43917410714286,-0.054632705795496506,267200.0,0.9584580838323353,0.002507044360454902,-0.0025169624936233204,-0.0053370195013254795,0.005367798508963517,270900.0,1
2023-06-06,18600.80078125,18622.75,18531.599609375,18599.0,220800,0.00027699431442118616,0.00027695595857881204,0.004900822120812947,-9.681202821199105e-05,18549.819921875,18393.8625,17952.0630859375,18385.183346208385,18109.357019831285,1.0111524971984542,1.0360369118003638,1.0246099521791774,0.013679965118813975,72.2355448974154,167.53981419160118,169.6716128337921,-2.1317986421909154,0.004405209084938622,0.004244006286790805,130.11774553571428,-0.1378367825068333,265970.0,0.8301688160318833,0.003223787573137793,0.002507044360454902,-0.0025169624936233204,0.0018925684396833287,256100.0,1
2023-06-07,18665.599609375,18738.94921875,18636.0,18726.400390625,260100,0.006849851638528914,0.006826497990157328,0.005497544461429944,0.003257370913467047,18588.219921875,18414.4275390625,17983.5530859375,18417.680207581394,18133.554799078098,1.0169417621536543,1.0413070376658982,1.0239593617048863,0.02411760150606823,79.41516997983013,174.64547226802097,170.66638472063786,3.979087547383102,0.004361977202416336,0.004432322327228562,126.37486049107143,0.1779891304347827,267950.0,0.9707034894569883,0.00027699431442118616,0.003223787573137793,0.002507044360454902,-0.0053370195013254795,220800.0,0
2023-06-08,18725.349609375,18777.900390625,18615.599609375,18634.55078125,286500,-0.0049048192636628185,-0.004916887367083021,0.0087096696429788,-0.004848979058823063,18617.580078125,18431.305078125,18014.70609375,18438.334547930786,18153.20170033974,1.011027200855474,1.034407704698277,1.0231254943714865,0.017105934067620954,70.88404971703523,170.895287138228,170.7121652041559,0.18312193407211907,0.004939942620834107,0.004613565143760656,126.70354352678571,0.10149942329873118,269830.0,1.0617796390319831,0.006849851638528914,0.00027699431442118616,0.003223787573137793,-0.0025169624936233204,260100.0,0
2023-06-09,18655.900390625,18676.650390625,18555.400390625,18563.400390625,221800,-0.00381819725413457,-0.003825505177262602,0.006531669707519448,-0.004958216867757467,18623.440234375,18443.73505859375,18047.0730859375,18450.245580568328,18169.287923488184,1.0064881289853214,1.028610030126704,1.0219792966298415,0.003462326114294312,62.54536437135412,160.33376862898513,168.63648588912173,-8.302717260136603,0.004322350140324195,0.004733549542994805,124.19280133928571,-0.2258289703315881,268835.0,0.8250413822604944,-0.0049048192636628185,0.006849851638528914,0.00027699431442118616,0.002507044360454902,286500.0,1
2023-06-12,18595.05078125,18633.599609375,18559.75,18601.5,179500,0.0020524046550352004,0.0020503013499982166,0.003970088937720076,0.00034682447635491046,18624.9703125,18453.867578125,18079.3891015625,18464.650763371345,18186.237416684726,1.008000080267727,1.0288787909538588,1.0207130049836768,0.00015321592240025161,62.714434613606265,153.27119426414356,165.5634275641261,-12.292233299982541,0.004012218332445026,0.004656927205179428,121.94280133928571,-0.19071235347159599,267005.0,0.6722720548304338,-0.00381819725413457,-0.0049048192636628185,0.006849851638528914,0.003223787573137793,221800.0,1
2023-06-13,18631.80078125,18728.900390625,18631.80078125,18716.150390625,233200,0.0061635024393194016,0.00614458574708609,0.005188011815914752,0.004527185019060784,18648.400390625,18475.35009765625,18114.678125,18488.603108824074,18207.01831762356,1.0130335983727474,1.0332035855936579,1.0199104819951776,0.004416735294922258,70.53245249151867,155.13705811062027,163.47815367342494,-8.341095562804668,0.0044362411845880025,0.004538284868136288,121.78208705357143,0.2991643454038997,267690.0,0.8711569352609362,0.0020524046550352004,-0.00381819725413457,-0.0049048192636628185,0.00027699431442118616,179500.0,1
2023-06-14,18744.599609375,18769.69921875,18690.0,18755.900390625,261400,0.0021238341844009856,0.002121582036807868,0.004249287802244731,0.0006028819759024344,18654.300390625,18504.0576171875,18148.1821484375,18514.059992805116,18228.543104800086,1.0136101377680307,1.033486452649464,1.0196094278666163,0.011950750784041508,70.64439539240601,158.00191373836424,162.3829056864128,-4.380991948048575,0.003955525683127488,0.004239297159543797,117.78208705357143,0.12092624356775294,269265.0,0.9707908565910905,0.0061635024393194016,0.0020524046550352004,-0.00381819725413457,0.006849851638528914,233200.0,0
2023-06-15,18774.44921875,18794.099609375,18669.05078125,18688.099609375,263000,-0.0036149041015322014,-0.0036214536561356998,0.006691361387129406,-0.004599315184637366,18665.01015625,18531.96513671875,18174.749140625,18530.6351943832,18246.564928508906,1.0084251438800136,1.0282452574601173,1.0196545214093373,0.010836884389663348,60.012723120853074,153.03725780581954,160.51377611029417,-7.476518304474638,0.004083502257487284,0.004284580906076638,113.32840401785714,0.006120887528691554,268810.0,0.9783862207507161,0.0021238341844009856,0.0061635024393194016,0.0020524046550352004,-0.0049048192636628185,261400.0,1
2023-06-16,18723.30078125,18864.69921875,18710.5,18826.0,272800,0.0073790483520230765,0.007351956368470602,0.008190758459046,0.005485102223687271,18717.530078125,18563.0951171875,18203.308125,18558.765175870518,18269.287872488952,1.0141627719490096,1.034207621533627,1.0197649234807697,0.01574936990612419,61.585869584691125,158.40415673694952,160.09185223562525,-1.6876954986757369,0.004534500420713786,0.004448055655334693,115.810546875,0.03726235741444861,269405.0,1.012601844806147,-0.0036149041015322014,0.0021238341844009856,0.0061635024393194016,-0.00381819725413457,263000.0,0
2023-06-19,18873.30078125,18881.44921875,18719.150390625,18755.44921875,219800,-0.0037475183921172883,-0.003754557931873424,0.008653422599057149,-0.006244353537621868,18748.319921875,18585.14755859375,18227.27609375,18577.496989478088,18288.35302332272,1.0091633203136716,1.028977073825151,1.0196338423252647,0.008691024869509567,55.98127770444366,155.17583395664406,159.108648579829,-3.932814623184953,0.004781021060220836,0.0044797475891976725,121.19266183035714,-0.19428152492668627,267265.0,0.8224047293884347,0.0073790483520230765,-0.0036149041015322014,0.0021238341844009856,0.0020524046550352004,272800.0,1
2023-06-20,18752.349609375,18839.69921875,18660.650390625,18816.69921875,211600,0.003265717567498605,0.0032603966930515953,0.009515421703004416,0.003431549150663724,18768.4296875,18608.58251953125,18251.6270703125,18600.27815417065,18309.07248196693,1.0111839093063812,1.0309600972154767,1.0195574590606973,0.011704888367654265,64.42798932302637,155.76417555091757,158.4397539740467,-2.6755784231291386,0.0048330278683220195,0.0045018500122375954,125.40680803571429,-0.03730664240218384,264325.0,0.8005296509978247,-0.0037475183921172883,0.0073790483520230765,-0.0036149041015322014,0.0061635024393194016,219800.0,1
2023-06-21,18849.400390625,18875.900390625,18794.849609375,18856.849609375,217500,0.0021337637466720683,0.0021314905059401927,0.004298214332138717,0.0003951965895798451,18788.61953125,18637.15498046875,18276.283046875,18624.713530856778,18330.553937943718,1.0117879917367476,1.0317661179251254,1.0197453679540958,0.00696605946839135,68.99045949960106,157.65291678659196,158.28238653655575,-0.6294697499637891,0.004433312962559881,0.004367298742292963,122.92829241071429,0.027882797731568987,263570.0,0.8252077247031149,0.003265717567498605,-0.0037475183921172883,0.0073790483520230765,0.0021238341844009856,211600.0,0
2023-06-22,18853.599609375,18886.599609375,18759.5,18771.25,252700,-0.004539443817404343,-0.004549778379793411,0.006770972064993008,-0.004367845455572922,18805.249609375,18659.6599609375,18297.26203125,18638.669385060894,18347.836136455728,1.0059802825612099,1.02590485767436,1.0198061288660871,0.00733579362093062,61.72789423153079,150.5076265021562,156.72743452967583,-6.219808027519633,0.00438292028516362,0.004572086437991504,125.19977678571429,0.16183908045977002,264410.0,0.955712718883552,0.0021337637466720683,0.003265717567498605,-0.0037475183921172883,-0.0036149041015322014,217500.0,0
2023-06-23,18741.849609375,18756.400390625,18647.099609375,18665.5,210600,-0.005633615236065759,-0.005649543898520234,0.005855764980847018,-0.0040737499748588635,18773.149609375,18667.96748046875,18314.3240234375,18641.224681721764,18360.29354286923,0.9998678227572803,1.0191749352098984,1.0193096647508626,0.005500048871787788,53.38915875693584,134.75838053569169,152.33362373087903,-17.57524319518734,0.004624889703389609,0.004358033157786728,125.43191964285714,-0.1666007123070835,265005.0,0.7947019867549668,-0.004539443817404343,0.0021337637466720683,0.003265717567498605,0.0073790483520230765,252700.0,1
2023-06-26,18682.349609375,18722.05078125,18646.69921875,18691.19921875,171300,0.0013768299134766515,0.0013758829522746805,0.00403139261521601,0.0004736882437185081,18760.299609375,18672.594921875,18331.5880078125,18645.984161438737,18373.270236041026,1.0009963423376793,1.0196170244925993,1.0186021480472487,0.004822149759428074,54.27798278874526,122.93359980087553,146.45361894487834,-23.520019144002816,0.004605432918475547,0.004210611426950992,124.30343191964286,-0.18660968660968658,260305.0,0.6580741822093313,-0.005633615236065759,-0.004539443817404343,0.0021337637466720683,-0.0037475183921172883,210600.0,1
2023-06-27,18748.55078125,18829.25,18714.25,18817.400390625,222500,0.00675190341711196,0.006729211402828641,0.006111364886368366,0.0036722630019945294,18760.43984375,18681.7724609375,18353.7990234375,18662.309516599333,18390.68710484824,1.00725990694786,1.0252591502497923,1.0178695123053916,0.005409766318757336,54.22704393614435,122.33554769609327,141.63000469512133,-19.294456999028057,0.004688281007814459,0.004442561829027207,124.16782924107143,0.29889083479276124,259710.0,0.8567248084401833,0.0013768299134766515,-0.005633615236065759,-0.004539443817404343,0.003265717567498605,171300.0,1
2023-06-28,18908.150390625,19011.25,18861.349609375,18972.099609375,398800,0.00822107281232487,0.008187463868637099,0.00790109654236304,0.0033820980597714712,18783.48984375,18703.657421875,18380.0380078125,18691.813334958922,18413.48759522184,1.0143523900938243,1.0322122076848177,1.017607113430611,0.01152699759794329,64.81449415992196,132.8135294778658,139.86670965167025,-7.053180173804435,0.00527181667017515,0.004536129123672751,126.42131696428571,0.7923595505617977,244825.0,1.628918615337486,0.00675190341711196,0.0013768299134766515,-0.005633615236065759,0.0021337637466720683,222500.0,1
2023-06-30,19076.849609375,19201.69921875,19024.599609375,19189.05078125,247900,0.01143527476356887,0.011370386219451868,0.009229201141520118,0.005881535692343069,18867.05,18738.7224609375,18411.4440234375,18739.16928222474,18443.90183781118,1.0240319648925507,1.0422349684697527,1.0177758157960548,0.02680589157517632,74.34337416235654,156.8158761575687,143.25654295284994,13.559333204718769,0.005863817394451608,0.004983226201044992,134.16057477678572,-0.37838515546639917,243940.0,1.0162335000409937,0.00822107281232487,0.00675190341711196,0.0013768299134766515,-0.004539443817404343,398800.0,1
2023-07-03,19246.5,19345.099609375,19234.400390625,19322.55078125,226100,0.00695709243369369,0.006933003527425256,0.005729016836504788,0.003951408372950926,18998.46015625,18778.14501953125,18445.4060546875,18794.729424989047,18478.358659122507,1.028991455820184,1.0475535601635395,1.0180391238803437,0.026375798430362307,76.1164529309896,184.48363066551246,151.50196049538246,32.98167017013,0.005827839483545397,0.005110074048567896,140.03194754464286,-0.08793868495361035,241700.0,0.9354571783202317,0.01143527476356887,0.00822107281232487,0.00675190341711196,-0.005633615236065759,247900.0,1
2023-07-04,19406.599609375,19434.150390625,19300.0,19389.0,226900,0.003438946519135566,0.0034330468644171055,0.00691889167182423,-0.0009068878489407246,19138.0203125,18817.9025390625,18480.7050390625,18851.326622609136,18514.07008425496,1.0303486246542093,1.0491482851448386,1.0182459218567292,0.03377955781600983,75.2523408878001,209.35906112711382,163.07338062172875,46.28568050538507,0.005382812159972287,0.005112806422655944,140.51409040178572,0.0035382574082265528,240240.0,0.9444721944721944,0.00695709243369369,0.01143527476356887,0.00822107281232487,0.0013768299134766515,226100.0,1
2023-07-05,19405.94921875,19421.599609375,19339.599609375,19398.5,224400,0.0004899685388621844,0.0004898485434720244,0.004227130963734309,-0.0003838626323314592,19254.240234375,18857.8775390625,18513.80703125,18903.438372836838,18548.753610362608,1.028668256001644,1.0477855779341712,1.018584535705257,0.030919385726815518,74.67736733545847,227.22033500868565,175.90277149912012,51.31756350956553,0.005457131503535769,0.005109045091432142,140.67843191964286,-0.011018069634200045,240420.0,0.9333666084352383,0.003438946519135566,0.00695709243369369,0.01143527476356887,0.00675190341711196,226900.0,1
2023-07-06,19385.69921875,19512.19921875,19373.0,19497.30078125,268300,0.00509321758125636,0.005080291021865595,0.0071394097219787435,0.005756901581969151,19359.28046875,18896.42255859375,18548.368046875,18959.996697447616,18585.951538632704,1.0317985174597497,1.0511599043094724,1.0187646972951558,0.03396384789305351,80.35258763042182,246.5063488331798,190.02348696593205,56.48286186724775,0.005481892709605999,0.0050385343344742555,141.68917410714286,0.19563279857397498,240830.0,1.1140638624756052,0.0004899685388621844,0.003438946519135566,0.00695709243369369,0.00822107281232487,224400.0,0
2023-07-07,19422.80078125,19523.599609375,19303.599609375,19331.80078125,237100,-0.00848835445771845,-0.008524585713268293,0.011380212453532988,-0.004685215125505884,19387.83046875,18931.28505859375,18578.7320703125,18995.4066101907,18615.200528539266,1.0211562881979024,1.0405339130833826,1.0189761597802793,0.02986219784244515,68.5873952812692,245.60500526168107,201.13979062508187,44.4652146365992,0.0062128903784557194,0.005354515154669917,144.78920200892858,-0.11628773760715616,238360.0,0.9947138781674778,0.00509321758125636,0.0004899685388621844,0.003438946519135566,0.01143527476356887,268300.0,1
2023-07-10,19400.349609375,19435.849609375,19327.099609375,19355.900390625,268200,0.0012466303397029588,0.0012458539412885826,0.0056184418087144574,-0.002291155553636024,19394.500390625,18970.91005859375,18607.5490625,19029.739351184442,18644.247581954394,1.0202937197447126,1.0402176195054706,1.0195276118780219,0.03698804696498881,72.84560337076147,244.0223829234783,209.71630908476118,34.30607383871711,0.005494449658479092,0.005189809875782028,140.96428571428572,0.1311682834247152,240680.0,1.1143426956955294,-0.00848835445771845,0.00509321758125636,0.0004899685388621844,0.00695709243369369,237100.0,1
2023-07-11,19427.099609375,19515.099609375,19406.44921875,19439.400390625,251300,0.004313930032438185,0.004304651710725516,0.005589184256804474,0.0006331764132235144,19404.58046875,19012.805078125,18635.0370703125,19068.754688274017,18675.430045039517,1.0224372632416463,1.0431640311354107,1.0202719214556497,0.04002959698404185,73.2977024042839,246.66252345139583,217.1055519580881,29.556971493307714,0.005438598524046174,0.005213323985902243,139.54645647321428,-0.06301267710663683,244270.0,1.028779629098948,0.0012466303397029588,-0.00848835445771845,0.00509321758125636,0.003438946519135566,268200.0,0
2023-07-12,19497.44921875,19507.69921875,19361.75,19384.30078125,327900,-0.002834429471475497,-0.00283845407345589,0.007529248560318121,-0.005803243092495873,19401.740625,19046.21259765625,18659.770078125,19098.806697128875,18703.228897439927,1.0177509403436646,1.038828490388227,1.0207099293245998,0.030126392533340374,69.51571851635589,241.52463025730322,221.98936761793115,19.535262639372064,0.005724511495106915,0.005242746179278854,144.18205915178572,0.3048149621965779,249005.0,1.3168410272886086,0.004313930032438185,0.0012466303397029588,-0.00848835445771845,0.0004899685388621844,251300.0,1
2023-07-13,19495.19921875,19567.0,19385.80078125,19413.75,310400,0.0015192303855748879,0.0015180775225879406,0.009333550640654175,-0.004177911589211367,19385.03046875,19079.105078125,18686.2480859375,19128.80129740232,18731.092470089345,1.017539864710881,1.0389324764777146,1.0210238561738432,0.023278941167205414,74.80313417035869,237.09602335016825,225.0106987643786,12.085324585789664,0.005429791239178893,0.005242254912796653,148.15345982142858,-0.05336992985666367,251455.0,1.2344157006223777,-0.002834429471475497,0.004313930032438185,0.0012466303397029588,0.00509321758125636,327900.0,1
2023-07-14,19493.44921875,19595.349609375,19433.5,19564.5,291200,0.007765114931427508,0.007735121594226721,0.008272616697334458,0.0036448542509172253,19431.5703125,19122.92509765625,18712.4220703125,19170.29641193543,18763.775118321137,1.0230913890050153,1.0455354163392527,1.0219374608910206,0.019565804636717976,83.53978973508487,242.95000912548494,228.59856083659986,14.35144828888508,0.004845383064307113,0.005247868487013704,153.31766183035714,-0.061855670103092786,252865.0,1.1516026338164633,0.0015192303855748879,-0.002834429471475497,0.004313930032438185,-0.00848835445771845,310400.0,1
2023-07-17,19612.150390625,19731.849609375,19562.94921875,19711.44921875,268700,0.007511013251041421,0.007482946045497489,0.008568643976939957,0.005063128017438966,19502.680078125,19167.19755859375,18745.2710546875,19221.834774489198,18800.938808534032,1.0283949522872335,1.0515425016391478,1.0225084237339286,0.020126661428023107,84.90542082853332,256.4902489451706,234.17689845831404,22.313350486856564,0.004911054446750816,0.005254593920220994,159.99972098214286,-0.07726648351648346,252660.0,1.0634845246576428,0.007765114931427508,0.0015192303855748879,-0.002834429471475497,0.0012466303397029588,291200.0,1
2023-07-18,19787.5,19819.44921875,19690.19921875,19749.25,286400,0.001917706853032497,0.0019158704007220429,0.006544552324771827,-0.0019330385344283006,19564.65,19216.88759765625,18774.968046875,19272.06479596642,18838.12748270917,1.0277028420777503,1.0518926024636917,1.0235376992215335,0.018580122750012862,83.93359326658141,267.19118008372243,240.77975478339573,26.411425300326698,0.004884978810454014,0.005060210308962664,159.37109375,0.06587272050614068,255990.0,1.1187937028790187,0.007511013251041421,0.007765114931427508,0.0015192303855748879,0.004313930032438185,268700.0,1
2023-07-19,19802.94921875,19851.69921875,19727.44921875,19833.150390625,259700,0.004248282371482448,0.00423928389630214,0.0062647636685461815,0.0015250845488410719,19654.419921875,19267.71015625,18806.3120703125,19325.501519267236,18877.14798890195,1.029346519632567,1.0546007274830593,1.0245342140560274,0.022406391763538425,83.06011830485699,279.2230954121187,248.46842290914034,30.754672502978366,0.004913561447231692,0.005071842596681942,154.39969308035714,-0.09322625698324027,258395.0,1.0050504073221231,0.001917706853032497,0.007511013251041421,0.007765114931427508,-0.002834429471475497,286400.0,1
2023-07-20,19831.69921875,19991.849609375,19758.400390625,19979.150390625,274700,0.007361412439498949,0.007334449485705515,0.011684641948515664,0.0074351254649723305,19767.5,19323.8251953125,18839.5930859375,19387.75379272988,18920.363769361677,1.0339128091197733,1.060487362942998,1.025702896403662,0.02471365727908248,82.08399095848038,297.11450377012807,258.1976390813379,38.916864688790156,0.005107450324250425,0.005177241264017222,154.67466517857142,0.057758952637658734,261255.0,1.0514631298922508,0.004248282371482448,0.001917706853032497,0.007511013251041421,0.0015192303855748879,259700.0,0
2023-07-21,19800.44921875,19887.400390625,19700.0,19745.0,312500,-0.011719737128305097,-0.011788954585924888,0.009491030165864776,-0.0028004020584286777,19803.6,19372.5126953125,18868.5530859375,19421.77724104132,18952.702445072984,1.0192276195941081,1.0464501390260659,1.026708969526158,0.02137406770458572,65.85830798964159,289.06740504041954,264.37159227315425,24.695812767265295,0.005925073513527085,0.005924006766516547,156.9140625,0.13760465962868573,264245.0,1.1826146190088744,0.007361412439498949,0.004248282371482448,0.001917706853032497,0.007765114931427508,274700.0,0
2023-07-24,19748.44921875,19782.75,19658.30078125,19672.349609375,265600,-0.0036794322929856182,-0.0036862180542648424,0.006326098367563213,-0.0038534473533622005,19795.780078125,19422.85517578125,18895.7040625,19445.64127612072,18980.923902496594,1.012845404619237,1.0411016993230917,1.0278979344478314,0.016348979503080674,60.587360410314496,273.67300985998736,266.2318757905209,7.441134069466443,0.006204151920801187,0.005796242418340614,156.22112165178572,-0.15008,266995.0,0.9947751830558624,-0.011719737128305097,0.007361412439498949,0.004248282371482448,0.007511013251041421,312500.0,1
2023-07-25,19729.349609375,19729.349609375,19615.94921875,19680.599609375,369700,0.0004193703428323481,0.00041928243166748923,0.005762039413218939,-0.0024709380169752253,19782.05,19472.3251953125,18921.3390625,19468.018260240176,19008.362165511433,1.010695919052987,1.0401272100440169,1.0291198276714197,0.012407749925575029,60.55050964728639,259.15121295383506,264.81574322318374,-5.664530269348688,0.006138777497975448,0.005811036667857267,158.46400669642858,0.3919427710843373,276915.0,1.3350667172236967,-0.0036794322929856182,-0.011719737128305097,0.007361412439498949,0.001917706853032497,265600.0,1
2023-07-26,19733.349609375,19825.599609375,19716.69921875,19778.30078125,244700,0.004964339187534694,0.0049520574860006375,0.005506053923916382,0.002277929128344456,19771.080078125,19520.37021484375,18951.175078125,19497.56897652683,19038.555836716867,1.0132134054614452,1.0436450879544528,1.0300348202352771,0.020325726702564717,60.51803547146638,252.6142722458353,262.37544902771407,-9.76117678187876,0.0060584610916762476,0.005757576846221977,158.87834821428572,-0.3381119826886665,278025.0,0.880136678356263,0.0004193703428323481,-0.0036794322929856182,-0.011719737128305097,0.004248282371482448,369700.0,0
2023-07-27,19850.900390625,19867.55078125,19603.55078125,19659.900390625,334900,-0.0059863783008722304,-0.006004368496797154,0.013428348809228493,-0.009621729807792684,19707.230078125,19554.76025390625,18980.7380859375,19513.029111202846,19062.922289811304,1.0053767029282676,1.0357816593650107,1.0302423522926136,0.012679177934453723,62.729856096026914,235.1688969718125,256.93413861653374,-21.765241644721243,0.006571883927269945,0.005891437965061989,162.02120535714286,0.3686146301593789,274830.0,1.2185714805516137,0.004964339187534694,0.0004193703428323481,-0.0036794322929856182,0.007361412439498949,244700.0,0
2023-07-28,19659.75,19695.900390625,19563.099609375,19646.05078125,258700,-0.0007044597937843067,-0.0007047080421790248,0.006759668023292691,-0.0006968155113874795,19687.440234375,19577.61025390625,19011.0601171875,19525.697841683526,19085.790073789292,1.0034958570763302,1.0334011180937994,1.0298010806986269,0.004168303879475532,61.34773063719986,217.7160683372167,249.09052456067036,-31.37445622345365,0.006178060074024959,0.005459871072924673,163.73911830357142,-0.2275306061510899,275370.0,0.9394632676035879,-0.0059863783008722304,0.004964339187534694,0.0004193703428323481,-0.011719737128305097,334900.0,1
2023-07-31,19666.349609375,19772.75,19597.599609375,19753.80078125,295100,0.005484562836559181,0.005469577389253641,0.008866667866330313,0.004446741444752503,19703.73046875,19599.17275390625,19042.068125,19547.421931166045,19111.986572121088,1.007889518056977,1.0373768569452588,1.0292565190529297,0.0021485768007212247,62.06724909030665,210.15654654843092,241.30372895822248,-31.147182409791554,0.005950791212142614,0.005388001782231801,164.87848772321428,0.14070351758793964,278820.0,1.058388924754322,-0.0007044597937843067,-0.0059863783008722304,0.004964339187534694,-0.0036794322929856182,258700.0,0
2023-08-01,19784.0,19795.599609375,19704.599609375,19733.55078125,298000,-0.0010251191770254131,-0.0010256449710540406,0.004611435671600694,-0.002550000947735544,19714.320703125,19616.40029296875,19070.4511328125,19565.1484883169,19136.36163914575,1.0059720686023745,1.034771052022811,1.028628014951198,-0.0007949273390128742,63.773300058538986,200.22351327746583,233.08768582207114,-32.86417254460531,0.00593001817276596,0.00537878161956251,160.95354352678572,0.00982717722805826,282375.0,1.0553342186808323,0.005484562836559181,-0.0007044597937843067,-0.0059863783008722304,0.0004193703428323481,295100.0,0
2023-08-02,19655.400390625,19678.25,19423.55078125,19526.55078125,290700,-0.010489749274959825,-0.010545154493387934,0.01304373832344062,-0.006555430406620318,19663.970703125,19622.80283203125,19094.0221484375,19561.47251621529,19151.66317413023,0.9950948877382524,1.0226525678796228,1.027693519965725,-0.015458946427387987,53.90205473713796,173.64665230132232,221.19947911792138,-47.552826816599065,0.006544763705593444,0.005955995566418944,166.09640066964286,-0.02449664429530196,285690.0,1.017536490601701,-0.0010251191770254131,0.005484562836559181,-0.0007044597937843067,0.004964339187534694,298000.0,0
2023-08-03,19463.75,19537.650390625,19296.44921875,19381.650390625,315700,-0.007420685416911321,-0.007448355676119346,0.012444821107271143,-0.004218077676449811,19608.320703125,19617.0203125,19115.9471484375,19544.346599492404,19160.682280659435,0.9880017495967508,1.0138995593639324,1.0262123116459578,-0.02990617660500572,43.64908262793213,139.28644057726342,204.8168714097898,-65.53043083252638,0.0059560783851978745,0.006087377546238931,170.35365513392858,0.08599931200550404,288060.0,1.0959522321738526,-0.010489749274959825,-0.0010251191770254131,0.005484562836559181,-0.0059863783008722304,290700.0,1
2023-08-04,19462.80078125,19538.849609375,19436.44921875,19517.0,280800,0.006983389270114548,0.006959118337332752,0.005246728012758108,0.0027847594680316637,19582.510546875,19626.2802734375,19139.864140625,19541.74216144551,19174.655524555146,0.994431941666226,1.0197042077521605,1.0254137714478373,-0.011547227146112893,43.19133046646752,121.57585674841903,188.16866847751567,-66.59281172909664,0.005844487485139049,0.005969449993717548,169.51785714285714,-0.11054798859676906,290245.0,0.9674585264173371,-0.007420685416911321,-0.010489749274959825,-0.0010251191770254131,-0.0007044597937843067,315700.0,1
2023-08-07,19576.849609375,19620.44921875,19524.80078125,19597.30078125,216600,0.004114401867602702,0.004105960861445235,0.004880694467449978,0.0010446610298935077,19551.210546875,19638.35029296875,19161.8231640625,19547.033458569746,19191.229848347102,0.9979097270846907,1.0227263143730616,1.0248685693853996,-0.0038149397309020783,44.83325186751533,112.72032368594955,173.07899951920245,-60.3586758332529,0.005988150614334494,0.006022864914746901,167.67494419642858,-0.2286324786324786,287665.0,0.7529591712582344,0.006983389270114548,-0.007420685416911321,-0.010489749274959825,0.005484562836559181,280800.0,0
2023-08-08,19627.19921875,19634.400390625,19533.099609375,19570.849609375,260300,-0.0013497354646058168,-0.0013506471779916257,0.005176105446207814,-0.0028709959453190256,19518.6703125,19644.92275390625,19181.2671484375,19549.301663408343,19206.116897799177,0.9962294000613202,1.0203105695740877,1.0241723136370853,-0.005576557735960441,40.71832780893985,102.387600895574,158.94071979447676,-56.55311889890277,0.00598798516974094,0.0059733078077193885,166.03571428571428,0.20175438596491224,288115.0,0.903458688370963,0.004114401867602702,0.006983389270114548,-0.007420685416911321,-0.0010251191770254131,216600.0,1
2023-08-09,19578.80078125,19645.5,19467.5,19632.55078125,266500,0.003152707884763739,0.0031477485221408875,0.009066575300546187,0.0027453162530503236,19539.8703125,19657.33525390625,19201.241171875,19557.230150821833,19222.839795189404,0.9987391743419889,1.0224625900749977,1.0237533645845411,-0.007369187151717971,36.95724073456153,98.04738335017464,146.76205250561634,-48.7146691554417,0.005828527479926897,0.005955772254399711,162.07505580357142,0.023818670764502503,285045.0,0.9349400971776386,-0.0013497354646058168,0.004114401867602702,0.006983389270114548,-0.010489749274959825,260300.0,0
2023-08-10,19605.55078125,19623.599609375,19495.400390625,19543.099609375,312200,-0.004556268458015711,-0.004566679886024027,0.006559820157110681,-0.0031853821691521116,19572.16015625,19663.802734375,19221.41515625,19555.88438496975,19235.39900358884,0.9938616590783331,1.016735732021292,1.0230153490015617,-0.005941066787179539,41.4738432657936,86.39387289181468,134.688416582856,-48.294543691041326,0.005700563205641175,0.006062807908612188,157.84640066964286,0.17148217636022522,285135.0,1.0949199501990285,0.003152707884763739,-0.0013497354646058168,0.004114401867602702,-0.007420685416911321,266500.0,0
2023-08-11,19554.25,19557.75,19412.75,19428.30078125,235500,-0.005874136161590715,-0.005891456761763215,0.007463339261246028,-0.0064410150606645615,19554.4203125,19656.9927734375,19240.226171875,19543.73356556787,19242.963779183396,0.9883658708723476,1.0097750726885903,1.0216612111437506,-0.011083652507292596,40.04820075470977,67.12134282025363,121.17500183033553,-54.0536590100819,0.005942398100291221,0.005951722932108852,159.31431361607142,-0.24567584881486226,282350.0,0.8340711882415441,-0.004556268458015711,0.003152707884763739,-0.0013497354646058168,0.006983389270114548,312200.0,1
2023-08-14,19383.94921875,19465.849609375,19257.900390625,19434.55078125,243900,0.00032169565781225984,0.0003216439248586792,0.010699975579092086,0.002610487776714425,19521.8703125,19643.1478515625,19258.2351953125,19533.335205156643,19250.476994950714,0.9893806699471589,1.009155334543864,1.0199869122142453,-0.01616144677853726,39.95025264572001,51.75544213375906,107.29108989102025,-55.53564775726119,0.00551634560394772,0.005664195316100746,166.06780133928572,0.03566878980891719,281110.0,0.8676318878730745,-0.005874136161590715,-0.004556268458015711,0.003152707884763739,0.004114401867602702,235500.0,1
2023-08-16,19369.0,19482.75,19317.19921875,19465.0,0,0.0015667570139761278,0.0015655309306883672,0.008505049126637555,0.004956373586659095,19500.700390625,19628.9353515625,19275.658203125,19526.82709037982,19258.889661815392,0.9916482810388669,1.0098228446924995,1.0183276308759317,-0.013608842332884397,36.45949751322734,41.55582295335262,94.14403650348673,-52.588213550134114,0.005607950582363007,0.005656191864352301,167.53571428571428,-1.0,266790.0,0.0,0.00032169565781225984,-0.005874136161590715,-0.004556268458015711,-0.0013497354646058168,243900.0,0
2023-08-17,19450.55078125,19461.55078125,19326.25,19365.25,268700,-0.005124582584125403,-0.005137758290060533,0.006986782058067931,-0.0043855200919157775,19447.240234375,19605.54033203125,19290.983203125,19511.43879605793,19263.06065546969,0.9877437536552529,1.003849819166447,1.016305914820106,-0.008260587497351812,37.05689062003999,25.133832735617034,80.34199574991278,-55.20816301429575,0.0048319884900838266,0.005611509827739062,158.34291294642858,inf,267240.0,1.0054632540038917,0.0015667570139761278,0.00032169565781225984,-0.005874136161590715,0.003152707884763739,0.0,0
2023-08-18,19301.75,19373.80078125,19253.599609375,19310.150390625,256100,-0.0028452826260957353,-0.0028493381372506382,0.006224766221052177,0.0004352139378553758,19400.650390625,19572.09033203125,19302.658203125,19492.268471730986,19264.907311750292,0.9866166598987353,1.0003881427843335,1.0139582914472698,-0.0036890563269361687,35.760922661676915,7.585765204792551,65.79074964088873,-58.20498443609618,0.004324199578350741,0.0052471423209545535,157.44294084821428,-0.04689244510606627,266310.0,0.9616612218842702,-0.005124582584125403,0.0015667570139761278,0.00032169565781225984,-0.004556268458015711,268700.0,1
2023-08-21,19320.650390625,19425.94921875,19296.30078125,19393.599609375,262600,0.0043215209131937105,0.0043122099570484,0.0066851146827496145,0.0037757123738131147,19393.71015625,19554.5203125,19317.8391796875,19482.87143722089,19269.954068519888,0.9917706647591793,1.0039217859193672,1.012251946535582,-0.006322713051442386,34.40959113249687,0.4077495159181126,52.71414961589461,-52.3064000999765,0.003884399028378787,0.004837402582107778,154.19280133928572,0.025380710659898442,263815.0,0.9953944999336657,-0.0028452826260957353,-0.005124582584125403,0.0015667570139761278,-0.005874136161590715,256100.0,1
2023-08-22,19417.099609375,19443.5,19381.30078125,19396.44921875,208700,0.00014693555773015454,0.00014692476375842436,0.0032067322244668252,-0.001063515717611581,19386.08984375,19540.72529296875,19334.50015625,19474.640749747472,19274.91466264656,0.992616646922995,1.0032040684785934,1.0106661736818723,-0.010248940134253925,35.18626599422542,-4.993379401479615,41.17264381241977,-46.166023213899386,0.0035334907845641222,0.00479687835177621,152.13560267857142,-0.20525514089870522,260970.0,0.7997087787868338,0.0043215209131937105,-0.0028452826260957353,-0.005124582584125403,0.00032169565781225984,262600.0,1
2023-08-23,19439.19921875,19472.05078125,19366.599609375,19444.0,225200,0.0024515199000461063,0.0024485198272942723,0.005423327086761983,0.0002469639410541884,19381.88984375,19528.8953125,19351.35015625,19471.722583104856,19281.545460189835,0.9956528359058968,1.0047877715509208,1.0091748200935045,-0.006481558639857665,45.7811289717238,-5.374903788022493,31.863134292331317,-37.23803808035381,0.0036957230120782053,0.0048431746026899964,141.47502790178572,0.07906085289889786,253745.0,0.8875051725157146,0.00014693555773015454,0.0043215209131937105,-0.0028452826260957353,0.0015667570139761278,208700.0,0
2023-08-24,19535.150390625,19584.44921875,19369.0,19386.69921875,268300,-0.002946964680621278,-0.0029513155310064644,0.011113249157011038,-0.0075991824432660796,19386.1796875,19509.315234375,19364.7611328125,19463.625119832966,19285.669136996115,0.9937150015696627,1.0011328869892606,1.00746480168648,-0.012522650023388704,50.28340258515781,-10.183568933745846,23.453793647115887,-33.63736258086173,0.003497227148538726,0.00468578871542816,139.63560267857142,0.19138543516873896,254925.0,1.0524664116897127,0.0024515199000461063,0.00014693555773015454,0.0043215209131937105,-0.005124582584125403,225200.0,0
2023-08-25,19297.400390625,19339.55078125,19229.69921875,19265.80078125,466500,-0.006236153774081932,-0.0062556798015631025,0.005701894447435091,-0.001637506023368392,19377.309765625,19489.61025390625,19374.959140625,19444.78470663459,19284.889985790385,0.9885164726364196,0.9943660082799287,1.0059174892937375,-0.014189091478200133,35.667066370083745,-23.479309359208855,14.06717304585094,-37.54648240505979,0.003709031193502429,0.004700229868379258,136.25362723214286,0.7387253074916138,261505.0,1.7839047054549626,-0.002946964680621278,0.0024515199000461063,0.00014693555773015454,-0.0028452826260957353,268300.0,1
2023-08-28,19298.349609375,19366.849609375,19249.69921875,19306.05078125,248200,0.002089194238900971,0.0020870149074536447,0.006068066014763425,0.00039905857396524863,19359.8,19472.61025390625,19387.3181640625,19431.571951836057,19285.719820906448,0.9914464742792849,0.9958082194698211,1.0043993753608402,-0.006292367066809135,32.585949177877424,-30.417803318083315,5.170177773064089,-35.587981091147405,0.0034943859499211682,0.004751030292799941,137.23228236607142,-0.4679528403001072,260980.0,0.9510307303241627,-0.006236153774081932,-0.002946964680621278,0.0024515199000461063,0.0043215209131937105,466500.0,1
2023-08-29,19374.849609375,19377.900390625,19309.099609375,19342.650390625,307400,0.0018957584743610756,0.0018939637920959618,0.0035569469468024082,-0.0016619080611815233,19349.040234375,19452.052734375,19397.651171875,19423.103231720717,19287.95239226796,0.994375794408748,0.9971645648866112,1.0028045438088338,-0.004728711852381107,36.51939744690278,-32.58767671671012,-2.381393124890753,-30.206283591819368,0.0035764351893418783,0.004563371510977734,135.12862723214286,0.2385173247381145,261595.0,1.175098912440987,0.002089194238900971,-0.006236153774081932,-0.002946964680621278,0.00014693555773015454,248200.0,1
2023-08-30,19433.44921875,19452.80078125,19334.75,19347.44921875,233000,0.0002480956863764039,0.00024806491573087567,0.006101619904271134,-0.004425359545387574,19329.730078125,19432.74765625,19409.491171875,19415.898087628266,19290.285601149608,0.9956105827642666,0.9968035250086874,1.0011982016514014,-0.006039084574878006,31.944080233139218,-33.5335379425087,-8.611822088414343,-24.92171585409436,0.0035167241181574952,0.004572632245808756,130.84654017857142,-0.24202992843201043,258345.0,0.9018947531401807,0.0018957584743610756,0.002089194238900971,-0.006236153774081932,0.0024515199000461063,307400.0,0
2023-08-31,19375.55078125,19388.19921875,19223.650390625,19253.80078125,562600,-0.004840350603388277,-0.004852103039648143,0.008546303662040754,-0.00628369233858473,19303.150390625,19419.11015625,19418.233203125,19400.460248925574,19288.854823898644,0.9914872837287657,0.9915320606074224,1.000045161324196,-0.005755113863750827,31.77515127801935,-41.3629793536893,-15.162053541469334,-26.200925812219964,0.003476754325102566,0.004099048135194429,133.44294084821428,1.4145922746781117,271940.0,2.068838714422299,0.0002480956863764039,0.0018957584743610756,0.002089194238900971,-0.002946964680621278,233000.0,1
2023-09-01,19258.150390625,19458.55078125,19255.69921875,19435.30078125,333000,0.009426710188917609,0.009382556025202547,0.010437274153004049,0.00919872298386651,19337.050390625,19421.79267578125,19429.8022265625,19403.778394861234,19294.597802618304,1.0006955128032848,1.0002829959164474,0.9995877698245276,0.006481067629890758,50.406790126259295,-32.54715163477522,-18.63907316013051,-13.908078474644707,0.004568758043204883,0.004360755120946479,137.71079799107142,-0.4081052257376466,272805.0,1.220652114147468,-0.004840350603388277,0.0002480956863764039,0.0018957584743610756,-0.006236153774081932,562600.0,1
2023-09-04,19525.05078125,19545.150390625,19432.849609375,19528.80078125,296800,0.004810833701642592,0.004799298621963187,0.005750521115347865,0.00019206096014875122,19381.600390625,19422.38271484375,19444.9532421875,19415.685288803023,19303.78223315288,1.005479145786007,1.004312046319586,0.998839260395094,0.006971432565290314,54.972856218337405,-17.810566936084797,-18.47337191532137,0.6628049792365722,0.004614554315715035,0.004206981989155445,130.87876674107142,-0.10870870870870875,273605.0,1.0847754975238026,0.009426710188917609,-0.004840350603388277,0.0002480956863764039,0.002089194238900971,333000.0,1
2023-09-05,19564.650390625,19587.05078125,19525.75,19574.900390625,256800,0.0023605960187407238,0.002357814188949651,0.0031316011845127327,0.0005239040716470764,19428.050390625,19421.2626953125,19463.14125,19430.848631833687,19314.41431775963,1.0079107984749922,1.0057420916382138,0.9978483147119173,0.009200197926046094,55.70439997810251,-2.384378553222632,-15.255573242901622,12.87119468967899,0.004638294509131398,0.004135395941059364,123.43233816964286,-0.13477088948787064,275615.0,0.9317344846978575,0.004810833701642592,0.009426710188917609,-0.004840350603388277,0.0018957584743610756,296800.0,1
2023-09-06,19581.19921875,19636.44921875,19491.5,19611.05078125,287600,0.0018467726478093027,0.0018450694598145603,0.007391201030828242,0.001524501240527475,19480.770703125,19423.27275390625,19481.53828125,19448.010741301907,19326.04712024945,1.00966768215238,1.0066479606553784,0.9970091926775707,0.008591379410100908,63.660223513168525,12.612630725980125,-9.681932449125274,22.2945631751054,0.004620027611359171,0.004144516896640543,124.12151227678571,0.1199376947040498,276980.0,1.0383421185645172,0.0023605960187407238,0.004810833701642592,0.009426710188917609,0.0002480956863764039,256800.0,1
2023-09-07,19598.650390625,19737.0,19550.05078125,19727.05078125,304900,0.005915032360780392,0.005897607236551244,0.009476795128833445,0.006551491458127149,19575.420703125,19427.99775390625,19499.7312890625,19474.585983201723,19341.77275401418,1.0153928897425173,1.0116575704976511,0.9963213064789007,0.01755593144865153,71.70009657906776,33.47225189087476,-1.0510955811252671,34.523347472000026,0.004657170262896212,0.004293780515679822,128.88922991071428,0.06015299026425591,278900.0,1.0932233775546791,0.0018467726478093027,0.0023605960187407238,0.004810833701642592,-0.004840350603388277,287600.0,1
2023-09-08,19774.80078125,19867.150390625,19727.05078125,19819.94921875,288100,0.004709190366575022,0.004698136818212182,0.007068615960048145,0.00228312982767486,19652.350390625,19441.840234375,19516.68828125,19507.477719920607,19360.524772239114,1.0194482096250574,1.0155385449175487,0.9961649207182907,0.02876332231356371,71.97576626404624,56.84451132899994,10.528025800899774,46.316485528100166,0.003771476004114291,0.004247424568194146,129.6357421875,-0.05510003279763853,277695.0,1.037469165811412,0.005915032360780392,0.0018467726478093027,0.0023605960187407238,0.009426710188917609,304900.0,1
2023-09-11,19890.0,20008.150390625,19865.349609375,19996.349609375,248800,0.008900143420050854,0.008860770587058942,0.007141342496985045,0.005346888354700855,19745.86015625,19470.24267578125,19532.8342578125,19554.036947487693,19385.459079577777,1.02702107736172,1.023730061159819,0.99679557092406,0.035755568860070364,76.22869205374359,88.58013593774012,26.138447828267843,62.44168810947228,0.004205397033668787,0.004322175101532119,138.63588169642858,-0.13641096841374523,278360.0,0.8938065814053744,0.004709190366575022,0.005915032360780392,0.0018467726478093027,0.004810833701642592,288100.0,0
2023-09-12,20110.150390625,20110.349609375,19914.650390625,19993.19921875,328100,-0.0001575482868895195,-0.00015756069892455075,0.00978828933823005,-0.0058155294517101466,19829.519921875,19498.17509765625,19546.2472265625,19595.86192570315,19409.29202621198,1.0253882283144156,1.0228663838642187,0.997540595473441,0.03363286907363583,74.98187594618221,112.1834558413102,43.347449430876324,68.83600641043388,0.004341014011254336,0.0043300277121390675,145.08217075892858,0.3187299035369775,282570.0,1.16112821601727,0.008900143420050854,0.004709190366575022,0.005915032360780392,0.0023605960187407238,248800.0,1
2023-09-13,19989.5,20096.900390625,19944.099609375,20070.0,251400,0.003841345269944396,0.003833986143147051,0.007613392189835575,0.004027114234973361,19921.309765625,19528.42509765625,19559.8672265625,19641.017932779043,19435.20214283112,1.0277326461112704,1.0260805846751728,0.9983925182854232,0.037346048726142334,80.54007528300964,135.5241995026081,61.78279944522268,73.74140005738542,0.00420617862296267,0.004363703086592982,140.60728236607142,-0.23377019201462967,295140.0,0.8517991461679203,-0.0001575482868895195,0.008900143420050854,0.004709190366575022,0.0018467726478093027,328100.0,1
2023-09-14,20127.94921875,20167.650390625,20043.44921875,20103.099609375,275100,0.001649208239910216,0.0016478497893743786,0.006178210041653441,-0.0012345822768596605,19996.51953125,19565.317578125,19573.95921875,19685.02571150247,19461.394200342645,1.0274864964037829,1.0270328748880877,0.9995585134040372,0.04411071028386648,90.61022812744521,154.9070962870719,80.40765881359253,74.49943747347938,0.0031003604052615304,0.0040720051974079,141.63225446428572,0.09427207637231505,295460.0,0.931090502944561,0.003841345269944396,-0.0001575482868895195,0.008900143420050854,0.005915032360780392,251400.0,1
2023-09-15,20156.44921875,20222.44921875,20129.69921875,20192.349609375,438200,0.004439613877174287,0.004429787863222843,0.0045933237980852705,0.001781087047395462,20070.999609375,19609.4275390625,19587.8601953125,19733.342273204617,19490.059118343917,1.0297266235412177,1.0308604108889423,1.001101056651158,0.03895225685703596,91.036286391744,175.44746161635703,99.41561937414545,76.03184224221158,0.0025474508872705593,0.003951541327364473,141.78934151785714,0.5928753180661577,304565.0,1.4387733324577676,0.001649208239910216,0.003841345269944396,-0.0001575482868895195,0.004709190366575022,275100.0,0
2023-09-18,20155.94921875,20195.349609375,20115.69921875,20133.30078125,264900,-0.002924316846098174,-0.0029286010148227575,0.003956151626124706,-0.0011236601786499528,20098.38984375,19646.41259765625,19603.8901953125,19771.43355968513,19515.284281595137,1.024782549036552,1.027005384169316,1.002169079806105,0.030954281666921046,85.86217954964644,184.83049133597888,116.49859376651214,68.33189756946673,0.003283592585509532,0.004080671992486427,142.34654017857142,-0.395481515289822,304680.0,0.8694367861362742,0.004439613877174287,0.001649208239910216,0.003841345269944396,0.008900143420050854,438200.0,0
2023-09-20,19980.75,20050.650390625,19878.849609375,19901.400390625,378100,-0.011518249945432046,-0.011585098803333688,0.008632597600062889,-0.003971302847740951,20080.030078125,19671.66015625,19614.8001953125,19783.811353107976,19530.42608979239,1.0116787415271613,1.0146114256815622,1.00289882947424,0.01667952293419428,70.83389037678664,171.57636105122947,127.51414722345561,44.06221382777386,0.005688801063124318,0.005065944794066179,146.18582589285714,0.42733106832767076,313150.0,1.2074085901325244,-0.002924316846098174,0.004439613877174287,0.001649208239910216,-0.0001575482868895195,264900.0,0
2023-09-21,19840.55078125,19848.75,19709.94921875,19742.349609375,275100,-0.007991939166498319,-0.00802404589005525,0.007030611046624766,-0.004949518436141575,20014.5,19686.57763671875,19620.8591796875,19779.862615609596,19538.73681605053,1.0028329948295445,1.0061919016172989,1.00334941790415,0.006695144976654355,67.51259866445056,146.5489731665839,131.32111241208128,15.227860754502615,0.006456298238834866,0.005464878517268452,144.3466796875,-0.27241470510446975,315645.0,0.8715487335455971,-0.011518249945432046,-0.002924316846098174,0.004439613877174287,0.003841345269944396,378100.0,0
2023-09-22,19744.849609375,19798.650390625,19657.5,19674.25,246400,-0.003449417659114995,-0.0034553806166447805,0.007174372117107386,-0.0035755962071992073,19928.730078125,19700.95517578125,19626.6581640625,19769.804271265824,19544.051058558354,0.9986444730449374,1.002424856821761,1.003785515144641,-0.00267656741169775,59.323397886304264,119.83809959551581,129.0245098487682,-9.186410253252376,0.0062897298284629215,0.005484030886978237,139.80385044642858,-0.10432569974554706,314550.0,0.7833412811953584,-0.007991939166498319,-0.011518249945432046,-0.002924316846098174,0.001649208239910216,275100.0,1
2023-09-25,19678.19921875,19734.150390625,19601.55078125,19674.55078125,188400,1.5288066889551644e-05,1.5287950028248088e-05,0.0067396511792974945,-0.00018540504948865724,19825.1703125,19721.39267578125,19631.8741796875,19760.732510311936,19549.16869474234,0.9976248181200319,1.0021738424549733,1.004559854819484,-0.007335964179083332,56.132968651378086,97.56909459430244,122.73342679787505,-25.164332203572613,0.006048608616035565,0.00523693725485439,141.25376674107142,-0.23538961038961037,300645.0,0.6266526967020905,-0.003449417659114995,-0.007991939166498319,-0.011518249945432046,0.004439613877174287,246400.0,0
2023-09-26,19682.80078125,19699.349609375,19637.44921875,19664.69921875,204900,-0.0005007261720755274,-0.0005008515772894238,0.0031477923936908676,-0.0009196639594728662,19731.45,19739.32509765625,19633.8781640625,19751.58648254413,19553.699303526955,0.9962194310830258,1.0015697894440394,1.0053706625208034,-0.016585546717462374,53.89751197389056,78.22409031022835,113.83155950034572,-35.60746919011737,0.005038283019693655,0.005241926965783482,141.29659598214286,0.08757961783439483,298480.0,0.6864781559903511,1.5288066889551644e-05,-0.003449417659114995,-0.007991939166498319,-0.002924316846098174,188400.0,1
2023-09-27,19637.05078125,19730.69921875,19554.0,19716.44921875,203600,0.002631619198663282,0.002628162551917123,0.008962020330819108,0.0040432974576717915,19694.459765625,19758.0150390625,19633.9781640625,19748.2400764685,19560.081653143545,0.9978962552548765,1.0042004250997107,1.0063174601684661,-0.013842206891054198,54.51345908078124,66.30451042600544,104.32614968547767,-38.02163925947224,0.00520558552667461,0.005251666143602456,143.564453125,-0.006344558321132232,293290.0,0.6941934603975587,-0.0005007261720755274,1.5288066889551644e-05,-0.003449417659114995,-0.011518249945432046,204900.0,0
2023-09-28,19761.80078125,19766.650390625,19492.099609375,19523.55078125,352800,-0.009783629666773708,-0.009831803841213342,0.014062543454629815,-0.01205608753155996,19650.7,19766.8201171875,19629.4641796875,19726.8410959715,19558.649069932035,0.9876930465044312,0.9946043663001713,1.006997436926584,-0.027227165857000468,41.82402571313781,40.82229173693122,91.62537809576838,-50.80308635883716,0.005467839261050406,0.0057803488173777395,149.82170758928572,0.7328094302554027,299280.0,1.1788291900561347,0.002631619198663282,-0.0005007261720755274,1.5288066889551644e-05,-0.007991939166498319,203600.0,1
2023-09-29,19581.19921875,19726.25,19551.05078125,19638.30078125,243500,0.005877516917168757,0.005860311697675281,0.008921302341864243,0.002916142257789928,19643.51015625,19786.0451171875,19625.5671875,19718.40868504564,19561.772666454308,0.9925329021003213,1.0006488267894804,1.0081769830219078,-0.023120754369054808,42.82788275866323,29.546225336809584,79.20954754397663,-49.66332220716704,0.005983175489482337,0.005759168352101148,154.29310825892858,-0.3098072562358276,283325.0,0.859437042265949,-0.009783629666773708,0.002631619198663282,-0.0005007261720755274,-0.003449417659114995,352800.0,0
2023-10-03,19622.400390625,19623.19921875,19479.650390625,19528.75,221700,-0.005578424654468894,-0.005594042173129665,0.0073506408820329,-0.004772626628786118,19614.35,19790.717578125,19616.5591796875,19700.34595313653,19560.477659926688,0.9867631086598619,0.9955237216229834,1.0088781318294513,-0.032863912432800846,30.50859324752298,11.635897597836447,65.6948175547486,-54.05891995691215,0.005546892222938037,0.005581228308959891,151.10365513392858,-0.08952772073921966,277760.0,0.7981710829493087,0.005877516917168757,-0.009783629666773708,0.002631619198663282,1.5288066889551644e-05,243500.0,0
2023-10-04,19446.30078125,19457.80078125,19333.599609375,19436.099609375,277100,-0.004744307271330683,-0.004755597219883326,0.006390231289774394,-0.0005245816152774879,19568.630078125,19786.08251953125,19610.381171875,19675.179634683052,19555.60008931682,0.9823116622600369,0.9911127906707926,1.0089596090007795,-0.03462925326801347,28.39027287645328,-9.919927633247426,50.5718685171494,-60.49179615039682,0.0055618454761733275,0.005579345889233787,145.99665178571428,0.2498872350022554,276775.0,1.0011742390028,-0.005578424654468894,0.005877516917168757,-0.009783629666773708,-0.0005007261720755274,221700.0,1
2023-10-05,19521.849609375,19576.94921875,19487.30078125,19545.75,234900,0.005641584105285702,0.005625729970019748,0.0045865949119373774,0.0012242892504162252,19534.490234375,19784.625,19607.8491796875,19662.853002808475,19555.213811304395,0.9879262305957277,0.9968329428119108,1.0090155640576648,-0.01787062134544748,30.169861167751193,-17.94830737830489,36.867833338058546,-54.816140716363435,0.00545214161471549,0.00570578393357838,145.14299665178572,-0.15229159148321902,275680.0,0.8520748694138132,-0.004744307271330683,-0.005578424654468894,0.005877516917168757,0.002631619198663282,277100.0,1
2023-10-06,19621.19921875,19675.75,19589.400390625,19653.5,159100,0.0055127073660514725,0.005497568008546022,0.0043935995814994785,0.0016462185052957112,19560.480078125,19786.7474609375,19607.3071875,19661.96224063624,19559.0681716454,0.9932658229352473,1.0023558978322862,1.0091517040928444,-0.0045004577030085535,33.90265017643134,-15.438367778238899,26.40659311479906,-41.84496089303796,0.005414508688683184,0.005827609856947985,145.55719866071428,-0.3226905065985526,269255.0,0.5908896770719206,0.005641584105285702,-0.004744307271330683,-0.005578424654468894,-0.009783629666773708,234900.0,0
2023-10-09,19539.44921875,19588.94921875,19480.5,19512.349609375,165100,-0.00718194675884698,-0.007207861089913015,0.005557978455751631,-0.0013869177719193482,19535.28984375,19776.01240234375,19601.9881640625,19647.71341861136,19557.236071164207,0.9866675451246429,0.9954270682168945,1.00887788712169,-0.00822905018615705,26.52585958127355,-24.555815289262682,16.214111433986712,-40.7699267232494,0.005764570286039561,0.005878941938354542,144.77859933035714,0.037712130735386484,262265.0,0.6295159476102415,0.0055127073660514725,0.005641584105285702,-0.004744307271330683,0.005877516917168757,159100.0,1
2023-10-10,19565.599609375,19717.80078125,19565.44921875,19689.849609375,216600,0.00909680297624016,0.0090556762901256,0.0077375686215226495,0.0063504314961277605,19567.509765625,19769.507421875,19602.5871484375,19651.726389160278,19562.436602074435,0.9959706728751441,1.0044515787776747,1.0085152164953293,0.0007775947870474198,35.848990749524134,-17.25973211084056,9.519342725021259,-26.77907483586182,0.006564593000045893,0.006157704412612545,153.76436941964286,0.31193216232586307,258690.0,0.8372956047779195,-0.00718194675884698,0.0055127073660514725,0.005641584105285702,-0.005578424654468894,165100.0,1
2023-10-11,19767.0,19839.19921875,19756.94921875,19811.349609375,213700,0.006170692128707245,0.00615173136873013,0.004151660619884179,0.0022436186257398694,19642.559765625,19760.257421875,19605.893125,19666.928600609303,19572.197896478378,1.0025856033354827,1.0104793228783349,1.007873362151412,0.00745754557411038,46.90855889200004,-1.6544278301880695,7.284588613979394,-8.939016444167464,0.006831121521146602,0.005971901982848842,152.16071428571428,-0.013388734995383178,256935.0,0.8317278689162628,0.00909680297624016,-0.00718194675884698,0.0055127073660514725,-0.004744307271330683,216600.0,0
2023-10-12,19822.69921875,19843.30078125,19772.650390625,19794.0,217900,-0.0008757409120068171,-0.0008761245971014768,0.0035692831476710116,-0.0014477957029612712,19692.209765625,19750.2974609375,19606.697109375,19679.030638646513,19580.896018185107,1.0022127534610015,1.0095530057704334,1.007324046001294,0.003933303628335327,51.964263696366196,9.206789622799988,7.669028815743514,1.5377608070564746,0.006813529251006389,0.005972118188638241,147.29282924107142,0.019653720168460564,251425.0,0.8666600377846276,0.006170692128707245,0.00909680297624016,-0.00718194675884698,0.005641584105285702,213700.0,0
2023-10-13,19654.55078125,19805.400390625,19635.30078125,19751.05078125,255000,-0.0021698099802970328,-0.002172167428733089,0.00861218024594815,0.004909804404792544,19711.719921875,19734.35,19607.047109375,19685.889699846844,19587.568753991574,1.0008462797735929,1.0073444854327986,1.006492711009203,0.011652593452338822,52.97769417637473,14.185221292551432,8.972267311105098,5.212953981446335,0.005906595684929527,0.005893166132316343,149.36063058035714,0.17026158788435053,251605.0,1.0134933725482402,-0.0008757409120068171,0.006170692128707245,0.00909680297624016,0.0055127073660514725,217900.0,0
2023-10-16,19737.25,19781.30078125,19691.849609375,19731.75,181000,-0.0009772027556287366,-0.0009776805295215437,0.004533362315810812,-0.00027866090767457473,19755.6,19715.78251953125,19611.15109375,19690.257347480478,19593.22292050171,1.0008098831711565,1.0061495067614075,1.0053353026184475,0.004758518559773828,52.18550934024274,16.384383540447743,10.454690556973627,5.929692983474116,0.005693774192372961,0.0058649204863922616,146.27859933035714,-0.2901960784313725,246900.0,0.7330903199675982,-0.0021698099802970328,-0.0008757409120068171,0.006170692128707245,-0.00718194675884698,255000.0,1
2023-10-17,19843.19921875,19849.75,19775.650390625,19811.5,185800,0.004041709427698992,0.004033563661320618,0.0037402321568281048,-0.0015974852845325037,19779.930078125,19696.7400390625,19619.7480859375,19701.80426676805,19601.78280597223,1.0058263428724707,1.009773413665792,1.0039242070177337,0.014478653267618213,55.32465655603917,24.282480645888427,13.220248574756587,11.06223207113184,0.005357631449049692,0.005846494944342301,150.28571428571428,0.026519337016574607,234280.0,0.793068123612771,-0.0009772027556287366,-0.0021698099802970328,-0.0008757409120068171,0.00909680297624016,181000.0,0
2023-10-18,19820.44921875,19840.94921875,19659.94921875,19671.099609375,198900,-0.007086812741337156,-0.007112043473065063,0.009201315818345898,-0.007535127369046528,19751.880078125,19673.62998046875,19622.830078125,19698.880013682996,19604.501111988026,0.9998713826021806,1.002459865934619,1.0025888162992544,0.012090903253379581,48.45450031350633,18.993693876403995,14.37493763508607,4.618756241317925,0.005701099436644691,0.005993909945562917,150.59291294642858,0.07050592034445646,230980.0,0.8611135163217595,0.004041709427698992,-0.0009772027556287366,-0.0021698099802970328,0.006170692128707245,185800.0,0
2023-10-19,19545.19921875,19681.80078125,19512.349609375,19624.69921875,230300,-0.0023588102112444,-0.002361596586600212,0.008634586955253893,0.004067494995074518,19718.019921875,19659.794921875,19623.378046875,19691.81517607033,19605.293194606144,0.9982148489714942,1.0000673264242192,1.0018557903187213,0.004039201296957229,53.829487676249016,10.932149504289555,13.686380008926768,-2.7542305046372135,0.005570461180536108,0.005482711691583771,143.08579799107142,0.15786827551533444,223590.0,1.030010286685451,-0.007086812741337156,0.004041709427698992,-0.0009772027556287366,-0.0008757409120068171,198900.0,0
2023-10-20,19542.150390625,19593.80078125,19518.69921875,19542.650390625,198300,-0.004180896084593599,-0.004189660467809165,0.003842956866077271,2.5585720609327932e-05,19676.33984375,19649.8099609375,19622.8140625,19677.609006027917,19602.836614057862,0.9945465340109891,0.9959147718762622,1.001375740418857,-0.00564019687969064,46.28672294751081,-2.0536638514095102,10.538371236859513,-12.592035088269023,0.0054265404560110775,0.005276281709641467,133.9716796875,-0.13894919669995653,219750.0,0.9023890784982935,-0.0023588102112444,-0.007086812741337156,0.004041709427698992,-0.0021698099802970328,230300.0,0
2023-10-23,19521.599609375,19556.849609375,19257.849609375,19281.75,176000,-0.013350307425555652,-0.01344022395196905,0.015506891231345703,-0.012286370695760775,19586.33984375,19630.1849609375,19615.798046875,19639.90814831097,19590.244982134023,0.9822500418803564,0.9829704585010134,1.0007334350622963,-0.011818136410604585,41.41944466307153,-33.0168973411819,1.8273175212512305,-34.844214862433134,0.006521570565173827,0.005993450662814353,145.07533482142858,-0.11245587493696418,216230.0,0.8139481108079359,-0.004180896084593599,-0.0023588102112444,-0.007086812741337156,-0.0009772027556287366,198300.0,0
2023-10-25,19286.44921875,19347.30078125,19074.150390625,19122.150390625,225300,-0.008277236732921023,-0.008311683270009834,0.014284501745102748,-0.008518873861201528,19448.469921875,19602.56494140625,19607.3790625,19590.59788567421,19571.88833148661,0.9754922607211225,0.9752527520211499,0.9997544740131558,-0.028832074902171878,39.57844917012448,-69.63117279082508,-12.464380541164031,-57.16679224966104,0.005758083897000181,0.006204176401101725,155.71456473214286,0.2801136363636363,218075.0,1.033130803622607,-0.013350307425555652,-0.004180896084593599,-0.0023588102112444,0.004041709427698992,176000.0,0
2023-10-26,19027.25,19041.69921875,18837.849609375,18857.25,300400,-0.013853064912347501,-0.013949914095014037,0.010810145136485967,-0.008934554389099843,19285.7,19562.19248046875,19595.958046875,19520.755229895716,19543.863298879292,0.9639640351574815,0.9623030399887592,0.9982769116812009,-0.04815924347342326,29.280770388203422,-118.65570838908025,-33.70264611074728,-84.95306227833296,0.0057458214205343945,0.00679918199809817,160.21456473214286,0.33333333333333326,222850.0,1.347991922818039,-0.008277236732921023,-0.013350307425555652,-0.004180896084593599,-0.007086812741337156,225300.0,1
2023-10-27,18928.75,19076.150390625,18926.650390625,19047.25,205200,0.010075700327460302,0.010025278863763394,0.007848902072477654,0.006260318298883973,19170.21015625,19528.73251953125,19588.21203125,19475.65949371517,19524.388267550694,0.9753449170830873,0.9723832869285375,0.9969635048046315,-0.03772607860967969,32.61648745519713,-140.55634786476367,-55.07338646155056,-85.4829614032131,0.007398183017902722,0.007255582702248064,166.56459263392858,-0.3169107856191744,222930.0,0.9204683084376262,-0.013853064912347501,-0.008277236732921023,-0.013350307425555652,-0.0023588102112444,300400.0,1
2023-10-30,19053.400390625,19158.5,18940.0,19140.900390625,180100,0.004916740769664862,0.004904693073893485,0.011415345962879514,0.00459235612573666,19089.86015625,19509.6,19581.7300390625,19443.77767437325,19509.349527279097,0.9811016315365256,0.9774877067777917,0.9963164623902683,-0.0308920470805647,39.05087048636698,-148.6425003629156,-73.78720924182358,-74.85529112109202,0.00789765960194512,0.0071364353289776585,174.42536272321428,-0.12231968810916183,214295.0,0.8404302480225857,0.010075700327460302,-0.013853064912347501,-0.008277236732921023,-0.004180896084593599,205200.0,0
2023-10-31,19232.94921875,19233.69921875,19056.44921875,19079.599609375,206000,-0.0032026069828995363,-0.003207746304394414,0.009290027234790922,-0.007973275841933856,19049.430078125,19481.66494140625,19576.01703125,19409.09404913532,19492.496589322076,0.9793618598184234,0.9746415513900223,0.9951802202821374,-0.03305081356823392,30.688911798226428,-158.1739642106113,-90.66456023558112,-67.50940397503018,0.00786128443504535,0.006964311362047489,172.41099330357142,0.14380899500277633,212420.0,0.969776857169758,0.004916740769664862,0.010075700327460302,-0.013853064912347501,-0.013350307425555652,180100.0,0
2023-11-01,19064.05078125,19096.05078125,18973.69921875,18989.150390625,194100,-0.004740624572936891,-0.004751896973195711,0.006443235215010216,-0.0039288811955256915,19022.830078125,19454.6849609375,19569.59703125,19369.099414991484,19472.757522706503,0.9760708245213309,0.970339366738206,0.9941280308363528,-0.041508699965928875,23.460322183666875,-171.05440531110798,-106.74252925068649,-64.3118760604215,0.007421709149381952,0.0069403980876228885,170.48256138392858,-0.05776699029126209,211040.0,0.9197308567096285,-0.0032026069828995363,0.004916740769664862,0.010075700327460302,-0.008277236732921023,206000.0,1
2023-11-02,19120.0,19175.25,19064.150390625,19133.25,245600,0.007588523257266999,0.007559875254064636,0.005806625083297401,0.0006929916317991632,19078.030078125,19439.54248046875,19564.3900390625,19346.63756594468,19459.44350220821,0.9842438431472095,0.9779630216836979,0.9936186327125723,-0.02734212220239418,30.284947038639416,-167.7014555073838,-118.93431450202596,-48.76714100535784,0.008200152599351626,0.007169650034220733,178.72893415178572,0.265327150953117,209465.0,1.1725109206788724,-0.004740624572936891,-0.0032026069828995363,0.004916740769664862,-0.013853064912347501,194100.0,1
2023-11-03,19241.0,19276.25,19210.900390625,19230.599609375,189500,0.005087980838331285,0.005075080802081226,0.0033982096607711484,-0.0005405327490774908,19114.7,19423.7849609375,19561.073046875,19335.58633198566,19450.46923190103,0.9900541860429876,0.9831055568010981,0.9929815667265026,-0.020081816540579944,34.95936611363038,-155.39759203002177,-126.22697000762513,-29.170622022396643,0.008570392369148867,0.007144749383722019,176.79324776785714,-0.22842019543973946,207195.0,0.9145973599749029,0.007588523257266999,-0.004740624572936891,-0.0032026069828995363,0.010075700327460302,245600.0,1
2023-11-06,19345.849609375,19423.0,19309.69921875,19411.75,180700,0.00941990339899168,0.009375812778954773,0.005836711334629799,0.003406435589836523,19168.869921875,19411.6974609375,19560.428046875,19342.840014653695,19448.95083065001,1.000002706567141,0.992399039196959,0.9923963532095985,-0.006698190266341553,41.54334038054969,-129.53615681094743,-126.8888073682896,-2.647349442657827,0.009237925482383384,0.007373980362527921,184.14676339285714,-0.04643799472295518,208275.0,0.8676029288200696,0.005087980838331285,0.007588523257266999,-0.004740624572936891,0.004916740769664862,189500.0,0
2023-11-07,19404.05078125,19423.5,19329.099609375,19406.69921875,198700,-0.000260191958478706,-0.0002602258142791332,0.004864319767155148,0.00013648889759447378,19234.28984375,19406.41494140625,19560.828046875,19348.921843615248,19447.29390469315,1.0000146486275086,0.9921205366278129,0.9921060036365167,0.0064801804167153865,38.862581653336306,-108.20106439644951,-123.1512587739216,14.950194377472087,0.008081708379339083,0.007209044483676584,182.46107700892858,0.09961261759822904,209955.0,0.9463932747493511,0.00941990339899168,0.005087980838331285,0.007588523257266999,-0.0032026069828995363,180700.0,1
2023-11-08,19449.599609375,19464.400390625,19401.5,19443.5,195000,0.0018962926582819506,0.0018944969651071763,0.003235034362383316,-0.00031361105099870004,19325.159765625,19394.0974609375,19564.38203125,19357.929287080464,19447.145124116945,1.0025472976590946,0.9938213212634616,0.9912961947870111,0.01680509790010576,43.35941373238434,-87.31680073099778,-115.98436716533685,28.667566434339065,0.007444085033379266,0.0068922834880421075,174.025390625,-0.01862103673880222,208875.0,0.933572710951526,-0.000260191958478706,0.00941990339899168,0.005087980838331285,-0.004740624572936891,198700.0,0
2023-11-09,19457.400390625,19463.900390625,19378.349609375,19395.30078125,208400,-0.002478937369815082,-0.0024820150223140987,0.004410902528137353,-0.003191567636389954,19377.569921875,19373.29501953125,19566.16703125,19361.488477001374,19445.11201263197,1.001135881206401,0.991267259973448,0.9901425756301322,0.028532833857004558,43.31394819294666,-73.80437456027721,-107.54836864432492,33.74399408404771,0.005363612921010992,0.006713251327077468,168.03250558035714,0.06871794871794878,208610.0,0.998993336848665,0.0018962926582819506,-0.000260191958478706,0.00941990339899168,0.007588523257266999,195000.0,1
2023-11-10,19351.849609375,19451.30078125,19329.44921875,19425.349609375,152200,0.001549283945833313,0.0015480850435944918,0.006272811812930892,0.0037980865645210957,19416.519921875,19354.8625,19567.821015625,19367.570489608384,19444.337016425816,1.0036418295079597,0.9927190970248433,0.9891169019046653,0.019850614097835617,46.47427769011121,-59.979582871703315,-98.03461148980061,38.055028618097296,0.004729547075957616,0.006738606146209247,171.37179129464286,-0.2696737044145874,205325.0,0.741263849993912,-0.002478937369815082,0.0018962926582819506,-0.000260191958478706,0.005087980838331285,208400.0,1
2023-11-13,19486.75,19494.400390625,19414.75,19443.55078125,189300,0.0009369804014345284,0.0009365417093074231,0.004096494077707723,-0.0022168508730291093,19422.880078125,19339.4875,19569.743046875,19374.806707859967,19444.306183673823,1.0053808706797427,0.9935516646630089,0.9882341047440698,0.015811711280480534,55.69399958760052,-47.012720027418254,-87.83023319732415,40.817513169905894,0.004620771184572815,0.00674453931772565,155.70396205357142,0.24375821287779242,202040.0,0.9369431795684023,0.001549283945833313,-0.002478937369815082,0.0018962926582819506,0.00941990339899168,152200.0,1
2023-11-15,19651.400390625,19693.19921875,19579.650390625,19675.44921875,291500,0.011926753508604282,0.011856190289938534,0.005771092027560521,0.0012237717234886152,19476.630078125,19336.6724609375,19578.176015625,19403.439327944732,19453.370616421907,1.0175199098240335,1.0049684507406291,0.9876646550478064,0.031229670515843688,68.5285303355148,-17.81871885280634,-73.82793032842059,56.00921147561425,0.005296607902386468,0.007311862520191718,154.02525111607142,0.5398837823560485,207565.0,1.40437935104666,0.0009369804014345284,0.001549283945833313,-0.002478937369815082,-0.000260191958478706,189300.0,1
2023-11-16,19674.69921875,19875.25,19627.0,19765.19921875,282700,0.004561522280999375,0.004551150068331243,0.012559954354747958,0.004599816190010846,19540.969921875,19334.357421875,19584.773984375,19437.892650878566,19465.599189062224,1.02228374015614,1.009212525736521,0.9872137119019201,0.04086801211012259,84.44553120229997,12.416680572918267,-56.57900814815282,68.99568872107109,0.004530721218856283,0.007328319860626592,157.19670758928572,-0.030188679245283012,212410.0,1.330916623511134,0.011926753508604282,0.0009369804014345284,0.001549283945833313,0.0018962926582819506,291500.0,0
2023-11-17,19674.75,19806.0,19667.44921875,19731.80078125,236800,-0.0016897597201204206,-0.0016911889743673853,0.007021699782295434,0.0028996953582637645,19608.269921875,19337.39248046875,19588.833984375,19465.88390139013,19476.038467187234,1.020396147059621,1.0072983821798192,0.9871640392630407,0.03128327812838916,79.47225912783169,33.29962037286896,-38.603282443948466,71.90290281681743,0.004666754297888336,0.007154164096083049,151.45744977678572,-0.1623629288998939,214305.0,1.1049672196169011,0.004561522280999375,0.011926753508604282,0.0009369804014345284,-0.002478937369815082,282700.0,0
2023-11-20,19731.150390625,19756.44921875,19670.5,19694.0,173800,-0.0019157289123818977,-0.0019175662679732529,0.004364233713313699,-0.0018828294290763464,19662.0,19340.85751953125,19591.2159765625,19487.60924411488,19484.58597827793,1.0182588843391318,1.0052464340937521,0.9872208821886932,0.024097032855860068,75.0158564702349,46.26596820333725,-21.62943231449132,67.89540051782858,0.0048547624291538066,0.007146631411320633,141.98953683035714,-0.26604729729729726,211480.0,0.8218271231322111,-0.0016897597201204206,0.004561522280999375,0.011926753508604282,0.001549283945833313,236800.0,1
2023-11-21,19770.900390625,19829.099609375,19754.05078125,19783.400390625,195000,0.0045394734754240496,0.004529201141300913,0.0037935252101840033,0.0006322423234668297,19729.969921875,19352.89501953125,19594.66296875,19515.779829496794,19496.304190526836,1.0222450114393364,1.0096320830920136,0.9876615408183175,0.0191456406879853,81.0427944769315,63.02919532033047,-4.697706787526961,67.72690210785743,0.004287683958748821,0.007132204498316487,138.97879464285714,0.12197928653624857,211315.0,0.9227929867733006,-0.0019157289123818977,-0.0016897597201204206,0.004561522280999375,0.0009369804014345284,173800.0,1
2023-11-22,19784.0,19825.55078125,19703.849609375,19811.849609375,184500,0.0014380348265852216,0.0014370018446946907,0.006142847552073624,0.001407683450010109,19757.25,19379.4,19596.3589453125,19543.97695138996,19508.678520677746,1.022314912194134,1.0109964644281046,0.9889286093443194,0.020876831554825115,88.38657232738791,77.7139497388307,11.784624517744573,65.92932522108613,0.004225975627322687,0.006318900834008387,138.93233816964286,-0.05384615384615388,211740.0,0.8713516576933975,0.0045394734754240496,-0.0019157289123818977,-0.0016897597201204206,0.011926753508604282,195000.0,0
2023-11-23,19828.44921875,19875.150390625,19786.75,19802.0,170000,-0.0004971574875239915,-0.0004972811112830416,0.004464215262347237,-0.0013339025386306725,19764.61015625,19413.39248046875,19595.9999609375,19568.550575067107,19520.181323788423,1.0200174966803055,1.01051235147342,0.9906813900371116,0.018438038419008818,85.67246344197599,87.54774633037232,26.937248880270126,60.610497450102194,0.004303740929523907,0.0059185615211305095,131.95382254464286,-0.07859078590785906,208975.0,0.8134944371336285,0.0014380348265852216,0.0045394734754240496,-0.0019157289123818977,0.004561522280999375,184500.0,0
2023-11-24,19809.599609375,19832.849609375,19768.849609375,19794.69921875,145900,-0.00036868908443588033,-0.0003687570669664962,0.0032331888094251876,-0.0007521803024200605,19777.18984375,19460.26494140625,19591.966953125,19590.088541132147,19530.946731433974,1.0171854945629317,1.0103477239477818,0.993277754498369,0.020592536408927886,83.28811457365663,93.67219420032052,40.28423794428021,53.38795625604031,0.004116454467330376,0.0046703148528281285,126.31096540178571,-0.1417647058823529,201250.0,0.7249689440993788,-0.0004971574875239915,0.0014380348265852216,0.0045394734754240496,-0.0016897597201204206,170000.0,1
2023-11-28,19844.650390625,19916.849609375,19800.0,19889.69921875,229600,0.004799264638990497,0.004787784883390938,0.005874880665105583,0.002270074162973511,19816.3296875,19502.38740234375,19589.896953125,19618.622891381467,19545.01545642676,1.019859712988765,1.0153039225444815,0.9955329243951285,0.023904311567751524,81.39658410912786,104.9814089793399,53.22367215129215,51.757736828047754,0.004200215910931016,0.004358178546314559,121.29310825892857,0.5736806031528443,202470.0,1.133995159776757,-0.00036868908443588033,-0.0004971574875239915,0.0014380348265852216,-0.0019157289123818977,145900.0,1
2023-11-29,19976.55078125,20104.650390625,19956.30078125,20096.599609375,236200,0.010402389113554511,0.010348656573869122,0.007381826391455566,0.00600948729535821,19878.96953125,19550.17236328125,19590.4289453125,19664.144483571326,19566.646207522772,1.0279499963447913,1.025837650899605,0.9979450893013304,0.033586911952047105,85.82044599486872,129.15041002154248,68.40901972534222,60.741390296200265,0.004849587533994763,0.00469533064869926,129.90387834821428,0.028745644599303066,205275.0,1.1506515649738156,0.004799264638990497,-0.00036868908443588033,-0.0004971574875239915,0.0045394734754240496,229600.0,1
2023-11-30,20108.5,20158.69921875,20015.849609375,20133.150390625,486600,0.0018187545137213768,0.0018171025823992028,0.007095243744939089,0.0012258691908894248,19943.2296875,19602.84990234375,19591.0299609375,19708.81171281453,19588.86205784051,1.0270522138833418,1.0276718697673595,1.0006033343540293,0.02326255257434373,85.81676394273391,149.53016934210973,84.63324964869572,64.896919693414,0.003810065840702178,0.004508142146213965,135.61453683035714,1.0601185436071128,219305.0,2.2188276601080688,0.010402389113554511,0.004799264638990497,-0.00036868908443588033,0.0014380348265852216,236200.0,1
2023-12-01,20194.099609375,20291.55078125,20183.69921875,20267.900390625,265800,0.0066929416105065975,0.00667064331563437,0.005321299218042693,0.003654571517302925,20036.409765625,19666.78740234375,19592.5409765625,19762.058253558385,19615.491012067356,1.0305648795598215,1.0344702310369234,1.0037895250988662,0.025433650645834138,91.58012884347993,174.54245747825917,102.61509121460841,71.92736626365075,0.004003285986977461,0.0042311058495213315,140.81808035714286,-0.4537607891491985,222890.0,1.1925164879536991,0.0018187545137213768,0.010402389113554511,0.004799264638990497,-0.0004971574875239915,486600.0,1
2023-12-04,20601.94921875,20702.650390625,20507.75,20686.80078125,381100,0.020668169003769332,0.020457480483773903,0.009421485356094928,0.004118618175350899,20214.830078125,19744.46494140625,19603.6109765625,19850.128970481397,19657.50315987844,1.0477265827481386,1.0552546062040575,1.007185103041075,0.04839902908950311,93.85671971784505,225.56644706523002,127.20536238473274,98.36108468049729,0.006663109960188296,0.005662098399356804,163.16796875,0.43378480060195646,229665.0,1.6593734352208651,0.0066929416105065975,0.0018187545137213768,0.010402389113554511,-0.00036868908443588033,265800.0,1
2023-12-05,20808.900390625,20864.05078125,20711.150390625,20855.099609375,421000,0.008135565760247543,0.008102650447744338,0.007331558874754385,0.0022201662693726028,20407.91015625,19825.68994140625,19622.6849609375,19945.840459899835,19704.467726525367,1.0519230186193325,1.0628056074329708,1.0103454232115976,0.05895702291941718,94.43729148297493,276.3974970243653,157.04378931265927,119.35370771170602,0.006296287091543495,0.005735073569554717,170.13936941964286,0.1046969299396483,241240.0,1.7451500580334935,0.020668169003769332,0.0066929416105065975,0.0018187545137213768,0.004799264638990497,381100.0,1
2023-12-06,20950.75,20961.94921875,20852.150390625,20937.69921875,359200,0.003960643244200535,0.003952820545223537,0.0052440732373628535,-0.0006229266852022004,20576.130078125,19901.98740234375,19646.591953125,20040.303198837944,19752.829745828294,1.052040622650795,1.0657166020806796,1.012999478475865,0.05834683650602357,93.86013014053766,319.66170731828606,189.56737291378465,130.0943344045014,0.006311105898686032,0.005596789308167238,160.15011160714286,-0.14679334916864606,250165.0,1.4358523374572782,0.008135565760247543,0.020668169003769332,0.0066929416105065975,0.010402389113554511,421000.0,0
2023-12-07,20932.400390625,20941.25,20850.80078125,20901.150390625,275000,-0.0017455990623970186,-0.0017471243957791426,0.004327475620220889,-0.0014929009295081106,20729.730078125,19976.7099609375,19671.1299609375,20122.288645674806,19797.861927977185,1.0462759098718033,1.0625292208495418,1.0155344406044196,0.05498228599184096,90.9869302878212,346.99972388254173,221.05384310753607,125.94588077500566,0.006621155268309705,0.005662819258485239,148.87862723214286,-0.23440979955456576,253980.0,1.0827624222379715,0.003960643244200535,0.008135565760247543,0.020668169003769332,0.0018187545137213768,359200.0,1
2023-12-08,20934.099609375,21006.099609375,20862.69921875,20969.400390625,292400,0.003265370504707432,0.0032600507599202964,0.006838554653623355,0.0016862813260996958,20870.030078125,20053.00498046875,19697.026953125,20202.96595471768,19843.804612786902,1.0456986576849105,1.0645972328985482,1.0180726780844087,0.05895366077290176,93.5590577812241,369.9084294655622,250.8247603791413,119.08366908642091,0.006353517779629577,0.00564799923788584,149.22502790178572,0.06327272727272737,258850.0,1.1296117442534286,-0.0017455990623970186,0.003960643244200535,0.008135565760247543,0.0066929416105065975,275000.0,1
2023-12-11,20965.30078125,21026.099609375,20923.69921875,20997.099609375,212900,0.001320935183362959,0.001320063516009915,0.004876882642366435,0.001516736080096633,20932.08984375,20133.094921875,19723.6749609375,20278.59773135171,19889.031867555062,1.0429146482869478,1.0645632546145434,1.0207577929441827,0.06074355449089408,96.19288953508499,385.8509891307149,277.830006129456,108.02098300125886,0.006193890337014477,0.005487939626940672,150.40011160714286,-0.2718878248974008,259075.0,0.8217697577921451,0.003265370504707432,-0.0017455990623970186,0.003960643244200535,0.020668169003769332,292400.0,0
2023-12-12,21018.55078125,21037.900390625,20867.150390625,20906.400390625,244900,-0.004319607014175553,-0.004328963470418101,0.008167355298359682,-0.005335781319663861,20942.35,20207.1474609375,19747.473984375,20338.38846080631,19928.928672381335,1.034604237487712,1.0586873241188717,1.0232775836001209,0.05111697068382792,89.77201040340877,386.7091709722881,299.60583909802244,87.10333187426568,0.006994499369891538,0.005774193760931621,152.94656808035714,0.15030530765617667,263710.0,0.9286716468848356,0.001320935183362959,0.003265370504707432,-0.0017455990623970186,0.008135565760247543,212900.0,1
2023-12-13,20929.75,20950.0,20769.5,20926.349609375,260300,0.0009542158562574343,0.0009537608817135473,0.008625489078092055,-0.00016246685340245344,20940.080078125,20281.28740234375,19775.5299609375,20394.384760669993,19968.043218930106,1.0318057820607929,1.0581941242894985,1.0255749121467426,0.04128807938298795,89.71005778802152,384.5659842131572,316.59786812104943,67.96811609210778,0.0068229125014447126,0.005773765406561865,157.146484375,0.06288280930992252,267260.0,0.9739579435755444,-0.004319607014175553,0.001320935183362959,0.003265370504707432,0.003960643244200535,244900.0,1
2023-12-14,21110.400390625,21210.900390625,21074.44921875,21182.69921875,334400,0.012250087289956912,0.012175662163725103,0.006441632884737342,0.003424796630437548,20996.38984375,20356.64990234375,19806.4179296875,20469.462328106183,20015.676787550496,1.0405788437866264,1.0694866327646058,1.0277804888602051,0.05213038236746703,91.8445215793611,398.953872437909,333.0690689844214,65.88480345348762,0.007221617254192891,0.005797982652841652,171.1572265625,0.2846715328467153,269405.0,1.2412538742785026,0.0009542158562574343,-0.004319607014175553,0.001320935183362959,-0.0017455990623970186,260300.0,1
2023-12-15,21287.44921875,21492.30078125,21235.30078125,21456.650390625,508800,0.012932779200891975,0.012849864921501506,0.01197763841611971,0.007948400493468588,21093.83984375,20441.2224609375,19844.9759375,20563.480238822263,20072.185556298515,1.049675499184452,1.0812132228429416,1.0300452127185906,0.05865185722690147,93.3602114100697,427.53360629703457,351.96197644694405,75.57162985009052,0.007625739415028941,0.006149123409735454,188.7001953125,0.5215311004784688,280710.0,1.8125467564390296,0.012250087289956912,0.0009542158562574343,-0.004319607014175553,0.003265370504707432,334400.0,0
2023-12-18,21434.80078125,21482.80078125,21365.349609375,21418.650390625,249700,-0.0017710126840955187,-0.0017725827811074615,0.005483593491325144,-0.0007534658609529734,21178.15,20525.56494140625,19884.626953125,20644.925015184428,20124.988098821123,1.0435108827342008,1.0771462014910427,1.032232839458953,0.03537761189435962,91.1130554799866,442.0216187929691,369.9739049161491,72.04771387682001,0.005887738714064466,0.006153187421701876,188.36453683035714,-0.5092374213836478,281355.0,0.8874908922891009,0.012932779200891975,0.012250087289956912,0.0009542158562574343,0.001320935183362959,508800.0,1
2023-12-19,21477.650390625,21505.05078125,21337.75,21453.099609375,249800,0.0016083748565725031,0.001607082806947435,0.007798443315710406,-0.0011430850583505365,21287.48984375,20613.519921875,19922.7739453125,20721.894024154957,20177.07090315657,1.0407295644160726,1.076812880990529,1.0346711747299135,0.028674041898662628,90.20459813231265,451.0834281553907,386.1958095639974,64.88761859139333,0.005675140522624115,0.0060207720655041505,184.9609375,0.0004004805766919528,285155.0,0.8760147989689818,-0.0017710126840955187,0.012932779200891975,0.012250087289956912,-0.004319607014175553,249700.0,0
2023-12-20,21543.5,21593.0,21087.349609375,21150.150390625,363900,-0.01412146609423337,-0.014222122733049722,0.023907649888349456,-0.018258389276347854,21332.25,20681.857421875,19952.706953125,20762.680344771154,20215.230883057295,1.022642693990081,1.0600140843201455,1.0365439371441176,0.010146825095507461,76.03160763814594,428.8756952124968,394.7317866936973,34.14390851879949,0.007790589375374576,0.00730301273983557,210.87527901785714,0.4567654123298639,293600.0,1.2394414168937329,0.0016083748565725031,-0.0017710126840955187,0.012932779200891975,0.0009542158562574343,249800.0,1
2023-12-21,21033.94921875,21288.349609375,20976.80078125,21255.05078125,277500,0.004959794076523361,0.004947534816775346,0.014657637440218713,0.010511652386367204,21346.7203125,20754.01748046875,19987.5609765625,20809.572767292946,20256.00813396681,1.0241415090477188,1.0634139306028265,1.0383466749547379,0.01693210105716192,75.6596656360581,414.9571242647871,398.7768542079153,16.180270056871848,0.007814984987577319,0.007297047523525819,221.814453125,-0.23742786479802147,298250.0,0.9304274937133278,-0.01412146609423337,0.0016083748565725031,-0.0017710126840955187,0.012250087289956912,363900.0,1
2023-12-22,21295.849609375,21390.5,21232.44921875,21349.400390625,284700,0.004438926556610712,0.004429103580375731,0.007403054809886072,0.0025146111675406237,21325.2703125,20831.3875,20020.7519921875,20860.984921896,20298.886261678897,1.0248669413223195,1.0663635611167834,1.0404897632281158,0.018121643581658686,70.71926320868221,406.8498694352129,400.3914572533748,6.458412181838071,0.007849929305500901,0.007237358535601918,202.05022321428572,0.025945945945945903,303985.0,0.936559369705742,0.004959794076523361,-0.01412146609423337,0.0016083748565725031,0.012932779200891975,277500.0,1
2023-12-26,21365.19921875,21477.150390625,21329.44921875,21441.349609375,219500,0.004306875934107168,0.004297627887901326,0.006888613569848199,0.0035642256290393383,21329.81015625,20913.72001953125,20053.3519921875,20916.257749274955,20343.688745902273,1.0252288731679968,1.0692152423060366,1.04290395080478,0.021157684073739746,69.25104605730675,403.1965462703338,400.9524750567666,2.2440712135671674,0.007886260229094425,0.007172104097700289,199.93959263392858,-0.2290129961362838,307665.0,0.7134383176506915,0.004438926556610712,0.004959794076523361,-0.01412146609423337,-0.0017710126840955187,284700.0,1
2023-12-27,21497.650390625,21675.75,21495.80078125,21654.75,256500,0.0099527499207277,0.009903547502138933,0.00830991901314954,0.007307757197666133,21370.140234375,21001.97255859375,20090.5669921875,20986.590344582102,20395.102912729635,1.031081720518635,1.07785658853833,1.0453648504176443,0.03579523951481289,71.68353485383267,412.76281658963853,403.31454336334104,9.448273226297488,0.007882643871044127,0.007292074682703318,208.83970424107142,0.16856492027334857,309010.0,0.8300702242645869,0.004306875934107168,0.004438926556610712,0.004959794076523361,0.0016083748565725031,219500.0,1
2023-12-28,21715.0,21801.44921875,21678.0,21778.69921875,393100,0.005723881307796219,0.0057075621422148105,0.005668346741467392,0.0029334201588763526,21495.85,21086.0775390625,20131.1199609375,21062.029284979042,20449.3615913971,1.032847345761885,1.0818424042482222,1.0474368827952942,0.04073092657274291,75.20466996442327,425.4415949271024,407.7399536760933,17.701641251009107,0.007854182678744579,0.0071604807511582175,212.85756138392858,0.5325536062378167,316855.0,1.2406305723438165,0.0099527499207277,0.004306875934107168,0.004438926556610712,-0.01412146609423337,256500.0,0
2023-12-29,21737.650390625,21770.30078125,21676.900390625,21731.400390625,270900,-0.0021717930740454694,-0.0021741548367498844,0.004297946241204651,-0.0002875195749166845,21591.119921875,21165.9900390625,20171.11296875,21125.77891408818,20499.637622739374,1.0267131540040895,1.0773525697016455,1.0493218729107219,0.025903269748990043,72.15252116204437,426.75364756412455,411.54269245369954,15.210955110425004,0.007495632050943207,0.007279705819019573,209.2861328125,-0.3108623759857543,306070.0,0.8850916457019636,0.005723881307796219,0.0099527499207277,0.004306875934107168,0.004959794076523361,393100.0,1
2024-01-01,21727.75,21834.349609375,21680.849609375,21741.900390625,154000,0.00048317180721269004,0.0004830551173010514,0.007060100416345778,0.0006512589027856083,21669.619921875,21239.6900390625,20209.7209765625,21184.45714994883,20548.35380971528,1.0236449002145922,1.0758139815903143,1.0509640416953046,0.013294246529953924,71.87122897978848,423.75592643855634,413.98533925067096,9.770587187885383,0.006572108111056043,0.007283640888771492,212.93610491071428,-0.4315245478036176,300480.0,0.5125133120340788,-0.0021717930740454694,0.005723881307796219,0.0099527499207277,0.004438926556610712,270900.0,0
2024-01-02,21751.349609375,21755.599609375,21555.650390625,21665.80078125,263700,-0.003500136051024061,-0.0035062758581720864,0.009228794299772197,-0.003933035405220456,21714.51015625,21288.6400390625,20249.615,21230.29940054894,20592.175259579388,1.0177165258793164,1.069936429964224,1.0513108540119156,0.011539027255105694,72.49281214386126,410.5075330545478,413.28977801144634,-2.7822449568985235,0.006684676120049449,0.0062461862658169855,215.02176339285714,0.7123376623376623,294610.0,0.8950816333457792,0.00048317180721269004,-0.0021717930740454694,0.005723881307796219,0.004306875934107168,154000.0,0
2024-01-03,21661.099609375,21677.0,21500.349609375,21517.349609375,311900,-0.00685186637566948,-0.006875448193459907,0.00820967237284811,-0.006636320528150126,21687.030078125,21321.7525390625,20287.4680078125,21257.637515675233,20628.456606630196,1.0091735925531522,1.06062272537356,1.0509814497724266,0.0029949052197530968,66.26667297424572,383.60733041830827,407.35328849281876,-23.745958074510497,0.007142375433210599,0.006411097125039221,214.74679129464286,0.18278346605991658,289155.0,1.0786602341304836,-0.003500136051024061,0.00048317180721269004,-0.0021717930740454694,0.0099527499207277,263700.0,1
2024-01-04,21605.80078125,21685.650390625,21564.55078125,21658.599609375,339200,0.006564470186349425,0.006543017882762483,0.005591294523150131,0.002443733914774407,21663.01015625,21357.79755859375,20329.7869921875,21295.824381741877,20668.85437144372,1.0140839452174795,1.0653628401368962,1.0505667160605914,0.02403998124643958,63.98474689697842,369.4278858409889,399.76820796245283,-30.34032212146394,0.005208173122417462,0.006487618834345419,206.44321986607142,0.08752805386341778,288155.0,1.1771442452846559,-0.00685186637566948,-0.003500136051024061,0.00048317180721269004,0.005723881307796219,311900.0,1
2024-01-05,21705.75,21749.599609375,21629.19921875,21710.80078125,309300,0.002410182228605562,0.0024072823978970102,0.005545644853826895,0.00023269323796689818,21658.890234375,21398.280078125,20378.3680078125,21335.345943599794,20709.71501496553,1.0146049449761376,1.0653846653925714,1.0500487610156757,0.021441962415918336,58.5876237904732,358.2728260414806,391.4691315782584,-33.1963055367778,0.005130153277483207,0.006438008778428653,192.92885044642858,-0.08814858490566035,289870.0,1.0670300479525305,0.006564470186349425,-0.00685186637566948,-0.003500136051024061,-0.0021717930740454694,339200.0,0
2024-01-08,21747.599609375,21763.94921875,21492.900390625,21513.0,231500,-0.00911070868564301,-0.009152465005292239,0.012599304054525171,-0.010787379462047312,21613.11015625,21425.46005859375,20426.185,21352.26537754267,20741.216386927666,1.004085790511235,1.0532069498048704,1.0489212772034402,0.007662960382102346,52.87730404110316,329.67124591603715,379.1095544458142,-49.43830852977703,0.00614815662299125,0.006882938237615415,203.90011160714286,-0.25153572583252504,286825.0,0.8071123507365118,0.002410182228605562,0.006564470186349425,-0.00685186637566948,0.00048317180721269004,309300.0,1
2024-01-09,21653.599609375,21724.44921875,21517.849609375,21544.849609375,228600,0.0014804820050666745,0.001479387172036867,0.009589280645760484,-0.005022259668684199,21588.919921875,21452.84755859375,20479.9369921875,21370.60673295527,20772.731415258935,1.004288570574604,1.0519978463602566,1.0475055449036481,0.004827121514531241,52.80246934202583,306.04637282298427,364.4969181212482,-58.45054529826393,0.006031638344651562,0.006883079661576274,207.05357142857142,-0.012526997840172749,287610.0,0.7948263273182434,-0.00911070868564301,0.002410182228605562,0.006564470186349425,-0.003500136051024061,231500.0,1
2024-01-10,21529.30078125,21641.849609375,21448.650390625,21618.69921875,217000,0.0034277152411805734,0.003421854015216792,0.008936671757865867,0.004152407846791645,21609.18984375,21488.4625,20531.3659765625,21394.234588745247,20805.906623238978,1.00606077418289,1.0529596152262222,1.0466163101144887,-0.0016647978503561145,66.6405852231975,289.94028584469197,349.58559166593693,-59.64530582124496,0.00519717954063336,0.006767429948615123,184.73563058035714,-0.05074365704286965,286215.0,0.7581713047883584,0.0014804820050666745,-0.00911070868564301,0.002410182228605562,-0.00685186637566948,228600.0,1
2024-01-11,21688.0,21726.5,21593.75,21647.19921875,212500,0.0013183031833516878,0.001317434984659037,0.006132433053280023,-0.0018812606625783844,21606.909765625,21524.50498046875,20581.491953125,21418.32645826951,20838.898489729607,1.0057002118465712,1.0517798839876225,1.0458184970016504,-0.0060380098314957165,64.72637604114408,276.2908982025001,334.9266529732496,-58.635754770749486,0.00481738946519379,0.006765877965437755,171.96428571428572,-0.020737327188940058,283825.0,0.748700783933762,0.0034277152411805734,0.0014804820050666745,-0.00911070868564301,0.006564470186349425,217000.0,1
2024-01-12,21773.55078125,21928.25,21715.150390625,21894.55078125,294700,0.011426492637705898,0.011361703346499745,0.00973299756200039,0.005557201083812086,21643.659765625,21560.09755859375,20637.7909765625,21463.68115569622,20880.29661880884,1.0155126024707128,1.0608960429008487,1.0446901794421057,0.007507587531974336,68.3620182648522,282.1800678765394,324.37733595390756,-42.197268077368165,0.006067216607710693,0.006701649629213109,180.75,0.3868235294117648,281840.0,1.0456287255180243,0.0013183031833516878,0.0034277152411805734,0.0014804820050666745,0.002410182228605562,212500.0,1
2024-01-15,22053.150390625,22115.55078125,21963.55078125,22097.44921875,345500,0.009267074694848665,0.009224398809286917,0.006878621984614669,0.002008730151490367,21760.549609375,21592.1375,20699.956953125,21524.0400188442,20928.028093316338,1.023402579700597,1.0675118440482565,1.043100599141116,0.016353162407013455,70.5622241673757,299.76399277356177,319.45466731783847,-19.690674544276703,0.006628548376971995,0.0064262070683923445,185.98563058035714,0.172378690193417,273675.0,1.2624463323284918,0.011426492637705898,0.0013183031833516878,0.0034277152411805734,-0.00911070868564301,294700.0,0
2024-01-16,22080.5,22124.150390625,21969.80078125,22032.30078125,292400,-0.0029482333845447517,-0.002952587985615914,0.0070056055837053165,-0.0021828862004936484,21858.03984375,21622.82001953125,20757.93796875,21572.44580573999,20971.332904607854,1.0189374356050171,1.0613915897821107,1.041665123582279,0.016916060647856446,63.04464599022863,304.92743187779706,316.5492202298302,-11.62178835203315,0.006583107748882435,0.006462870387675781,180.26771763392858,-0.1536903039073806,275810.0,1.060150103332004,0.009267074694848665,0.011426492637705898,0.0013183031833516878,0.0014804820050666745,345500.0,0
2024-01-17,21647.25,21851.5,21550.44921875,21571.94921875,456000,-0.020894393512082443,-0.021115770473744744,0.013955659648425808,-0.0034785379782651376,21848.68984375,21628.7625,20804.7649609375,21572.398511740943,20994.886485554605,0.9973732532663392,1.0368754109576794,1.0396061931297766,0.002537469082679822,44.203977756800974,268.77470331983204,306.9943168478306,-38.21961352799855,0.009522698866984956,0.008192642044158694,191.29282924107142,0.5595075239398084,286120.0,1.5937368936110723,-0.0029482333845447517,0.009267074694848665,0.011426492637705898,0.0034277152411805734,292400.0,0
2024-01-18,21414.19921875,21539.400390625,21285.55078125,21462.25,387300,-0.0050852715087356115,-0.0050982455047793645,0.011827725861687382,0.0022438747654839855,21811.7,21644.36748046875,20845.7749609375,21561.908177289424,21013.214466513247,0.9915859181085754,1.0295731408507336,1.0383095625385825,-0.009065665043736737,42.709709912001244,228.63602157704008,291.32265779367253,-62.68663621663245,0.00937885122444436,0.007573460276541306,202.75348772321428,-0.1506578947368421,287290.0,1.3481151449754603,-0.020894393512082443,-0.0029482333845447517,0.009267074694848665,0.0013183031833516878,456000.0,1
2024-01-19,21615.19921875,21670.599609375,21575.0,21622.400390625,343100,0.00746195718645537,0.007434254509367264,0.004421322686099639,0.00033315315774436064,21757.269921875,21662.7349609375,20890.088984375,21567.669340464243,21037.10411059606,0.9981380665744546,1.035055446953708,1.036986246307539,-0.004071724093260731,47.00591535290503,207.35832747995664,274.5297917309294,-67.17146425097275,0.009705484558344456,0.007666148674677947,206.67131696428572,-0.11412341853860053,290570.0,1.180782599717796,-0.0050852715087356115,-0.020894393512082443,-0.0029482333845447517,0.011426492637705898,387300.0,0
2024-01-23,21716.69921875,21750.25,21192.599609375,21238.80078125,449700,-0.01774084294273448,-0.017900098054810153,0.026256208924813867,-0.022006034742489175,21585.540234375,21657.20498046875,20925.995,21536.348525300982,21045.01378395504,0.9806806003084848,1.0149481915316334,1.0349426624860012,-0.012745745305164369,40.72989209523842,157.7241729240668,251.1686679695569,-93.4444950454901,0.01090169981205398,0.008677725507395003,232.22140066964286,0.31069658991547655,298820.0,1.504919349441135,0.00746195718645537,-0.0050852715087356115,-0.020894393512082443,0.009267074694848665,343100.0,1
2024-01-24,21185.25,21482.349609375,21137.19921875,21453.94921875,407500,0.010129971071150878,0.010079006802925212,0.01608796530213424,0.012683315927355117,21469.869921875,21657.8349609375,20967.16796875,21528.50097229613,21061.050467672492,0.9905860515349187,1.0232163566737058,1.0329404044083057,-0.00421912393324142,48.662325470994446,134.20242664324905,227.77541970429533,-93.57299306104628,0.011468258563052693,0.008930149516212318,244.25711495535714,-0.0938403380031132,308220.0,1.322107585490883,-0.01774084294273448,0.00746195718645537,-0.0050852715087356115,-0.0029482333845447517,449700.0,0
2024-01-25,21454.599609375,21459.0,21247.05078125,21352.599609375,418100,-0.004724053755400193,-0.004735247364061254,0.00992615525169789,-0.004754225287682793,21426.0,21642.72744140625,21005.71296875,21511.748461541738,21072.4837673471,0.9865946732999934,1.016513918910587,1.030325772498364,-0.012308770600971686,43.43319015380901,106.15946653983337,203.45222907140297,-97.2927625315696,0.01145450186541266,0.008674498028290196,247.37486049107142,0.026012269938650245,316300.0,1.3218463484034144,0.010129971071150878,-0.01774084294273448,0.00746195718645537,-0.020894393512082443,407500.0,1
2024-01-29,21433.099609375,21763.25,21429.599609375,21737.599609375,376700,0.018030591452244726,0.01786996821930258,0.015348998814068832,0.014206997846770115,21481.069921875,21640.6724609375,21051.5939453125,21533.258094668716,21098.566741544273,1.004478934220388,1.032586875171761,1.027982608687746,0.004176077917123822,50.50322709364989,113.69094262360159,185.4999717818427,-71.80902915824112,0.012961709141897086,0.009531511458091856,268.1070033482143,-0.09901937335565658,315480.0,1.194053505768987,-0.004724053755400193,0.010129971071150878,-0.01774084294273448,-0.0050852715087356115,418100.0,0
2024-01-30,21775.75,21813.05078125,21501.80078125,21522.099609375,375100,-0.009913698102483215,-0.009963166019046519,0.014461878982495737,-0.011648296413441558,21461.009765625,21630.207421875,21088.526953125,21532.1953817836,21115.175873616066,0.9950019983446544,1.020559646352433,1.0256860268123056,-0.017011135583286707,50.16974371940952,101.10516528041262,168.62101048155668,-67.51584520114406,0.01271275947141778,0.00977692639853118,270.978515625,-0.004247411733474871,320690.0,1.1696654089619258,0.018030591452244726,-0.004724053755400193,0.010129971071150878,0.00746195718645537,376700.0,1
2024-01-31,21487.25,21741.349609375,21448.849609375,21725.69921875,410600,0.009460025419002926,0.009415559590485083,0.013463318121773626,0.01109724225994485,21558.389453125,21629.39736328125,21127.736953125,21550.624318637543,21139.117965582103,1.0044523596220132,1.0283022392294863,1.0237441620590628,-0.01682320870250331,53.17041236075626,106.33388218070468,156.16358482138628,-49.8297026406816,0.012731168327699105,0.010024318509186175,276.76785714285717,0.09464142895227945,333520.0,1.2311105780762772,-0.009913698102483215,0.018030591452244726,-0.004724053755400193,-0.01774084294273448,375100.0,0
2024-02-01,21780.650390625,21832.94921875,21658.75,21697.44921875,332500,-0.0013003033741542103,-0.00130114950214822,0.008028557504329336,-0.003819958099635634,21607.089453125,21630.97978515625,21167.049921875,21564.607642457777,21161.01330884359,1.0030728813143897,1.025057780788189,1.0219175494456505,-0.015198211290986308,51.40296961902695,106.96511186405405,146.32389022991984,-39.35877836586579,0.01272377512563658,0.009996242816908663,275.4107142857143,-0.19020944958597175,336960.0,0.986764007597341,0.009460025419002926,-0.009913698102483215,0.018030591452244726,0.010129971071150878,410600.0,1
2024-02-02,21812.75,22126.80078125,21805.55078125,21853.80078125,442800,0.007205988175093214,0.007180149098767169,0.014699960122068298,0.0018819626709149465,21707.3296875,21647.80234375,21210.2459375,21592.14984615227,21188.18144501639,1.009515905320499,1.030341696444556,1.0206294829178004,0.013065651121365374,53.52033929441459,118.71317871723659,140.8017479273832,-22.088569210146602,0.010900217732971021,0.009976091472107661,296.59654017857144,0.33172932330827076,343505.0,1.2890642057611972,-0.0013003033741542103,0.009460025419002926,-0.009913698102483215,-0.004724053755400193,332500.0,0
2024-02-05,21921.05078125,21964.30078125,21726.94921875,21771.69921875,440800,-0.0037568550808078083,-0.0037639297855089193,0.010901839131398182,-0.006813157087695207,21714.149609375,21653.45732421875,21250.0119140625,21609.249786399676,21211.06449496673,1.0054606473581011,1.02454997704459,1.018985655715763,0.014418302775804026,47.781780838536214,120.01523546867611,136.64444543564179,-16.629209966965675,0.01082109863514965,0.009928591279403655,293.4751674107143,-0.004516711833784992,348585.0,1.2645409297588823,0.007205988175093214,-0.0013003033741542103,0.009460025419002926,0.018030591452244726,442800.0,1
2024-02-06,21825.19921875,21951.400390625,21737.55078125,21929.400390625,371000,0.007243402101531293,0.007217294659854949,0.009751730807305724,0.004774351465506024,21795.609765625,21664.3873046875,21292.3629296875,21639.74032013542,21239.234530090584,1.0122326600891296,1.029918589263256,1.0174721977184267,0.01419823860689906,46.91534800880213,132.24782087400672,135.76512052331478,-3.5172996493080575,0.010807935598499886,0.010040952660493369,292.9644252232143,-0.15834845735027225,351670.0,1.0549663036369323,-0.0037568550808078083,0.007205988175093214,-0.0013003033741542103,-0.009913698102483215,440800.0,1
2024-02-07,22045.05078125,22053.30078125,21860.150390625,21930.5,346300,5.014315737827957e-05,5.014190025218764e-05,0.008807386544994415,-0.005196213081415489,21836.569921875,21685.2623046875,21334.9329296875,21667.431718217762,21266.342979890953,1.0113089568328388,1.0279151133155788,1.0164204582294476,0.032567715374996364,48.086381225814506,140.4123757613852,136.69457157092887,3.71780419045632,0.008485656206286683,0.009782839112815273,295.7359095982143,-0.0665768194070081,357410.0,0.9689152513919588,0.007243402101531293,-0.0037568550808078083,0.007205988175093214,0.009460025419002926,371000.0,0
2024-02-08,22009.650390625,22011.05078125,21665.30078125,21717.94921875,491100,-0.009692017110872975,-0.009739290405751649,0.015920011439270694,-0.013253330548096756,21840.669921875,21693.91728515625,21373.3979296875,21672.24290874464,21284.05302847366,1.0011077728967923,1.0161205667997188,1.0149961815394617,0.012305426721588075,53.02640656326012,128.25334788669352,135.0063268340818,-6.7529789473882715,0.00900048150375729,0.01006900013181211,298.9287109375,0.4181345654057176,370535.0,1.3253808682040833,5.014315737827957e-05,0.007243402101531293,-0.0037568550808078083,-0.0013003033741542103,346300.0,1
2024-02-09,21727.0,21804.44921875,21629.900390625,21782.5,349200,0.0029722318898448563,0.0029678235415700974,0.00801325964076667,0.0025544253693561008,21826.409765625,21702.10732421875,21411.2539453125,21682.743584102293,21303.59996853352,1.0037043718649172,1.0173388282459177,1.0135841356909376,0.02013339820394755,56.7650262402218,122.41481745340207,132.48802495794584,-10.073207504543774,0.008760311156895344,0.010062338385388416,293.26436941964283,-0.28894318875992675,377145.0,0.9259038300918745,-0.009692017110872975,5.014315737827957e-05,0.007243402101531293,0.007205988175093214,491100.0,0
2024-02-12,21800.80078125,21831.69921875,21574.75,21616.05078125,287400,-0.0076414194307357075,-0.007670764664605448,0.011886964059729197,-0.008474459349167398,21795.280078125,21700.54990234375,21441.64296875,21676.391888592552,21315.852941581226,0.9961061299610373,1.0081340694252856,1.0120749577805719,-0.005591639845669905,49.86622555252427,103.16742923696438,126.62390581374956,-23.456476576785178,0.007201714012415834,0.010217664139652163,296.7357700892857,-0.17697594501718217,380890.0,0.7545485573262621,0.0029722318898448563,-0.009692017110872975,5.014315737827957e-05,-0.0037568550808078083,349200.0,1
2024-02-13,21664.30078125,21766.80078125,21543.349609375,21743.25,365800,0.005884480011507653,0.005867234081485647,0.010276806451427454,0.0036442080243978565,21758.05,21692.98486328125,21473.8449609375,21682.759327774213,21332.613610538825,1.0023171148200924,1.0125457289811195,1.0102049680782543,0.010275502606105658,61.9150824669597,97.05881570001657,120.71088779100297,-23.652072090986408,0.006621807615415492,0.009964801332808857,272.86439732142856,0.2727905358385525,384445.0,0.9515015151712208,-0.0076414194307357075,0.0029722318898448563,-0.009692017110872975,0.007243402101531293,287400.0,1
2024-02-14,21578.150390625,21870.849609375,21530.19921875,21840.05078125,359100,0.004451992284961959,0.004442111482625561,0.01559750909175785,0.0121372956385913,21739.96015625,21680.11494140625,21505.28796875,21697.739466200477,21352.513107429462,1.0073770752727096,1.0155665347511948,1.008129487636264,0.005263423807382539,59.659765019536096,98.88878119728179,116.34646647225875,-17.457685274976967,0.0060865049122903,0.009778685509764797,272.54296875,-0.018316019682886875,385125.0,0.9324245374878286,0.005884480011507653,-0.0076414194307357075,0.0029722318898448563,5.014315737827957e-05,365800.0,1
2024-02-15,21906.55078125,21953.849609375,21794.80078125,21910.75,345400,0.0032371361888359207,0.003231907943473083,0.007258940388850222,0.00019168781027792593,21778.5203125,21674.03740234375,21529.766953125,21718.026183705195,21374.404750275367,1.010921481460148,1.0176956419316792,1.00670097588761,0.009830684662493594,64.18170575688731,104.8354008894712,114.04425335570126,-9.208852466230056,0.006104168795899584,0.009797669866119595,268.76436941964283,-0.038150932887775046,387775.0,0.8907227129134163,0.004451992284961959,0.005884480011507653,-0.0076414194307357075,-0.009692017110872975,359100.0,1
2024-02-16,22020.30078125,22068.650390625,21968.94921875,22040.69921875,343900,0.005930843022260657,0.005913324803860001,0.004523503128711285,0.0009263469060953519,21830.16015625,21697.47490234375,21553.4789453125,21748.756948947557,21400.53394511751,1.0158186294926501,1.0226051801045075,1.0066808684294823,0.008552216585608896,58.84805947853653,118.66604743304924,114.96861217117086,3.6974352618783826,0.005972891183133488,0.008557571200656556,250.71079799107142,-0.004342790966994747,382170.0,0.8998613182615066,0.0032371361888359207,0.004451992284961959,0.005884480011507653,0.0029722318898448563,345400.0,1
2024-02-19,22103.44921875,22186.650390625,22021.05078125,22122.25,0,0.0037000088082788096,0.0036931806134258504,0.007485658528178643,0.000850581330720619,21931.4,21730.47490234375,21577.1699609375,21784.327715714455,21428.836535505056,1.018028832752937,1.0252618874509165,1.0071049605524631,0.01610121367780537,69.0058920819968,134.6551798682376,118.90592571058421,15.749254157653397,0.005795493419789532,0.008448894856011224,240.30719866071428,-1.0,362805.0,0.0,0.005930843022260657,0.0032371361888359207,0.004451992284961959,-0.0076414194307357075,343900.0,1
2024-02-20,22099.19921875,22215.599609375,22045.849609375,22196.94921875,295700,0.0033766555730090353,0.003370967472487328,0.007647447328329713,0.004423237196624948,22022.13984375,21759.20234375,21603.0859375,21823.625001717843,21458.958601514663,1.0201177813453137,1.0274897430380137,1.0072265789573611,0.01220046254613405,66.25052534025883,151.60665800271818,125.44607216901102,26.16058583370716,0.005501230176818939,0.008347295301987323,231.53934151785714,inf,360435.0,0.8203975751522465,0.0037000088082788096,0.005930843022260657,0.0032371361888359207,0.005884480011507653,0.0,0
2024-02-21,22248.849609375,22249.400390625,21997.94921875,22055.05078125,364500,-0.006392700010330099,-0.006413220819374543,0.011401069730874075,-0.008710510050071936,22065.13984375,21800.01484375,21624.7989453125,21845.665552149476,21482.334765425854,1.0116988882497535,1.0198962236377584,1.008102544623911,0.00567934070130649,61.43518819232441,151.84048593711123,130.72495492263107,21.115531014480155,0.006009223954607476,0.007283230732643361,237.05733816964286,0.23266824484274595,356175.0,1.0233733417561592,0.0033766555730090353,0.0037000088082788096,0.005930843022260657,0.004451992284961959,295700.0,1
2024-02-22,22081.55078125,22252.5,21875.25,22217.44921875,343500,0.0073633218581414805,0.007336344949249518,0.01697989702983666,0.006154388287592318,22126.4796875,21838.18984375,21649.2059375,21881.07352039714,21511.162783203272,1.0173667954035368,1.0262477655250029,1.0087293689567916,0.022999409150876948,61.583754323967845,163.24816966420258,137.22959787094538,26.018571793257195,0.005114973657397886,0.007145355933754556,233.33579799107142,-0.057613168724279795,352975.0,0.9731567391458319,-0.006392700010330099,0.0033766555730090353,0.0037000088082788096,0.0032371361888359207,364500.0,0
2024-02-23,22290.0,22297.5,22186.099609375,22212.69921875,226000,-0.0002137959201901074,-0.000213818777795819,0.005015166753393285,-0.00346795788470166,22160.8796875,21881.19482421875,21675.3319140625,21912.65692024027,21538.67401596981,1.0151501961933236,1.0247916528714778,1.0094975666795991,0.01974976328474698,64.77588030196739,169.94651822914238,143.77298194258478,26.173536286557606,0.005165714665467084,0.006999458663215268,224.33928571428572,-0.34206695778748175,343370.0,0.6581821358884002,0.0073633218581414805,-0.006392700010330099,0.0033766555730090353,0.005930843022260657,343500.0,0
2024-02-26,22169.19921875,22202.150390625,22075.150390625,22122.05078125,207800,-0.004080928508836235,-0.004089278221713085,0.005740878242067931,-0.002126754197784616,22160.83984375,21900.4173828125,21699.2459375,21932.59919271739,21561.551536176878,1.010120053630185,1.0194847712666053,1.0092708956749894,0.0234085312400778,56.75850491623557,166.02658527313542,148.2237026086949,17.802882664440517,0.004506187301688412,0.00602997140998445,218.1357421875,-0.08053097345132743,334925.0,0.6204374113607524,-0.0002137959201901074,0.0073633218581414805,-0.006392700010330099,0.0037000088082788096,226000.0,1
2024-02-27,22090.19921875,22218.25,22085.650390625,22198.349609375,252200,0.003448994348646428,0.003443060208267885,0.005973399451236653,0.004895854018971578,22161.119921875,21934.2298828125,21719.5589453125,21957.90875620859,21586.52400963563,1.0120414406146743,1.0220442167020078,1.0098837613618452,0.020930615679578768,58.92568212260178,167.14988807514965,152.00893970198587,15.14094837316378,0.00435650923290246,0.005481793643400018,213.81068638392858,0.2136669874879693,328780.0,0.7670782894336639,-0.004080928508836235,-0.0002137959201901074,0.0073633218581414805,0.0033766555730090353,207800.0,0
2024-02-28,22214.099609375,22229.150390625,21915.849609375,21951.150390625,203000,-0.011135927809948543,-0.011198396451173726,0.014272636088530738,-0.011837041490487768,22140.33984375,21945.50244140625,21729.4489453125,21957.26510234349,21600.823083399915,1.0002573624930133,1.0102028102907932,1.0099428888711124,0.005086966623281786,57.59567513648792,146.4055307909657,150.88825791978184,-4.482727128816123,0.005933137108782101,0.005850013328178805,211.49288504464286,-0.19508326724821567,318400.0,0.6375628140703518,0.003448994348646428,-0.004080928508836235,-0.0002137959201901074,-0.006392700010330099,252200.0,1
2024-02-29,21935.19921875,22060.55078125,21860.650390625,21982.80078125,360200,0.0014418556686905948,0.0014408171929075416,0.009093490525352117,0.00217009939254669,22093.41015625,21959.77001953125,21740.731953125,21959.69707176316,21615.802600962663,1.0010487706245679,1.0111343458282327,1.0100750088303612,0.0032883758543180708,56.666952707112785,131.0092076034598,146.91244785651745,-15.903240253057646,0.0058684333776421035,0.005837297436800287,213.3037109375,0.7743842364532019,319785.0,1.1263817877636537,-0.011135927809948543,0.003448994348646428,-0.004080928508836235,0.0073633218581414805,203000.0,1
2024-03-01,22048.30078125,22353.30078125,22047.75,22338.75,351500,0.016192168700068565,0.0160624736924449,0.013678060824799955,0.013173315333079983,22118.6203125,21984.01748046875,21758.4449609375,21995.797350642857,21644.153479356286,1.0161359278324085,1.0266703360513267,1.0103671250374837,0.013522746183861845,71.36025566128575,145.84838828158536,146.69963594153103,-0.8512476599456704,0.007572008604839105,0.006642388517811072,221.41448102678572,-0.024153248195446952,315220.0,1.115094219909904,0.0014418556686905948,-0.011135927809948543,0.003448994348646428,-0.0002137959201901074,360200.0,1
2024-03-04,22403.5,22440.900390625,22358.30078125,22405.599609375,298800,0.0029925402887358565,0.0029880715530739466,0.0036865609854260938,9.371791795924744e-05,22175.330078125,22015.7125,21783.5539453125,22034.826137188775,21674.01411190604,1.0177094931347326,1.028555747405779,1.0106575150808879,0.012808354004452571,70.30076133167793,161.1451694663665,149.58874264649813,11.556426819868364,0.007550947863845861,0.006553294976539689,212.75013950892858,-0.14992887624466567,308120.0,0.9697520446579255,0.016192168700068565,0.0014418556686905948,-0.011135927809948543,-0.004080928508836235,351500.0,0
2024-03-05,22371.25,22416.900390625,22269.150390625,22356.30078125,296200,-0.00220029050703785,-0.0022027147028049303,0.006608875119622492,-0.000668233502821702,22206.9203125,22037.05751953125,21805.5789453125,22065.44276995651,21700.77045188031,1.0144866555544363,1.0252560061495588,1.0106155665391543,0.007178984865424454,66.29741801348088,167.3607448522671,153.14314308765194,14.217601764615154,0.007584491000563276,0.006453595568551148,198.97154017857142,-0.00870147255689424,304380.0,0.9731256981404823,0.0029925402887358565,0.016192168700068565,0.0014418556686905948,0.003448994348646428,298800.0,1
2024-03-06,22327.5,22497.19921875,22224.349609375,22474.05078125,312300,0.005266971542034149,0.0052531495595052715,0.012140651101609026,0.006563689676408017,22311.500390625,22064.23505859375,21828.071953125,22104.35781865113,21731.095170679124,1.01857375619721,1.0295939480826442,1.010819237996645,0.01899791590397104,67.26972896327734,179.71641508506582,158.4577974871347,21.258617597931107,0.007256304487278596,0.006519352305461776,207.10016741071428,0.054355165428764396,302680.0,1.0317827408484208,-0.00220029050703785,0.0029925402887358565,0.016192168700068565,-0.011135927809948543,296200.0,1
2024-03-07,22505.30078125,22525.650390625,22430.0,22493.55078125,379900,0.0008676673462120199,0.0008672911404987264,0.004252347330806104,-0.0005220992207217849,22413.650390625,22103.01513671875,21849.1159765625,22141.423815089118,21760.99539070151,1.0176688855396234,1.0294947770600322,1.0116205690165498,0.012427239499077647,64.89210832586137,188.9042887422729,164.54709573816237,24.357193004110542,0.006999842112017773,0.0059905297949481425,202.65373883928572,0.2164585334614153,297120.0,1.2786079698438342,0.005266971542034149,-0.00220029050703785,0.0029925402887358565,0.0014418556686905948,312300.0,0
2024-03-11,22517.5,22526.599609375,22307.25,22332.650390625,277900,-0.007153178801771132,-0.007178885448103384,0.009821924650156192,-0.008209153297435328,22412.43046875,22130.52265625,21862.673984375,22159.635869902057,21783.413233835767,1.0091334369962526,1.0214967485947002,1.0122514140798342,0.005400116874303418,56.57587111597829,181.11465103077353,167.8606067966846,13.254044234088923,0.007489431043085575,0.006303831298882028,206.49302455357142,-0.26849170834430114,293555.0,0.9466709815877774,0.0008676673462120199,0.005266971542034149,-0.00220029050703785,0.016192168700068565,379900.0,1
2024-03-12,22334.44921875,22452.55078125,22256.0,22335.69921875,299200,0.0001365188668460693,0.00013650954899359894,0.00879984903651473,5.596735284390233e-05,22398.450390625,22166.505078125,21873.813984375,22176.40380788758,21805.071507753975,1.0076328740154878,1.0211158984301931,1.0133808897688843,0.009657713907839094,54.539830881074835,173.19088525502593,168.9266624883529,4.2642227666730435,0.007316520390129758,0.005954583587435818,208.40736607142858,0.07664627563871895,294145.0,1.0171854017576365,-0.007153178801771132,0.0008676673462120199,0.005266971542034149,0.0029925402887358565,277900.0,0
2024-03-13,22432.19921875,22446.75,21905.650390625,21997.69921875,493300,-0.015132725270416536,-0.015248393356596964,0.024598009273341975,-0.019369478478811934,22326.730078125,22179.2275390625,21879.1399609375,22159.38432320781,21812.625535636173,0.9918153903244471,1.0054188262438182,1.0137156935172391,-0.009038977858978336,48.336905252760495,138.04615839077815,162.75056166883795,-24.7044032780598,0.008840783946089809,0.006953355041638155,229.09654017857142,0.6487299465240641,300520.0,1.6414880873153201,0.0001365188668460693,-0.007153178801771132,0.0008676673462120199,-0.00220029050703785,299200.0,1
2024-03-14,21982.55078125,22204.599609375,21917.5,22146.650390625,426700,0.006771215952804832,0.006748394232673185,0.012963568048039149,0.007464993985819363,22261.25,22194.55751953125,21887.2349609375,22158.171567723733,21825.724549557304,0.9978414920475847,1.0118523618972648,1.014041177843717,0.008906139155399062,47.930820719078184,120.82008514653353,154.36446636437708,-33.54438121784355,0.008326362473266345,0.007039337059248873,222.6572265625,-0.135009122237989,303900.0,1.404080289568937,-0.015132725270416536,0.0001365188668460693,-0.007153178801771132,0.005266971542034149,493300.0,0
2024-03-15,22064.849609375,22120.900390625,21931.69921875,22023.349609375,661500,-0.005567468627318717,-0.005583024746448362,0.008590935313239545,-0.0018808195267448057,22167.209765625,22200.1875,21894.3859375,22145.331381214328,21833.4745519031,0.9920343965281825,1.00589026210843,1.013967122136832,0.0018445706044694088,44.82466301881756,96.11104709025676,142.71378250955303,-46.602735419296266,0.008567193645331372,0.007147401261805886,228.21442522321428,0.5502695101945161,319705.0,2.0690949469041775,0.006771215952804832,-0.015132725270416536,0.0001365188668460693,0.0008676673462120199,426700.0,1
2024-03-18,21990.099609375,22123.69921875,21916.55078125,22055.69921875,356300,0.0014688778023679294,0.001467800056624233,0.009392059414915256,0.0029831428934061323,22111.81953125,22200.9375,21905.1529296875,22136.794984789154,21842.189244720626,0.9934580113452416,1.0068726426857522,1.0135029676013643,-0.012670842426277251,48.12677000714619,78.23742717191635,129.81851144202568,-51.58108427010933,0.0065726826096310234,0.00703038201325302,233.93931361607142,-0.46137566137566133,320325.0,1.1123078123780534,-0.005567468627318717,0.006771215952804832,-0.015132725270416536,-0.007153178801771132,661500.0,0
2024-03-19,21946.44921875,21978.30078125,21793.099609375,21817.44921875,344200,-0.010802196640288697,-0.010860963960358783,0.008488672072436287,-0.005877944022479434,22008.16953125,22185.6974609375,21908.329921875,22106.381102309235,21841.21904762374,0.9834015476486202,0.9958517740307418,1.0126603689122626,-0.02625015178700707,40.14741915438595,44.3365861855018,112.72212639072092,-68.38554020521912,0.007018497512978944,0.00737641729984991,237.69656808035714,-0.033960145944428866,337535.0,1.0197461004044026,0.0014688778023679294,-0.005567468627318717,0.006771215952804832,0.0001365188668460693,356300.0,1
2024-03-20,21843.900390625,21930.900390625,21710.19921875,21839.099609375,312400,0.0009923428906801757,0.0009918508439663014,0.010105781640386781,-0.00021977674152279174,21976.449609375,22167.80498046875,21910.8958984375,22080.925722029784,21841.1359323983,0.9851719477240367,0.9967232609111333,1.01172517469035,-0.02313447009573122,46.7187668008062,18.997934679780883,93.97728804853291,-74.97935336875203,0.007113685410684726,0.007326432696983013,231.08231026785714,-0.09238814642649618,338370.0,0.9232496970771641,-0.010802196640288697,0.0014688778023679294,-0.005567468627318717,-0.015132725270416536,344200.0,1
2024-03-21,21989.900390625,22080.94921875,21941.30078125,22011.94921875,353200,0.0079146856998078,0.007883528864675105,0.00634421041554312,0.0010026797635882027,21949.509375,22165.64990234375,21920.8748828125,22074.356531241232,21847.834492647387,0.9930658165101895,1.0041546852680094,1.0111662979164746,-0.02056156084178329,50.78837157213673,12.71778698664275,77.7253878361549,-65.00760084951214,0.007465600470010697,0.007447687351780718,234.07868303571428,0.1306017925736236,337805.0,1.0455736297568123,0.0009923428906801757,-0.010802196640288697,0.0014688778023679294,0.006771215952804832,312400.0,1
2024-03-22,21932.19921875,22180.69921875,21883.30078125,22096.75,388700,0.0038524885010076115,0.0038450866714008036,0.013458922126557072,0.007502703199473234,21964.189453125,22159.61494140625,21931.912890625,22076.48924255159,21857.59588509259,0.9971630851180188,1.0075158564689293,1.0103822248390646,-0.017640646650628478,42.32963549920761,14.417245993598044,65.06375946764352,-50.64651347404548,0.0076531457332309,0.007303795792850285,228.85714285714286,0.10050962627406568,340065.0,1.1430167762045491,0.0079146856998078,0.0009923428906801757,-0.010802196640288697,-0.005567468627318717,353200.0,0
2024-03-26,21947.900390625,22073.19921875,21947.55078125,22004.69921875,328400,-0.00416580634029895,-0.004174507484794188,0.00571007293719044,0.0025878934710885375,21953.989453125,22149.21494140625,21939.632890625,22069.652097427628,21863.364643275232,0.9934753568901401,1.0029656981249129,1.0095526689906835,-0.014684829885335482,37.4929775537636,8.241349605956202,53.69927749530606,-45.45792788934986,0.007474532215425424,0.007355635526473043,230.53557477678572,-0.1551324929251351,345185.0,0.9513739009516636,0.0038524885010076115,0.0079146856998078,0.0009923428906801757,0.0014688778023679294,388700.0,1
2024-03-27,22053.94921875,22193.599609375,22052.849609375,22123.650390625,409100,0.005405716783151604,0.005391158338500764,0.0063619699965808294,0.0031604848267148865,22015.2296875,22149.294921875,21949.1619140625,22074.794792017856,21873.571927485027,0.9988421964969787,1.0079496646498702,1.0091180250342169,-0.009493717928785173,43.04422215604178,12.7977482027527,45.5189716367954,-32.7212234340427,0.0077792435108677525,0.007415381889168984,233.47488839285714,0.24573690621193656,355250.0,1.1515833919774807,-0.00416580634029895,0.0038524885010076115,0.0079146856998078,-0.010802196640288697,328400.0,1
2024-03-28,22163.599609375,22516.0,22163.599609375,22326.900390625,410500,0.009187001078543977,0.009145057280234776,0.01578366833100451,0.007367971995890291,22112.78984375,22155.7224609375,21957.80890625,22098.80484902806,21891.34951427483,1.0077261271885538,1.0168091218003972,1.009013356274868,0.014965254711474696,45.81448655086937,32.435408092522266,42.90225892794078,-10.466850835418512,0.006521778600163945,0.007660151243846095,242.01060267857142,0.0034221461745294057,363165.0,1.1303402034887724,0.005405716783151604,-0.00416580634029895,0.0038524885010076115,0.0009923428906801757,409100.0,1
2024-04-01,22455.0,22529.94921875,22427.75,22462.0,0,0.006050979178091831,0.006032745520934439,0.004549871727806963,0.00031173458027165444,22202.8,22181.26494140625,21965.099921875,22133.39486340634,21913.727964695423,1.012656404372579,1.0226222543895709,1.0098412946128221,0.014239155981280671,49.15795114302633,58.2285815962714,45.9675234616069,12.261058134664495,0.00646125587272034,0.0072586607582933145,249.68191964285714,-1.0,353015.0,0.0,0.009187001078543977,0.005405716783151604,-0.00416580634029895,0.0079146856998078,410500.0,0
2024-04-02,22458.80078125,22497.599609375,22388.150390625,22453.30078125,289500,-0.0003872860275131451,-0.00038736104211539534,0.004874526904364875,-0.0002448928619818268,22274.11015625,22204.78994140625,21973.519921875,22163.862093677166,21934.88768299168,1.0111917672042618,1.0218345017585175,1.0105249418551743,0.019522514944410485,53.50472777695195,77.07938006392214,52.189894782069956,24.88948528185219,0.006030651517256683,0.007266316492567201,241.83189174107142,inf,349480.0,0.8283735836099347,0.006050979178091831,0.009187001078543977,0.005405716783151604,0.0038524885010076115,0.0,0
2024-04-03,22385.69921875,22521.099609375,22346.5,22434.650390625,309600,-0.0008306302403686683,-0.0008309754048160305,0.007782586594171387,0.0021867162332816063,22360.100390625,22209.5849609375,21990.7739453125,22189.651455291245,21954.48622054593,1.0101337071396583,1.0201846668251127,1.0099501280022771,0.01718155330812854,52.84857562784714,89.48234622018572,59.64838506969312,29.8339611504926,0.006093854393811598,0.0063551946733390605,240.26395089285714,0.0694300518134714,347385.0,0.891230191286325,-0.0003872860275131451,0.006050979178091831,0.009187001078543977,-0.00416580634029895,289500.0,1
2024-04-04,22592.099609375,22619.0,22303.80078125,22514.650390625,401000,0.003565912488363576,0.0035595696965144527,0.013999738538300712,-0.00342815497847137,22438.300390625,22215.0375,22011.821953125,22220.60373484684,21976.453442901973,1.0134869405745996,1.0228435628168715,1.0092321093323284,0.03195612671695014,67.47810606030589,104.56179439138577,68.63106693403165,35.93072745735412,0.0042031446732290435,0.006369591833256837,224.12820870535714,0.295219638242894,352495.0,1.1376047887204075,-0.0008306302403686683,-0.0003872860275131451,0.006050979178091831,0.005405716783151604,309600.0,0
2024-04-05,22486.400390625,22537.599609375,22427.599609375,22513.69921875,242200,-4.224679746289706e-05,-4.22476898839797e-05,0.004885914079743462,0.001214015033565861,22475.66015625,22222.907421875,22029.6479296875,22248.517590456664,21997.521904699934,1.0130852273896782,1.0219727201545596,1.008772699990682,0.03088953397535721,63.78997852940357,115.10871250254058,77.92659604773344,37.182116454807144,0.004274142662415344,0.006344204895320065,211.47823660714286,-0.39600997506234414,349795.0,0.6924055518232107,0.003565912488363576,-0.0008306302403686683,-0.0003872860275131451,0.009187001078543977,401000.0,1
2024-04-08,22578.349609375,22697.30078125,22550.349609375,22666.30078125,227600,0.006778164752814453,0.006755296273493474,0.006483244588219743,0.003895376473330931,22516.5203125,22232.519921875,22058.1979296875,22288.306465770314,22023.74852730974,1.0195110972979808,1.0275681111168231,1.0079028211072893,0.029727106672707393,73.6352292292206,134.23353125056383,89.18798308829952,45.04554816226431,0.004145090800837894,0.006413807191281723,211.07826450892858,-0.06028075970272506,345560.0,0.6586410464174094,-4.224679746289706e-05,0.003565912488363576,-0.0008306302403686683,0.006050979178091831,242200.0,0
2024-04-09,22765.099609375,22768.400390625,22612.25,22642.75,232400,-0.0010390218270411866,-0.0010395619844089984,0.006896264394784203,-0.0053744376907806125,22554.41015625,22239.9798828125,22081.9739453125,22322.06299283981,22048.02309486622,1.0181101835212887,1.025395195922081,1.0071554263170182,0.024709516105309692,71.72081272564873,145.80894195057772,100.51217486075517,45.29676708982255,0.004309730900228364,0.0064210692084891476,207.435546875,0.02108963093145877,338185.0,0.6871978355042359,0.006778164752814453,-4.224679746289706e-05,0.003565912488363576,-0.0003872860275131451,227600.0,1
2024-04-10,22720.25,22775.69921875,22673.69921875,22753.80078125,276800,0.0049044741142307835,0.004892486360835239,0.004482767559609289,0.0014766906724177772,22618.240234375,22261.03740234375,22109.99796875,22363.1808774503,22075.700651195,1.0221356880184913,1.0291181760129486,1.0068312730651185,0.034042799451750705,88.24477318561254,162.07510733434174,112.82476135547248,49.25034597886926,0.0036695341971309386,0.006242916472505917,203.70326450892858,0.1910499139414803,338130.0,0.8186200573743826,-0.0010390218270411866,0.006778164752814453,-4.224679746289706e-05,-0.0008306302403686683,232400.0,0
2024-04-12,22677.400390625,22726.44921875,22503.75,22519.400390625,357200,-0.010301592814249916,-0.01035502147176367,0.009889216181915367,-0.006967288899009709,22619.190234375,22270.2224609375,22125.633984375,22378.05892632408,22093.10064097657,1.0111888388238852,1.0177968417324483,1.0065348851320874,0.01788809681099024,73.67241360561971,154.27363757279454,121.1145365989369,33.15910097385765,0.005577547695811643,0.006734870324742009,203.84598214285714,0.29046242774566466,341030.0,1.0474151834149488,0.0049044741142307835,-0.0010390218270411866,0.006778164752814453,0.003565912488363576,276800.0,0
2024-04-15,22339.05078125,22427.44921875,22259.55078125,22272.5,355500,-0.010963897188301042,-0.011024443666037696,0.007538374116062408,-0.0029791230568247135,22570.950390625,22283.9625,22140.6419921875,22368.005695245596,22100.13590995788,0.9994856166177806,1.0059554735521683,1.0064731866340224,-0.002436540212623628,58.6220446995256,126.70751315052621,122.23313190925477,4.474381241271445,0.006224751252730496,0.006268064655719155,198.56375558035714,-0.004759238521836462,334140.0,1.0639253007721314,-0.010301592814249916,0.0049044741142307835,-0.0010390218270411866,-4.224679746289706e-05,357200.0,0
2024-04-16,22125.30078125,22213.75,22079.44921875,22147.900390625,317300,-0.005594325260972033,-0.005610032105390299,0.00606381548053414,0.001021437385120294,22467.2703125,22284.025,22149.086015625,22347.043285281732,22102.009026846787,0.993891381410001,0.999946470703163,1.006092304859885,-0.013983599384516099,51.64920836235354,93.72659197894973,116.53182392319377,-22.805231944244042,0.00600527754580617,0.006241297005941328,186.91392299107142,-0.10745428973277071,328670.0,0.9654060303648037,-0.010963897188301042,-0.010301592814249916,0.0049044741142307835,0.006778164752814453,355500.0,0
2024-04-18,22212.349609375,22326.5,21961.69921875,21995.849609375,456900,-0.0068652458503182245,-0.006888920065700564,0.016584982518452744,-0.009746830200647637,22337.890234375,22282.65,22155.0540234375,22313.596268528712,22097.84591243613,0.9871289819377407,0.992814081432883,1.0057592266047972,-0.020373448711692443,49.72529637798636,54.689322562710004,104.16332365109703,-49.47400108838703,0.0062302042098866615,0.006309271101253032,203.99623325892858,0.4399621809013552,318440.0,1.4348071850270065,-0.005594325260972033,-0.010963897188301042,-0.010301592814249916,-0.0010390218270411866,317300.0,1
2024-04-19,21861.5,22179.55078125,21777.650390625,22147.0,362500,0.0068717686886063944,0.006848265696137249,0.018146944986905677,0.013059488141252887,22216.530078125,22287.2150390625,22160.9180078125,22297.729957240263,22099.773523713146,0.9937087231932412,0.9993719570729158,1.0056990884224866,-0.01282170150265427,50.710597924614206,35.538908197417186,90.43844056036106,-54.89953236294387,0.0068415707949416515,0.006490074345609302,219.21051897321428,-0.2066097614357627,318750.0,1.1372549019607843,-0.0068652458503182245,-0.005594325260972033,-0.010963897188301042,0.0049044741142307835,456900.0,1
2024-04-22,22336.900390625,22375.650390625,22198.150390625,22336.400390625,279300,0.008551965982977361,0.008515605079627573,0.007946669870517724,-2.2384484474392632e-05,22179.930078125,22313.16259765625,22172.21203125,22301.412855657858,22109.05300869008,1.001041438786055,1.007405141135381,1.006357081837734,-0.007917067194355476,50.291571054859,35.23888356566749,79.39852916142235,-44.15964559575485,0.007389510004610836,0.006190307254542157,207.51771763392858,-0.2295172413793104,315505.0,0.8852474604205955,0.0068717686886063944,-0.0068652458503182245,-0.005594325260972033,-0.010301592814249916,362500.0,1
2024-04-23,22447.05078125,22447.55078125,22349.44921875,22368.0,231500,0.0014147135985376202,0.0014137138340638612,0.004385799467989985,-0.0035216555627000695,22199.030078125,22339.6076171875,22180.9840234375,22307.75448845235,22119.20779266302,1.0012709436664704,1.0084313651894294,1.0071513325821069,-0.006471580584529568,46.91925593066277,37.123005373374326,70.94342440381274,-33.820419030438416,0.007420265838110984,0.006190367715926145,200.95354352678572,-0.17114214106695314,311460.0,0.7432736145893534,0.008551965982977361,0.0068717686886063944,-0.0068652458503182245,-0.010963897188301042,279300.0,1
2024-04-24,22421.55078125,22476.44921875,22384.0,22402.400390625,235900,0.0015379287654238016,0.001536747364098986,0.004126755041334246,-0.0008541064269744667,22249.930078125,22359.13017578125,22190.42203125,22316.768383897364,22130.313384739962,1.001935236948109,1.0095526961621766,1.0076027460989099,-0.01164285223124295,48.359434901777604,40.92030569567214,64.93880066218463,-24.018494966512492,0.00701404101875431,0.0059889256327827,200.88211495535714,0.01900647948164136,305595.0,0.7719367136242412,0.0014147135985376202,0.008551965982977361,0.0068717686886063944,-0.005594325260972033,231500.0,1
2024-04-25,22316.900390625,22625.94921875,22305.25,22570.349609375,475000,0.0074969296067168845,0.007468967297299811,0.014208872449932802,0.011356828874697593,22364.830078125,22382.81015625,22207.4700390625,22340.9189768,22147.56970727467,1.008378726880844,1.0163404282286186,1.0078955467182475,-0.0031975087224387355,53.989732517141185,56.826728746527806,63.31638627905327,-6.489657532525463,0.007528945405105653,0.006136387516820691,211.31780133928572,1.013565069944892,309910.0,1.5327030428188828,0.0015379287654238016,0.0014147135985376202,0.008551965982977361,-0.0068652458503182245,235900.0,0
2024-04-26,22620.400390625,22620.400390625,22385.55078125,22419.94921875,329900,-0.006663626980883297,-0.006685928069119567,0.010475028604373163,-0.008861521830448093,22419.419921875,22403.57265625,22220.2190234375,22348.445666509524,22158.25125674429,1.000730979953567,1.0089886690631549,1.008251657313508,-0.014672342687253703,47.326345043589505,56.64367600150581,61.98184422354378,-5.338168222037972,0.007528524528135869,0.006273316078015881,205.57854352678572,-0.30547368421052634,309985.0,1.0642450441150377,0.0074969296067168845,0.0015379287654238016,0.0014147135985376202,0.0068717686886063944,475000.0,1
2024-04-29,22475.55078125,22655.80078125,22441.900390625,22643.400390625,292000,0.00996662256880243,0.009917283345523465,0.00944647830868904,0.007468097712427445,22480.819921875,22429.56015625,22240.766015625,22376.53659261576,22177.276712974908,1.0095338576809056,1.0181034400846236,1.008488652796058,0.00550636330670784,53.25309231635928,73.6799113394336,64.32145764672175,9.358453692711848,0.007601657082431449,0.0065193533036091355,214.56794084821428,-0.11488329796908159,304130.0,0.960115739979614,-0.006663626980883297,0.0074969296067168845,0.0015379287654238016,0.008551965982977361,329900.0,0
2024-04-30,22679.650390625,22783.349609375,22568.400390625,22604.849609375,361900,-0.00170251731563964,-0.0017039682453004383,0.009508986897256475,-0.003298145251873905,22528.18984375,22443.4576171875,22257.9980078125,22398.280689449974,22194.044277539615,1.0071910484979776,1.0155832344598448,1.0083322682170204,0.014921971461443473,48.36518646840164,83.11245606186276,68.07965732974995,15.03279873211281,0.006519274914098863,0.006266521486008112,216.80705915178572,0.23938356164383556,301700.0,1.1995359628770301,0.00996662256880243,-0.006663626980883297,0.0074969296067168845,0.0014147135985376202,292000.0,1
2024-05-02,22567.849609375,22710.5,22567.849609375,22648.19921875,445900,0.0019177127972140884,0.0019158763335262374,0.0062985312539507576,0.0035603573564058867,22577.349609375,22452.767578125,22274.1609765625,22422.082454145217,22211.854275234142,1.0087041225517073,1.016792472793075,1.008018555749437,0.022588995764888375,50.143456826179694,93.01356442915494,73.06643874963095,19.947125679523992,0.006025393945539454,0.006145769420353819,215.8427734375,0.23210831721470027,323995.0,1.3762558064167656,-0.00170251731563964,0.00996662256880243,-0.006663626980883297,0.0015379287654238016,361900.0,0
2024-05-03,22766.349609375,22794.69921875,22348.05078125,22475.849609375,438100,-0.007609859296553445,-0.0076389620148829334,0.019872371690621053,-0.012760060571167476,22558.449609375,22453.89501953125,22285.46296875,22427.203135595675,22222.207033435745,1.0009777630929801,1.0085430866252127,1.007557933663637,0.02182229868472163,42.91140791569661,85.96217263653307,75.64558552701138,10.316587109521691,0.006154848570082709,0.006403946198583761,238.24986049107142,-0.017492711370262426,331425.0,1.3218676925397903,0.0019177127972140884,-0.00170251731563964,0.00996662256880243,0.0074969296067168845,445900.0,0
2024-05-06,22561.599609375,22588.80078125,22409.44921875,22442.69921875,320300,-0.0014749338156797576,-0.0014760226012829026,0.00799153260273429,-0.005270033715853792,22562.999609375,22454.2974609375,22293.50296875,22428.678953038943,22230.85378580101,0.9994834733882154,1.0066923645964987,1.007212616716758,0.013351660213573036,47.82012582666029,76.81347642281253,75.87916370617161,0.9343127166409175,0.006011380435273534,0.0064102388342207,235.15359933035714,-0.26888838164802553,331960.0,0.9648752861790577,-0.007609859296553445,0.0019177127972140884,-0.00170251731563964,-0.006663626980883297,438100.0,0
2024-05-07,22489.75,22499.05078125,22232.05078125,22302.5,297800,-0.006246985595782073,-0.0062665796554610105,0.011971752045734783,-0.00832601518469525,22494.81953125,22443.68994140625,22297.10796875,22416.661909892377,22233.663441259796,0.9937091475699916,1.0002418264851907,1.0065740352005152,-0.0015177195086111261,50.907659797762044,57.58634397419519,72.22059975977633,-14.634255785581146,0.005862741029239235,0.00650043062220886,242.23228236607142,-0.07024664377146428,326800.0,0.9112607099143207,-0.0014749338156797576,-0.007609859296553445,0.0019177127972140884,0.00996662256880243,320300.0,0
2024-05-08,22231.19921875,22368.650390625,22185.19921875,22302.5,277400,0.0,0.0,0.008225587798453088,0.0032072395442286467,22434.349609375,22433.12998046875,22299.218984375,22405.789347045484,22236.36291415157,0.9941769168821969,1.0001471358986744,1.0060051877237308,-0.0029282904148784095,55.058881274949286,41.86609668283927,66.14969914438892,-24.28360246154965,0.005837785878892473,0.006500584956959814,245.74302455357142,-0.06850235057085297,328560.0,0.8442902361821281,-0.006246985595782073,-0.0014749338156797576,-0.007609859296553445,-0.00170251731563964,297800.0,0
2024-05-09,22224.80078125,22307.75,21932.400390625,21957.5,331300,-0.01546911781190452,-0.015590012996666094,0.017094369093703744,-0.012027139585228988,22296.209765625,22397.68994140625,22297.26796875,22363.095123517345,22225.42711359661,0.9803466365255608,0.9847619013582207,1.004503779243134,-0.019859496431961943,48.885801933206,1.5511895835370524,53.229997232218544,-51.67880764868149,0.007513150515867234,0.0070869874416430575,246.49651227678572,0.19430425378514782,333745.0,0.9926740475512742,0.0,-0.006246985595782073,-0.0014749338156797576,0.0019177127972140884,277400.0,1
2024-05-10,21990.94921875,22131.30078125,21950.30078125,22055.19921875,265800,0.0044494691449390444,0.004439599522660019,0.00820668170823525,0.002921656512453721,22212.0796875,22368.31240234375,22294.02296875,22333.771704015693,22218.751509877136,0.986001930858184,0.9892875435566401,1.003332257874583,-0.02282420961751619,47.24735288605697,-22.2585713442204,38.13228351693076,-60.39085486115116,0.007140497282331266,0.007214088181191879,230.71791294642858,-0.19770600664050708,335415.0,0.7924511426143732,-0.01546911781190452,0.0,-0.006246985595782073,-0.007609859296553445,331300.0,1
2024-05-13,22027.94921875,22131.650390625,21821.05078125,22104.05078125,278200,0.0022149680905385605,0.002212518664983643,0.014051705384176437,0.0034547729225389264,22144.35,22335.82490234375,22291.85,22311.89352089515,22214.253442087836,0.989623211942827,0.9915754314357041,1.001972689675543,-0.014090060348388778,42.3917144943905,-36.76229276802769,23.15336825993907,-59.91566102796676,0.0070886953919287775,0.007116962710876376,236.57142857142858,0.04665161775771254,335485.0,0.8292472092641996,0.0044494691449390444,-0.01546911781190452,0.0,-0.0014749338156797576,265800.0,1
2024-05-14,22112.900390625,22270.05078125,22081.25,22217.849609375,230200,0.005148324587705533,0.005135117275633606,0.008497707229521168,0.0047460630173369,22127.419921875,22320.74736328125,22293.7659765625,22302.93695789323,22214.39446825596,0.9953900399376625,0.9965947266483685,1.001210265988578,-0.01879358991621194,45.33448236100912,-38.62869457137276,10.796955693676706,-49.42565026504947,0.0063631263035149235,0.00693729324258665,242.11788504464286,-0.17253774263120059,329135.0,0.699409057073845,0.0022149680905385605,0.0044494691449390444,-0.01546911781190452,-0.006246985595782073,278200.0,0
2024-05-15,22255.599609375,22297.55078125,22151.75,22200.55078125,231900,-0.0007786004689536163,-0.0007789037357247285,0.006567439821048922,-0.002473482138931503,22107.030078125,22317.14990234375,22293.81,22293.185893451016,22213.851578569454,0.9947753578927431,0.9958168110901635,1.0010469229953851,-0.01788549072926915,43.66069665046882,-41.030725640132005,0.4314194269149638,-41.46214506704697,0.006372964956426252,0.0064970709322832556,244.78585379464286,0.00738488271068638,322955.0,0.7180566952052143,0.005148324587705533,0.0022149680905385605,0.0044494691449390444,0.0,230200.0,1
2024-05-16,22319.19921875,22432.25,22054.55078125,22403.849609375,368900,0.009157377676264788,0.00911570311987133,0.01685867497485566,0.0037927162975402167,22196.3,22329.94736328125,22302.863984375,22303.725294967586,22221.3024817383,1.0033095575592477,1.0045279218431655,1.0012143453381246,-0.010788919993811596,44.88447339743743,-26.227501861925703,-4.90036483085317,-21.32713703107253,0.007193835618389571,0.006679003286319288,248.85728236607142,0.5907718844329453,325535.0,1.1332114826362756,-0.0007786004689536163,0.005148324587705533,0.0022149680905385605,-0.01546911781190452,231900.0,1
2024-05-17,22415.25,22502.150390625,22345.650390625,22466.099609375,242700,0.0027785403439750667,0.0027746873362616406,0.006966051193625674,0.0022685274255250334,22278.480078125,22353.45986328125,22312.5299609375,22319.18951538734,22230.902369096602,1.0050390296080642,1.0068826640773751,1.0018343909191565,-0.00043379895173945027,51.49912129882818,-9.364833638406708,-5.793258592363878,-3.57157504604283,0.006886820574486543,0.006456499932262692,243.26088169642858,-0.34209812957441044,314825.0,0.7709044707377114,0.009157377676264788,-0.0007786004689536163,0.005148324587705533,0.0044494691449390444,368900.0,1
2024-05-21,22404.55078125,22591.099609375,22404.55078125,22529.05078125,347600,0.002802051667603722,0.002798133238882937,0.008280367865310015,0.005556906773787761,22363.480078125,22372.56240234375,22316.3359765625,22339.17630261236,22242.594463690853,1.006994656047528,1.0095317979130132,1.0025195186987819,0.0038476460277048208,45.85313612468286,8.97512621493297,-2.839581630904508,11.814707845837479,0.006920578412199178,0.006327548772158719,239.7392578125,0.4322208487845076,314080.0,1.1067244014263882,0.0027785403439750667,0.009157377676264788,-0.0007786004689536163,0.0022149680905385605,242700.0,1
2024-05-22,22576.599609375,22629.5,22483.150390625,22597.80078125,290300,0.0030516154749500313,0.0030469687473969323,0.0064762766426558725,0.0009390772854117566,22439.4703125,22385.632421875,22320.18,22363.807205339755,22256.52412320298,1.009477880962955,1.0124381067379384,1.002932432528546,0.01324070311624248,49.749854792405124,28.726090473643126,3.473552790005019,25.252537683638106,0.0065424777414835895,0.006092904020003969,234.83928571428572,-0.16484464902186424,314630.0,0.9226710739598893,0.002802051667603722,0.0027785403439750667,0.009157377676264788,0.005148324587705533,347600.0,1
2024-05-23,22614.099609375,22993.599609375,22577.44921875,22967.650390625,369800,0.01636661960848307,0.01623413013834582,0.018118979675642636,0.015634086139048865,22592.890234375,22415.61494140625,22332.4069921875,22421.316080128825,22284.41142780777,1.024627272134258,1.0284449140954544,1.0037258836115541,0.029824028275978076,59.203713019765935,73.37680235897642,17.4542027037993,55.92259965517712,0.008025793707468948,0.007028770958307999,254.375,0.2738546331381331,321545.0,1.1500723071420798,0.0030516154749500313,0.002802051667603722,0.0027785403439750667,-0.0007786004689536163,290300.0,0
2024-05-24,22930.75,23026.400390625,22908.0,22957.099609375,261900,-0.0004593757337192361,-0.00045948127907615604,0.005157462947830256,0.001149094965275885,22703.540234375,22443.34990234375,22342.06796875,22472.343082914176,22310.79135649668,1.0228909547490324,1.0275279639058141,1.0045332389882358,0.045524290532847456,65.29089943254877,106.6816931966714,35.29970080237372,71.38199239429768,0.00500065067867766,0.007039737511563275,230.9287109375,-0.2917793401838832,322845.0,0.8112252009478232,0.01636661960848307,0.0030516154749500313,0.002802051667603722,0.009157377676264788,369800.0,0
2024-05-27,23038.94921875,23110.80078125,22871.19921875,22932.44921875,260000,-0.0010737589261899938,-0.0010743358183047916,0.010448145342630794,-0.004622606655746527,22796.81015625,22461.4548828125,22350.8459375,22516.16271489854,22335.170096192887,1.0209690039400745,1.0260215332733422,1.0049487587906873,0.03977520181519001,65.6454809098578,129.59310992054088,54.15838262600715,75.43472729453373,0.005297344895513718,0.006898572228542592,235.23228236607142,-0.0072546773577701895,312095.0,0.8330796712539451,-0.0004593757337192361,0.01636661960848307,0.0030516154749500313,0.0027785403439750667,261900.0,0
2024-05-28,22977.150390625,22998.55078125,22858.5,22888.150390625,217900,-0.0019317094176221072,-0.00193357757447097,0.006118920876514552,-0.0038734133035188407,22868.630078125,22484.86494140625,22361.9559375,22551.590112586775,22356.855597935322,1.0179358626467039,1.0235307883888007,1.005496344069802,0.03547311834987821,69.93027630258356,142.5329958803195,71.83330527686962,70.69969060344988,0.005597862209762082,0.006706476705822737,226.16448102678572,-0.16192307692307695,306495.0,0.7109414509208959,-0.0010737589261899938,-0.0004593757337192361,0.01636661960848307,0.002802051667603722,260000.0,0
2024-05-29,22762.75,22825.5,22685.44921875,22704.69921875,269900,-0.008015115627261094,-0.0080474093408375,0.0061683610031857735,-0.002550253429396712,22890.009765625,22487.9298828125,22369.3359375,22566.17193222137,22370.496524241782,1.0096393637416656,1.0149920982092184,1.0053016301263413,0.021912544100108233,62.16794968458323,136.4124940082911,84.74914302315392,51.663350985137185,0.006624386639799401,0.006656857502490907,223.064453125,0.23864157870582847,305390.0,0.8837879432856348,-0.0019317094176221072,-0.0010737589261899938,-0.0004593757337192361,0.0030516154749500313,217900.0,0
2024-05-30,22617.44921875,22705.75,22417.0,22488.650390625,373400,-0.009515599658179275,-0.00956116224385675,0.012839810081283189,-0.005694666400233365,22794.209765625,22482.119921875,22379.1549609375,22558.78892825981,22375.130009197987,1.0002904738864793,1.0048927419233935,1.004600931586435,0.01297713791940347,67.42907535515197,112.82800632070939,90.36491568266501,22.463090638044378,0.007572695899281958,0.0069944000258717,216.87876674107142,0.38347536124490555,305965.0,1.2204010262611737,-0.008015115627261094,-0.0019317094176221072,-0.0010737589261899938,0.01636661960848307,269900.0,1
2024-05-31,22568.099609375,22653.75,22465.099609375,22530.69921875,572100,0.0018697799732139142,0.0018680341105537352,0.008373037551715463,-0.001657223748226613,22708.9296875,22476.244921875,22386.8359375,22556.113717830307,22381.23076251375,1.0024227488650475,1.0064262444970624,1.0039938196100875,0.00566195594001484,66.19442677997941,96.41866457749711,91.57566546163144,4.842999115865666,0.0070706116094112585,0.006993625673189422,217.42522321428572,0.5321371183717194,312275.0,1.8320390681290528,-0.009515599658179275,-0.008015115627261094,-0.0019317094176221072,-0.0004593757337192361,373400.0,1
2024-06-03,23337.900390625,23338.69921875,23062.30078125,23263.900390625,569400,0.03254231769535276,0.03202403067452011,0.011881001588683916,-0.0031708079459335735,22775.219921875,22515.6474609375,22411.646953125,22623.521972382183,22415.8452577338,1.0332325744123347,1.0380272560638906,1.0046404669870992,0.03551131683387898,76.94257898667306,140.9525368703944,101.45103974338403,39.50149712701037,0.01224382336230336,0.009836728370901755,252.95382254464286,-0.004719454640797038,318840.0,1.7858487015430937,0.0018697799732139142,-0.009515599658179275,-0.008015115627261094,-0.0010737589261899938,572100.0,0
2024-06-04,23179.5,23179.5,21281.44921875,21884.5,1006100,-0.05929359941641077,-0.06112419596275757,0.08673036995362014,-0.05586833193123234,22574.48984375,22487.7375,22408.22296875,22553.138927393404,22395.00818880306,0.973174824723919,0.9766280900774518,1.00354845323348,-0.028609762013871998,45.12368567364993,64.19981264123635,94.0007943229545,-29.800981681718156,0.023839860231885494,0.01716807458818997,375.04310825892856,0.7669476642079383,353130.0,2.8490924022314728,0.03254231769535276,0.0018697799732139142,-0.009515599658179275,-0.0019317094176221072,569400.0,1
2024-06-05,22128.349609375,22670.400390625,21791.94921875,22620.349609375,638500,0.033624236760035675,0.03307130264902321,0.03883455326927954,0.022233922035991196,22557.619921875,22503.62998046875,22424.2809765625,22559.539944724987,22403.845107256864,1.0051867022790346,1.0087435861607972,1.0035385305771538,0.00099783285742161,55.07420185378332,62.03454383472854,87.60754422530931,-25.573000390580773,0.026423126780932147,0.018745188561797455,427.37527901785717,-0.36537123546367156,370165.0,1.7249064606324207,-0.05929359941641077,0.03254231769535276,0.0018697799732139142,-0.008015115627261094,1006100.0,1
2024-06-06,22798.599609375,22910.150390625,22642.599609375,22821.400390625,480400,0.008888049244237806,0.008848783029735371,0.011723679382966765,0.0010000956918697805,22624.169921875,22529.575,22443.9269921875,22584.479034810705,22420.219824251697,1.012952991373561,1.016818509459993,1.0038160883272484,-0.006367651784690009,55.049773524793224,75.66940075174352,85.21991553059615,-9.55051477885263,0.026022228613354917,0.01883183706925731,421.09681919642856,-0.24761158966327335,380315.0,1.2631634303143446,0.033624236760035675,-0.05929359941641077,0.03254231769535276,-0.009515599658179275,638500.0,1
2024-06-07,22821.849609375,23320.19921875,22789.05078125,23290.150390625,473600,0.020539931466807104,0.02033183181806326,0.02280571093752162,0.020519843451147206,22776.06015625,22596.20751953125,22469.491015625,22651.685830602542,22454.3347484232,1.0307105902835214,1.036523273910803,1.0056394915139881,0.01450752869121108,59.0737471805433,122.88281399724656,92.75249522392625,30.13031877332031,0.026855404712704724,0.018864223453723857,447.857421875,-0.014154870940882636,387430.0,1.2224143716284233,0.008888049244237806,0.033624236760035675,-0.05929359941641077,0.0018697799732139142,480400.0,0
2024-06-10,23319.150390625,23411.900390625,23227.150390625,23259.19921875,304400,-0.0013289382574128705,-0.0013298220789751808,0.007943093752387958,-0.0025708986335583723,22775.119921875,22656.40751953125,22492.74,22709.544248521346,22485.898060985037,1.0266057934692032,1.0340758493073765,1.0072764598502115,0.014248369063555755,58.09683383206298,156.00396662979256,105.40278950509952,50.60117712469304,0.02685818421027375,0.018884284932846804,447.7289341517857,-0.3572635135135135,389360.0,0.7817957674131909,0.020539931466807104,0.008888049244237806,0.033624236760035675,0.03254231769535276,473600.0,1
2024-06-11,23283.75,23389.44921875,23206.650390625,23264.849609375,305200,0.0002429314342191624,0.00024290193115634738,0.007857296788685788,-0.000811741692167284,23051.18984375,22714.4474609375,22517.9430078125,22762.43047336455,22516.445180529743,1.0242313685764992,1.03316939745799,1.0087265720966085,0.016458263875454904,57.50209227998111,180.62650806834426,120.44753321774847,60.17897485059579,0.02683684577125297,0.018891862492703276,450.3324497767857,0.0026281208935610145,390710.0,0.7811420234956873,-0.0013289382574128705,0.020539931466807104,0.008888049244237806,-0.05929359941641077,304400.0,1
2024-06-12,23344.44921875,23441.94921875,23295.94921875,23322.94921875,295600,0.002497312914139238,0.002494199810096445,0.006259928735025772,-0.000920989816402755,23191.709765625,22769.70244140625,22541.928984375,22815.813211020308,22548.072789871716,1.024297497025595,1.0346474445428502,1.0101044350369985,0.02723004581753874,54.297274555669006,202.493977942504,136.8568221626996,65.6371557798044,0.026620538092807143,0.01888213680980428,433.2573939732143,-0.03145478374836175,393980.0,0.7502918929894918,0.0002429314342191624,-0.0013289382574128705,0.020539931466807104,0.033624236760035675,305200.0,1
2024-06-13,23480.94921875,23481.05078125,23353.900390625,23398.900390625,268300,0.0032564994745150067,0.0032512085635553246,0.005434032732407548,-0.0034942722017167176,23307.209765625,22829.619921875,22563.368984375,22871.34532336361,22581.438578136553,1.0249360467102882,1.0370304366705434,1.0118001410908264,0.04047597273242598,55.26028164350024,223.37777029612698,154.16101178938507,69.21675850674191,0.026271600848112094,0.018867621105469103,436.0931919642857,-0.09235453315290931,395800.0,0.6778676099039919,0.002497312914139238,0.0002429314342191624,-0.0013289382574128705,0.008888049244237806,295600.0,1
2024-06-14,23464.94921875,23490.400390625,23334.25,23465.599609375,223100,0.0028505279152657437,0.0028464728647632507,0.0066544385493825025,2.771753814324457e-05,23342.299609375,22882.707421875,22583.4409765625,22927.94096965041,22616.111559753746,1.0254730428857723,1.0390621886951603,1.013251587551387,0.04149451295532702,56.28499974443078,242.51483565527815,171.8317765625637,70.68305909271444,0.026264732733144888,0.01880615122404229,430.1323939732143,-0.16846813268729033,388510.0,0.5742451931739209,0.0032564994745150067,0.002497312914139238,0.0002429314342191624,0.020539931466807104,268300.0,1
2024-06-18,23570.80078125,23579.05078125,23499.69921875,23557.900390625,272200,0.003933450786960613,0.0039257349959185015,0.0033683631047008926,-0.000547303875872641,23402.03984375,22937.2974609375,22605.53296875,22987.937104981324,22653.044455082032,1.0270564974249645,1.042129837115168,1.0146762517232455,0.012637605692228604,57.80693925871961,262.1075863850383,189.88693852705865,72.22064785797966,0.02437650046167701,0.018809392602969266,428.232421875,0.22008068130883007,389985.0,0.6979755631626857,0.0028505279152657437,0.0032564994745150067,0.002497312914139238,-0.0013289382574128705,223100.0,0
2024-06-19,23629.849609375,23664.0,23412.900390625,23516.0,328800,-0.0017786131162043084,-0.0017801967265448713,0.010677819755698249,-0.004818042063620703,23452.269921875,22986.644921875,22627.1599609375,23038.228809268818,22686.885849000388,1.0230288099861518,1.039281997413593,1.0158873213234934,0.0745504809339943,59.77965142395959,271.1285697686362,206.13526477537417,64.99330499326206,0.011124054873428182,0.018831788828339753,436.1644810267857,0.20793534166054362,389045.0,0.8451464483543035,0.003933450786960613,0.0028505279152657437,0.0032564994745150067,0.0002429314342191624,272200.0,1
2024-06-20,23586.150390625,23624.0,23442.599609375,23567.0,280300,0.0021687361796223215,0.0021663878659495613,0.007697220292145797,-0.0008119337114297329,23501.080078125,23035.1048828125,22648.206953125,23088.587970290835,22721.400129431746,1.0230906314468042,1.0405680259270247,1.0170829386400548,0.041849503078973616,63.53739982081393,279.1748835903345,220.74318853836627,58.431695051968234,0.006442909852285931,0.01883059536344869,428.4966517857143,-0.14750608272506083,388545.0,0.7214093605631265,-0.0017786131162043084,0.003933450786960613,0.0028505279152657437,0.002497312914139238,328800.0,0
2024-06-21,23661.150390625,23667.099609375,23398.19921875,23501.099609375,609900,-0.00279629951309035,-0.0028002164622532473,0.011442034419433332,-0.006764285700724643,23521.519921875,23061.77734375,22667.9549609375,23127.874793060753,22751.9765796256,1.019049800849112,1.036754292562925,1.0173735294379733,0.029783414125156726,62.10970575202797,277.0404842430544,232.00264767930392,45.03783656375046,0.006541203547596175,0.01855766043495072,434.22879464285717,1.17588298251873,400550.0,1.522656347522157,0.0021687361796223215,-0.0017786131162043084,0.003933450786960613,0.0032564994745150067,280300.0,1
2024-06-24,23382.30078125,23558.099609375,23350.0,23537.849609375,239400,0.00156375661610908,0.0015625352218749532,0.008841062919023623,0.006652417552071387,23535.969921875,23090.81484375,22685.3859375,23166.92001366211,22782.79512981185,1.0193598523330587,1.0375776578905735,1.017871809955845,0.010635363644955431,54.13788830869988,275.14270145822957,240.63065843508906,34.51204302314051,0.0023353735449930385,0.018553949462048833,391.37876674107144,-0.6074766355140186,399425.0,0.5993615822745196,-0.00279629951309035,0.0021687361796223215,-0.0017786131162043084,0.0028505279152657437,609900.0,1
2024-06-25,23577.099609375,23754.150390625,23562.05078125,23721.30078125,298100,0.007793879853915442,0.007763664467508334,0.008098190362597698,0.006116153991123703,23568.65,23130.257421875,22706.956953125,23219.718182003817,22819.5992730055,1.0255528223743862,1.0446710596324709,1.0186418844948637,0.019867475150540992,93.4374665134445,285.1545867597706,249.5354441000254,35.61914265974522,0.0029829564442883936,0.018600887086282682,271.25376674107144,0.24519632414369252,401330.0,0.7427802556499639,0.00156375661610908,-0.00279629951309035,0.0021687361796223215,0.003933450786960613,239400.0,1
2024-06-26,23723.099609375,23889.900390625,23670.44921875,23868.80078125,287800,0.006218040121837909,0.006198787876631016,0.009194059386820498,0.006141742616863657,23639.21015625,23179.28994140625,22729.256953125,23281.535572408215,22860.74443019156,1.0297468490875574,1.0501355513061912,1.0197997228510092,0.02595981414088433,90.90720591228086,301.5154132865064,259.93143793732156,41.58397534918481,0.0031879514808141616,0.01860636905001602,224.18233816964286,-0.03455216370345526,404825.0,0.7109244735379485,0.007793879853915442,0.00156375661610908,-0.00279629951309035,-0.0017786131162043084,298100.0,1
2024-06-27,23881.55078125,24087.44921875,23805.400390625,24044.5,515200,0.007361040898544724,0.007334080659762657,0.01173028460250785,0.006823226022572014,23734.71015625,23246.27998046875,22759.7589453125,23354.19885122648,22907.166217242873,1.0343375378857136,1.056447920110863,1.0213763703001104,0.030937373077583263,90.75359002692927,324.91354367598615,272.9278590850545,51.98568459093167,0.0035258524631650977,0.01848243985349371,223.62862723214286,0.7901320361362056,417090.0,1.2352250113884293,0.006218040121837909,0.007793879853915442,0.00156375661610908,0.0021687361796223215,287800.0,0
2024-06-28,24085.900390625,24174.0,23985.80078125,24010.599609375,354800,-0.0014099020825968367,-0.0014108969297394127,0.007838172382688732,-0.0031263427992631516,23836.61015625,23322.37744140625,22794.5209375,23416.713209145386,22950.438114973545,1.0295090914165075,1.0533496042847028,1.0231571659414809,0.026142220725683396,83.79998020767283,336.8383891030571,285.70996508865505,51.12842401440207,0.0037938679311034906,0.018282772325508723,199.13225446428572,-0.3113354037267081,416160.0,0.852556708958093,0.007361040898544724,0.006218040121837909,0.007793879853915442,-0.00279629951309035,515200.0,1
2024-07-01,23992.94921875,24164.0,23992.69921875,24141.94921875,0,0.005470484349075377,0.00545557559691747,0.007095565469790573,0.006210157769331648,23957.430078125,23402.93994140625,22834.4019140625,23485.783305298206,22997.16404061184,1.0315776256826708,1.0572621656397425,1.0248983104301768,0.028823026925967943,87.84882844557589,352.82063411312265,299.1320988935486,53.68853521957408,0.003902346514400386,0.01828584851603789,198.17159598214286,-1.0,387555.0,0.0,-0.0014099020825968367,0.007361040898544724,0.006218040121837909,0.00156375661610908,354800.0,0
2024-07-04,24369.94921875,24401.0,24281.0,24302.150390625,251200,0.0006444070008029268,0.0006441994597673961,0.004937834638958213,-0.002782066860969749,24173.009765625,23650.12744140625,22959.0669140625,23682.2730540482,23137.705643909147,1.0275695321657,1.0584990444772762,1.0300996782635132,0.031194059092162663,86.93211946973327,382.54806227003064,335.61449580587407,46.93356646415657,0.004031824744076966,0.0052574973850845474,195.83231026785714,inf,289415.0,0.8679577768947705,0.006742306607722792,-0.0007497161563467802,0.005470484349075377,0.007361040898544724,0.0,1
2024-07-05,24213.349609375,24363.0,24168.849609375,24323.849609375,298400,0.0008928929498506211,0.0008924945580705119,0.007981894056365558,0.004563598253965501,24235.659765625,23725.24990234375,22998.18390625,23743.375583126945,23184.22109353526,1.0252304911221237,1.0576421907281441,1.0316140613127351,0.03500900016064734,86.43285908533147,386.396881575376,345.77097295977444,40.62590861560159,0.0035778037174844903,0.0051379558162786484,198.54659598214286,0.1878980891719746,280315.0,1.0645167044218111,0.0006444070008029268,0.006742306607722792,-0.0007497161563467802,-0.0014099020825968367,251200.0,0
2024-07-08,24329.44921875,24344.599609375,24240.55078125,24320.55078125,266300,-0.00013562113637344275,-0.0001356303337513403,0.004278226634785621,-0.00036574759337923,24271.380078125,23776.769921875,23036.5469140625,23798.344649614854,23228.783042073093,1.0228702578677313,1.05573768811695,1.0321325505325902,0.03325287504442431,85.02092410460438,384.7458006499255,353.56593849780467,31.179862152120847,0.003714557466755271,0.003226209231783387,197.875,-0.10757372654155495,269950.0,0.9864789775884423,0.0008928929498506211,0.0006444070008029268,0.006742306607722792,0.005470484349075377,298400.0,1
2024-07-09,24351.0,24443.599609375,24331.900390625,24433.19921875,250500,0.004631820986013446,0.00462112711188291,0.004571616584056753,0.003375599308036631,24333.25,23835.469921875,23073.80390625,23858.806989532488,23276.0150490016,1.0250773028110696,1.0589150934117015,1.033009989107981,0.03001093591219517,89.54816628881919,388.05385134195603,360.46352106663494,27.590330275321094,0.0034129478885213194,0.0031607247857460877,188.728515625,-0.05933158092377022,267255.0,0.9373070662850087,-0.00013562113637344275,0.0008928929498506211,0.0006444070008029268,-0.0007497161563467802,266300.0,0
2024-07-10,24459.849609375,24461.05078125,24141.80078125,24324.44921875,292300,-0.004450911197766749,-0.004460845993233708,0.013124654833043977,-0.005535618280052858,24340.83984375,23888.44990234375,23111.89390625,23903.153868505582,23317.13011448193,1.018251469567453,1.0524645586129182,1.0335998425418416,0.019089708011553297,81.1106369187623,377.5481491622959,363.8804466857672,13.667702476528689,0.003915569396708695,0.0034921684856837635,198.57491629464286,0.16686626746506983,266610.0,1.096357976069915,0.004631820986013446,-0.00013562113637344275,0.0008928929498506211,0.006742306607722792,250500.0,0
2024-07-11,24396.55078125,24402.650390625,24193.75,24315.94921875,306400,-0.0003494426502141934,-0.0003495037195243165,0.008591085165777413,-0.003303809756662259,24343.599609375,23938.09990234375,23145.3448828125,23942.467711386,23356.299491119895,1.0157844322626983,1.0505762321479504,1.0342511646961865,0.01128945158976058,85.12442477011852,364.3365802276676,363.9716733941473,0.3649068335203083,0.003455652486251307,0.003538299858822092,194.28920200892858,0.04823811152925073,267150.0,1.146921205315366,-0.004450911197766749,0.004631820986013446,-0.00013562113637344275,0.0006444070008029268,292300.0,1
2024-07-12,24387.94921875,24592.19921875,24331.150390625,24502.150390625,325800,0.007657573644356042,0.007628403248955412,0.010654119086008156,0.00468268860373055,24379.259765625,23993.26240234375,23183.2908984375,23995.770823694478,23401.234820512254,1.0212096204237544,1.0568883640362028,1.034937727670097,0.020472240978858025,86.82228241737916,364.6873068218738,364.1148000796926,0.57250674218119,0.003875986145923641,0.003743663942441732,199.15708705357142,0.0633159268929504,270025.0,1.2065549486158689,-0.0003494426502141934,-0.004450911197766749,0.004631820986013446,0.0008928929498506211,306400.0,1
2024-07-15,24587.599609375,24635.05078125,24522.75,24586.69921875,305400,0.003450669707641296,0.0034447298074261035,0.0045675419970305975,-3.6619704212878525e-05,24432.489453125,24049.3173828125,23222.0608984375,24052.04971846167,23447.723620443147,1.0223449933061948,1.0587647378189555,1.035623732449632,0.018422290427758004,85.74561049672946,367.55074777235495,364.8019896182251,2.7487581541298596,0.0037276457476363013,0.003750613661655195,193.19991629464286,-0.06261510128913439,274140.0,1.114029328080543,0.007657573644356042,-0.0003494426502141934,-0.004450911197766749,-0.00013562113637344275,325800.0,1
2024-07-16,24615.900390625,24661.25,24587.650390625,24613.0,283200,0.0010697158254551198,0.0010691440871768358,0.002990273813635071,-0.00011782590029104188,24468.449609375,24102.07236328125,23264.80390625,24105.473554798653,23493.420733366947,1.0211984940140306,1.057950030405707,1.035988631600128,0.0202766307428357,84.15961414329772,367.70363992418424,365.3823196794169,2.321320244767321,0.0036311334446748936,0.003741167591641779,182.84988839285714,-0.07269155206286837,274690.0,1.0309803778805198,0.003450669707641296,0.007657573644356042,-0.0003494426502141934,0.004631820986013446,305400.0,1
2024-07-18,24543.80078125,24837.75,24504.44921875,24800.849609375,350900,0.007632129743428306,0.007603152387120198,0.013439087228850764,0.010473065293186782,24563.7296875,24166.31484375,23311.9669140625,24171.699845710686,23544.692453994714,1.0262569932456669,1.0638677422973846,1.036648470411655,0.021178416378440756,84.33435412569754,378.6182263759147,368.0295010187165,10.5887253571982,0.0037667408015484927,0.003804810467229223,186.5107421875,0.23905367231638408,275795.0,1.2723218332457078,0.0010697158254551198,0.003450669707641296,0.007657573644356042,-0.004450911197766749,283200.0,0
2024-07-19,24853.80078125,24854.80078125,24508.150390625,24530.900390625,343800,-0.010884676251089243,-0.010944347737899481,0.014131172729292877,-0.012991992390499882,24606.719921875,24214.50986328125,23356.534921875,24205.90942141681,23583.36727503904,1.0130661545135597,1.050279952599053,1.0367338282102239,0.009412747280514111,69.4505533018496,361.3203923124456,366.68767927746234,-5.367286965016717,0.005599625008992076,0.004873618687695901,197.82868303571428,-0.020233684810487373,278970.0,1.2323905796322185,0.007632129743428306,0.0010697158254551198,0.003450669707641296,-0.0003494426502141934,350900.0,0
2024-07-22,24445.75,24595.19921875,24362.30078125,24509.25,324200,-0.0008825762723847497,-0.0008829659721330775,0.009502471005844733,0.0025975885378849086,24608.13984375,24264.9173828125,23400.669921875,24234.799000329494,23619.676401508095,1.0100693776670582,1.0473738607409995,1.0369325948283898,0.007622164813646304,64.95771771083878,341.9232502206978,361.73479346610947,-19.811543245411656,0.005629257087979171,0.004792319135172029,202.228515625,-0.057009889470622466,264685.0,1.2248521827833085,-0.010884676251089243,0.007632129743428306,0.0010697158254551198,0.007657573644356042,343800.0,0
2024-07-23,24568.900390625,24582.55078125,24074.19921875,24479.05078125,436400,-0.0012321559717249908,-0.0012329157000276177,0.020766800438576545,-0.003657046426436114,24586.61015625,24311.97744140625,23451.1009375,24258.061074702877,23653.377357576406,1.006872058854382,1.0438337563123203,1.036709428107473,0.006517122141912912,64.32382365589365,320.42044337991683,353.47192344887094,-33.051480068954106,0.005659254912981369,0.004849252839468101,225.68582589285714,0.3460826650215916,274535.0,1.5895969548509297,-0.0008825762723847497,-0.010884676251089243,0.007632129743428306,0.003450669707641296,324200.0,0
2024-07-24,24444.94921875,24504.25,24307.25,24413.5,366600,-0.002677831825905974,-0.00268142363114976,0.008069305916808323,-0.001286532382152691,24546.71015625,24346.58740234375,23498.266953125,24272.864781874032,23683.18608865184,1.002748335795505,1.0389489594573393,1.0361014048785386,-0.0008062480305437436,55.55654302082337,294.6928777681351,341.7161143127238,-47.02323654458871,0.005560120190484407,0.004752857286482031,226.521484375,-0.15994500458295147,277960.0,1.3188948050079148,-0.0012321559717249908,-0.0008825762723847497,-0.010884676251089243,0.0010697158254551198,436400.0,0
2024-07-25,24230.94921875,24426.150390625,24210.80078125,24406.099609375,391800,-0.0003031269840456652,-0.0003031729363163769,0.008823597904692594,0.007228375126529008,24467.76015625,24373.45234375,23544.3079296875,24285.553813064602,23711.53563848412,1.0013394600471268,1.0366029735195932,1.0352163425885632,0.0033567210460025976,54.581089642065244,270.5872851988679,327.4903484899526,-56.90306329108472,0.005347577485539237,0.00463089199820662,233.33217075892858,0.06873977086743044,283160.0,1.3836700098884023,-0.002677831825905974,-0.0012321559717249908,-0.0008825762723847497,0.007632129743428306,366600.0,1
2024-07-26,24423.349609375,24861.150390625,24410.900390625,24834.849609375,383800,0.01756732976027453,0.01741480789992859,0.01812976551426482,0.016848630780850964,24528.55,24412.96982421875,23596.6479296875,24337.867698427497,23755.58716675435,1.0172809694270677,1.0524736260581187,1.034594824526081,0.02133991915992639,66.57371487068255,282.81980059105626,318.55623891017336,-35.7364383191171,0.007579647990523875,0.005755652616251347,251.96791294642858,-0.020418580908626804,276590.0,1.3876134350482663,-0.0003031269840456652,-0.002677831825905974,-0.0012321559717249908,-0.010884676251089243,391800.0,1
2024-07-29,24943.30078125,24999.75,24774.599609375,24836.099609375,355000,5.03324972633834e-05,5.0331230625744864e-05,0.009065448849303673,-0.00429779413779846,24593.919921875,24454.24482421875,23649.35890625,24385.318356612974,23797.960203719864,1.0156150716532482,1.050180671189838,1.0340341537865552,0.013629384091845997,66.74350363907851,289.2803776009896,312.7010666483366,-23.420689047347025,0.007341886483523452,0.005724382292142686,260.61802455357144,-0.07503908285565397,276600.0,1.2834417932031814,0.01756732976027453,-0.0003031269840456652,-0.002677831825905974,-0.0008825762723847497,383800.0,1
2024-07-30,24839.400390625,24971.75,24798.650390625,24857.30078125,385000,0.0008536433743000504,0.0008532792280141148,0.006963733146181744,0.000720645037460568,24669.569921875,24490.01240234375,23698.4279296875,24430.26906372126,23839.502971466143,1.0149974762312126,1.048900832367482,1.0334024043706551,0.011006014271880638,64.64336388698565,292.7367023298466,308.70819378463864,-15.971491454792044,0.007305525335442367,0.0056571579849682635,264.19308035714283,0.08450704225352124,295850.0,1.3013351360486733,5.03324972633834e-05,0.01756732976027453,-0.0003031269840456652,-0.0012321559717249908,355000.0,1
2024-07-31,24886.69921875,24984.599609375,24856.5,24951.150390625,333600,0.00377553501085659,0.0037684255675633532,0.005134016162362253,0.0025897838563678044,24777.1,24531.37744140625,23748.1289453125,24479.876809140667,23883.096987903748,1.0171116746387923,1.050657525402647,1.0329814823684604,0.013738690554788047,71.86368474200701,299.595196784594,306.8855943846297,-7.290397600035703,0.007354185859876596,0.005654476474995482,250.53948102678572,-0.13350649350649346,312530.0,1.06741752791732,0.0008536433743000504,5.03324972633834e-05,0.01756732976027453,-0.002677831825905974,385000.0,1
2024-08-01,25030.94921875,25078.30078125,24956.400390625,25010.900390625,431300,0.0023946791656728195,0.002391816490734086,0.004873890532573259,-0.0008009615596192402,24898.06015625,24567.5974609375,23797.7659375,24530.450483567744,23927.32457232419,1.0180442117057784,1.0509768209465986,1.0323488988613179,0.008469499414673232,73.40768039534814,306.32085259062296,306.7726460258284,-0.45179343520544535,0.00704095493738151,0.005533212005923789,244.7001953125,0.2928657074340528,334095.0,1.2909501788413476,0.00377553501085659,0.0008536433743000504,5.03324972633834e-05,-0.0003031269840456652,333600.0,0
2024-08-02,24789.0,24851.900390625,24686.849609375,24717.69921875,345000,-0.011722935491954689,-0.011792190883304469,0.006677433032472461,-0.002876307283472508,24874.630078125,24588.37490234375,23840.16390625,24548.283696442246,23958.31965649775,1.0052595715219035,1.036809114062758,1.0313844736569784,0.007614837822927489,56.77208424406283,284.7101378436055,302.36014438938383,-17.650006545778353,0.007201933893338889,0.0062793386137611545,236.75739397321428,-0.2000927428703918,338785.0,1.0183449680475818,0.0023946791656728195,0.00377553501085659,0.0008536433743000504,0.01756732976027453,431300.0,0
2024-08-05,24302.849609375,24350.05078125,23893.69921875,24055.599609375,487000,-0.02678645789462286,-0.02715175314145156,0.018970699958031797,-0.010173704070679083,24718.530078125,24574.96240234375,23861.922890625,24501.36140243584,23962.13455661059,0.9788661815849119,1.0081165595764328,1.0298818965674763,-0.018509354248905985,37.757050918976454,211.71704334416063,284.2315241803392,-72.51448083617856,0.011421708260061577,0.008866902258773878,259.86104910714283,0.41159420289855064,348215.0,1.3985612337205462,-0.011722935491954689,0.0023946791656728195,0.00377553501085659,5.03324972633834e-05,345000.0,0
2024-08-06,24189.849609375,24382.599609375,23960.400390625,23992.55078125,312300,-0.0026209626510589334,-0.0026244033870099497,0.01759709597363635,-0.008156265181927176,24545.580078125,24558.56240234375,23882.6319140625,24452.903248037186,23963.327349733703,0.9769525751621466,1.004602460381378,1.0283021775285683,-0.019874136638200035,35.93564051343081,147.08645545748368,256.8025104357681,-109.71605497828443,0.011421583799173593,0.008878171405381692,284.69308035714283,-0.3587268993839836,350515.0,0.8909747086429968,-0.02678645789462286,-0.011722935491954689,0.0023946791656728195,0.0008536433743000504,487000.0,1
2024-08-07,24289.400390625,24337.69921875,24184.900390625,24297.5,317600,0.012710162480444431,0.012630066341245293,0.006288664600267517,0.0003334627139715731,24414.85,24551.77744140625,23909.9329296875,24438.10293870031,23976.43215954807,0.9896432165853126,1.0162094586987018,1.026844262324208,-0.004751469473856629,39.16525617191304,119.1001894584333,229.26204624030117,-110.16185678186787,0.01231273503872507,0.009300390512394764,285.53934151785717,0.01697086135126491,353870.0,0.8975047333766637,-0.0026209626510589334,-0.02678645789462286,-0.011722935491954689,0.00377553501085659,312300.0,0
2024-08-08,24248.55078125,24340.5,24079.69921875,24117.0,311900,-0.007428747813561065,-0.007456478381555143,0.010813981061077248,-0.0054250986971031935,24236.069921875,24541.40498046875,23934.509921875,24407.521706443138,23981.944623879517,0.9827065736127776,1.0076245587948394,1.02535648570097,-0.011845383490279193,40.733851566373794,81.41750026306545,199.69313704485404,-118.27563678178859,0.012507807481224103,0.009394933866118135,279.4072265625,-0.017947103274559173,354850.0,0.8789629420882062,0.012710162480444431,-0.0026209626510589334,-0.02678645789462286,0.0023946791656728195,317600.0,1
2024-08-09,24386.849609375,24419.75,24311.19921875,24367.5,215100,0.010386864037815746,0.010333291215294636,0.004454736072637734,-0.0007934444048714459,24166.030078125,24543.98251953125,23967.7659375,24403.710115353315,23997.06444255091,0.9928095402043734,1.016677985905836,1.0240413138017883,-0.018818298347922258,47.12153518123667,70.94909704432939,173.9443290447491,-102.99523200041972,0.011496941653001889,0.00969842452410056,284.39662388392856,-0.3103558832959282,350285.0,0.6140713990036685,-0.007428747813561065,0.012710162480444431,-0.0026209626510589334,-0.011722935491954689,311900.0,0
2024-08-12,24320.05078125,24472.80078125,24212.099609375,24347.0,279900,-0.0008412844977941925,-0.0008416385761983504,0.01070773285723087,0.0011081070098248728,24224.31015625,24536.225,24004.9329296875,24398.309151986334,24010.78740558813,0.9922879334534959,1.0142498656969567,1.0221326204854935,-0.01969309259777563,47.307888948527754,60.303492277009354,151.21616169120117,-90.91266941419181,0.011483583488685823,0.009536224143884955,266.70731026785717,0.3012552301255229,347990.0,0.8043334578579844,0.010386864037815746,-0.007428747813561065,0.012710162480444431,-0.02678645789462286,215100.0,0
2024-08-13,24342.349609375,24359.94921875,24116.5,24139.0,239700,-0.008543146999630324,-0.00857984886239657,0.0100853067132027,-0.008353737935662698,24253.6,24513.8400390625,24037.0989453125,24373.61304227335,24015.815350467026,0.9847090444228568,1.0042393241763217,1.019833553742681,-0.0288969742761378,44.71098265895953,34.68310686355835,127.9095507256726,-93.22644386211425,0.01161090166175502,0.009664726036048768,270.02511160714283,-0.1436227224008575,344705.0,0.6953772065969452,-0.0008412844977941925,0.010386864037815746,-0.007428747813561065,-0.0026209626510589334,279900.0,1
2024-08-14,24184.400390625,24196.5,24099.69921875,24143.75,303300,0.00019677699987563635,0.0001967576418212346,0.0040093515402536885,-0.001680851704752539,24222.85,24490.3775390625,24054.6959375,24351.721323961607,24020.83239554675,0.9858463782965524,1.0037021487501394,1.0181121225849001,-0.03235924508428145,44.939926149886645,14.59382362665201,105.24640530586849,-90.65258167921648,0.011435486379299569,0.009657247292189662,261.55733816964283,0.265331664580726,345710.0,0.8773249255156056,-0.008543146999630324,-0.0008412844977941925,0.010386864037815746,0.012710162480444431,239700.0,1
2024-08-16,24334.849609375,24563.900390625,24204.5,24541.150390625,271600,0.016459762490292462,0.016325768935141063,0.014644806168593264,0.00847758603655075,24307.680078125,24477.392578125,24107.8289453125,24369.76218745336,24041.237022804722,1.0026047632441446,1.0179743039614007,1.0153296107107297,-0.01878181083700925,44.26592700605232,30.389500985180348,90.27502444173088,-59.88552345655053,0.012952894701474827,0.010243598853451892,259.064453125,-0.10451697988789976,341745.0,0.794744619526255,0.00019677699987563635,-0.008543146999630324,-0.0008412844977941925,-0.007428747813561065,303300.0,1
2024-08-19,24636.349609375,24638.80078125,24522.94921875,24572.650390625,243600,0.0012835584110202358,0.0012827353541420893,0.004714654734362716,-0.002585578616961995,24348.71015625,24479.480078125,24146.8749609375,24389.08487346971,24062.076762719244,1.0038060576532937,1.0176327342720861,1.0137742510252592,-0.005868217217198435,44.91656114327063,44.931533092461905,81.20632617187708,-36.274793079415176,0.012494767114698152,0.009949762153278278,251.25739397321428,-0.1030927835051546,336735.0,0.7234175241658871,0.016459762490292462,0.00019677699987563635,-0.008543146999630324,0.010386864037815746,271600.0,1
2024-08-20,24648.900390625,24734.30078125,24607.19921875,24698.849609375,238300,0.005135759339910173,0.0051226163083365125,0.00514605192185776,0.002026427871362479,24419.080078125,24488.96005859375,24184.4239453125,24418.586276889262,24087.048246901824,1.0085707825191046,1.0212709496503103,1.0125922417656046,0.026740135787316266,47.06163585248309,65.87999697318082,78.14106033213783,-12.261063358957003,0.008352797487810622,0.01000945486427015,250.43959263392858,-0.021756978653530323,332440.0,0.7168210804957286,0.0012835584110202358,0.016459762490292462,0.00019677699987563635,-0.0008412844977941925,243600.0,1
2024-08-21,24680.55078125,24787.94921875,24654.5,24770.19921875,257100,0.0028887826964991703,0.0028846181820890576,0.0053874907331784615,0.003632351574913255,24545.319921875,24503.51748046875,24214.024921875,24452.073223733143,24113.83848109195,1.0108834063719145,1.022969097399935,1.0119555736614536,0.03241207842342986,46.61615139679128,87.23354865923466,79.9595579975572,7.273990661677459,0.00814620745337506,0.010016761696646946,250.82170758928572,0.07889215274863615,323475.0,0.7948063992580571,0.005135759339910173,0.0012835584110202358,0.016459762490292462,-0.008543146999630324,238300.0,1
2024-08-22,24863.400390625,24867.349609375,24784.44921875,24811.5,220300,0.001667357653657442,0.0016659691560852782,0.0033412083358523264,-0.0020874212621604877,24678.869921875,24523.41748046875,24245.0709375,24486.30434528237,24141.197756343245,1.0117472419886293,1.0233626481836313,1.0114805414958894,0.02115443975717657,46.245236345662015,106.26407399834716,85.2204611977152,21.043612800631962,0.007441835994713918,0.009989138909372587,248.67885044642858,-0.14313496693893424,316160.0,0.6967990890688259,0.0028887826964991703,0.005135759339910173,0.0012835584110202358,0.00019677699987563635,257100.0,1
2024-08-23,24845.400390625,24858.400390625,24771.650390625,24823.150390625,206800,0.00046955607782672715,0.0004694458708691634,0.0034947216060360743,-0.0008955379929556567,24735.269921875,24544.27001953125,24276.236953125,24518.384921029286,24167.940996903315,1.011362341225542,1.0225287567655579,1.0110409643357738,0.029280192006675865,52.22119554798213,120.89241904040682,92.35485276625353,28.537566274153292,0.006696463913326045,0.009986106779970538,243.0859375,-0.061280072628234206,306910.0,0.6738131699846861,0.001667357653657442,0.0028887826964991703,0.005135759339910173,0.016459762490292462,220300.0,1
2024-08-26,24906.099609375,25043.80078125,24874.69921875,25010.599609375,210300,0.007551387144671073,0.007523018148105455,0.006761195858599639,0.004195759337630881,24822.859765625,24553.05751953125,24309.9899609375,24565.262510395543,24200.986432686517,1.0186348315064138,1.0288198246713913,1.0099986696409304,0.026391694239253027,75.14352005166927,145.92889577945243,103.0696613688933,42.859234410559125,0.006401679708504813,0.009346861013583719,226.25013950892858,0.016924564796905184,298235.0,0.7051486244069274,0.00046955607782672715,0.001667357653657442,0.0028887826964991703,0.0012835584110202358,206800.0,1
2024-08-27,25024.80078125,25073.099609375,24973.650390625,25017.75,223300,0.0002858944102370753,0.0002858535502177548,0.003975146396058798,-0.00028175174346574,24886.63984375,24562.1400390625,24342.366953125,24608.35655702454,24233.016376502736,1.0185492778810363,1.0277451674348494,1.0090284189027594,0.02754959543270208,77.8103204558989,164.45176318007725,115.3460817311301,49.10568144894715,0.006343900417252256,0.009346608516819606,203.19656808035714,0.061816452686638046,291650.0,0.7656437510714899,0.007551387144671073,0.00046955607782672715,0.001667357653657442,0.005135759339910173,210300.0,1
2024-08-28,25030.80078125,25129.599609375,24964.650390625,25052.349609375,220400,0.0013830024432652799,0.0013820469762269526,0.006584181576656319,0.0008608924785635198,24943.069921875,24571.89248046875,24374.101953125,24650.641609629347,24265.147091517334,1.0195531186410711,1.0278265700846896,1.0081147821455794,0.037837093888520634,73.99624238947273,179.84996986085025,128.24685935707413,51.60311050377612,0.005015877072946665,0.00934881186288471,190.3251953125,-0.012987012987012991,283420.0,0.7776444852162868,0.0002858944102370753,0.007551387144671073,0.00046955607782672715,0.0028887826964991703,223300.0,1
2024-08-29,25035.30078125,25192.900390625,24998.5,25151.94921875,354000,0.00397565940632294,0.003967777356455909,0.007729038768895117,0.004659358340418381,25011.159765625,24581.932421875,24405.9829296875,24698.38519145036,24299.923645526458,1.0231884453627311,1.030564894321675,1.0072092770323737,0.04175818664250586,84.68446532037838,197.80978758241326,142.15944500214198,55.650342580271285,0.004861451975555526,0.009352708036936205,185.58231026785714,0.6061705989110708,284440.0,1.2445506961046267,0.0013830024432652799,0.0002858944102370753,0.007551387144671073,0.001667357653657442,220400.0,1
2024-08-30,25249.69921875,25268.349609375,25199.400390625,25235.900390625,638200,0.003337760073577778,0.003332202116407902,0.00273218778338554,-0.00054649475249009,25093.709765625,24593.182421875,24440.3809375,24749.577115181277,24336.62861592248,1.0261339894009942,1.0325493884550874,1.0062520091141687,0.02830959384305798,82.75992661415698,216.32358682914128,156.99227336754186,59.33131346159942,0.002278058945471919,0.009365599456199985,172.27162388392858,0.8028248587570621,294785.0,2.1649676883152127,0.00397565940632294,0.0013830024432652799,0.0002858944102370753,0.00046955607782672715,354000.0,1
2024-09-02,25333.599609375,25333.650390625,25235.5,25278.69921875,222800,0.001695950113232314,0.0016945136137639853,0.0038827310604731906,-0.0021670979044242675,25147.3296875,24621.232421875,24474.614921875,24799.969696473538,24373.572561131405,1.0267032448095843,1.0328538078920426,1.0059905947639223,0.028733116570704764,84.56628919077943,231.77762566968886,171.94934382797126,59.8282818417176,0.002251318616303379,0.00891249024630861,160.66085379464286,-0.6508931369476654,288675.0,0.7718021997055512,0.003337760073577778,0.00397565940632294,0.0013830024432652799,0.007551387144671073,638200.0,1
2024-09-03,25313.400390625,25321.69921875,25235.80078125,25279.849609375,212100,4.550829989491412e-05,4.550726442364936e-05,0.0033979014443244423,-0.0013254158166133134,25199.749609375,24682.444921875,24510.189921875,24845.672545321297,24409.112837533114,1.0242036268850556,1.0314016207117631,1.007027893319026,0.023523362795790703,100.0,241.33591944738873,185.82665895185477,55.509260495533965,0.0022500375373685146,0.005955887747926812,149.4072265625,-0.048025134649910206,274930.0,0.7714691012257665,0.001695950113232314,0.003337760073577778,0.00397565940632294,0.0002858944102370753,222800.0,0
2024-09-04,25089.94921875,25216.0,25083.80078125,25198.69921875,253800,-0.0032100820170585243,-0.003215245383183467,0.005246271547684985,0.004334404946452817,25229.01953125,24742.75234375,24543.4069140625,24879.294133266885,24440.07700934554,1.0184274921668193,1.026699321205975,1.0081221580355775,0.017299013068721836,93.33330124255494,239.60080883080082,196.581488927644,43.01931990315683,0.0028328527988791506,0.005983948539919262,151.93568638392858,0.19660537482319662,272005.0,0.933071083252146,4.550829989491412e-05,0.001695950113232314,0.003337760073577778,0.0013830024432652799,212100.0,0
2024-09-05,25250.5,25275.44921875,25127.75,25145.099609375,222200,-0.0021270784221717465,-0.0021293438665674616,0.005873876860481094,-0.004174190238807152,25227.649609375,24785.13232421875,24571.882890625,24904.608940515274,24467.724954444733,1.0145235167780204,1.023328156059571,1.0086785955534208,0.013445362407553008,84.57265779081676,231.2351458183075,203.5122203057767,27.722925512530793,0.003083332555604127,0.005557650390512417,132.47488839285714,-0.12450748620961383,267235.0,0.8314779126985612,-0.0032100820170585243,4.550829989491412e-05,0.001695950113232314,0.00397565940632294,253800.0,0
2024-09-06,25093.69921875,25168.75,24801.30078125,24852.150390625,311700,-0.011650350298901935,-0.011718747382249265,0.014785409430349061,-0.009625875643895294,25150.899609375,24821.88984375,24591.5498828125,24899.612888144773,24482.80046174592,1.0012191072906007,1.0105971567084773,1.0093666304903577,0.0011682642832857582,62.31387720542174,198.67652463110062,202.5450811708415,-3.8685565397408936,0.005167983349079849,0.0059925341207894885,150.44614955357142,0.40279027902790276,267225.0,1.1664327813640192,-0.0021270784221717465,-0.0032100820170585243,4.550829989491412e-05,0.003337760073577778,222200.0,1
2024-09-09,24823.400390625,24957.5,24753.150390625,24936.400390625,254400,0.003390048695012693,0.003384315433638339,0.00819483189930759,0.004552156361409554,25082.43984375,24850.33486328125,24609.387890625,24903.116459809557,24500.588694250982,1.0034633548327319,1.0132881200236832,1.0097908559825675,-0.002966710910928594,60.867420790221416,177.6243111695403,197.5609271705813,-19.93661600104099,0.004648581925149223,0.00564487194099969,153.49609375,-0.18383060635226178,269190.0,0.9450573944054386,-0.011650350298901935,-0.0021270784221717465,-0.0032100820170585243,0.001695950113232314,311700.0,1
2024-09-10,24999.400390625,25130.5,24896.80078125,25041.099609375,251300,0.0041986500501236534,0.0041898603137641086,0.009332626058581973,0.0016680087561475108,25034.68984375,24885.03984375,24629.997890625,24916.257712149123,24521.785200726434,1.0062712282803195,1.0166910984148512,1.0103549319921816,0.0009333217165812258,62.02613302350584,167.45827748975353,191.54039723441576,-24.082119744662236,0.004862015703556982,0.0056633443960018275,160.65680803571428,-0.01218553459119498,267760.0,0.938527039139528,0.003390048695012693,-0.011650350298901935,-0.0021270784221717465,4.550829989491412e-05,254400.0,0
2024-09-11,25034.0,25113.69921875,24885.150390625,24918.44921875,279200,-0.004897963449619458,-0.004909997784499106,0.009171872058275096,-0.004615753824798274,24978.63984375,24924.0123046875,24645.527890625,24916.46642706349,24537.340652413634,0.9997767981386988,1.0110738682221052,1.0112995921734116,-0.005344823647794428,54.42799474702255,147.80100310399575,182.79251840833177,-34.99151530433602,0.005078995576967584,0.005374897409120426,170.04241071428572,0.11102268205332266,269735.0,1.0350899957365562,0.0041986500501236534,0.003390048695012693,-0.011650350298901935,-0.0032100820170585243,251300.0,1
2024-09-12,25059.650390625,25433.349609375,24941.44921875,25388.900390625,380100,0.01887963282727112,0.018703624424743968,0.01937462367636202,0.01313865097348584,25027.4,24986.26982421875,24670.82890625,24961.460137878872,24570.735151951332,1.016114072618234,1.0291060947771027,1.0127859878225995,0.009420787622231641,66.97471466980457,168.24453114957942,179.88292095658133,-11.638389807001914,0.00789041544255558,0.006580466920359821,200.62458147321428,0.36138968481375366,273575.0,1.389381339669195,-0.004897963449619458,0.0041986500501236534,0.003390048695012693,-0.0021270784221717465,279200.0,0
2024-09-13,25430.44921875,25430.5,25292.44921875,25356.5,250800,-0.0012761636040355961,-0.0012769785942554214,0.00544439418886676,-0.002907900608199908,25128.269921875,25027.0373046875,24692.22890625,24999.08298189041,24601.54945971795,1.0131642707565227,1.0269020304433458,1.013559261892018,0.004778890687799686,61.443042914722355,179.75957716222183,179.85825219770945,-0.09867503548761647,0.007869592125473402,0.005762280178136082,194.724609375,-0.34017363851618,272535.0,0.9202487753866476,0.01887963282727112,-0.004897963449619458,0.0041986500501236534,-0.011650350298901935,380100.0,1
2024-09-16,25406.650390625,25445.69921875,25336.19921875,25383.75,168700,0.0010746751326089488,0.0010740980826790941,0.004313783424434924,-0.0009013541837632479,25217.73984375,25067.59228515625,24713.8608984375,25035.717935996086,24632.2239907094,1.012612209072467,1.0271058052934519,1.0143130767051098,0.004155703596175675,61.94906953966699,188.9065838426468,181.66791852669692,7.2386653159498735,0.00786136620837162,0.0057631387194877004,195.44252232142858,-0.3273524720893142,268790.0,0.6276275159046095,-0.0012761636040355961,0.01887963282727112,-0.004897963449619458,0.003390048695012693,250800.0,1
2024-09-17,25416.900390625,25441.650390625,25352.25,25418.55078125,216000,0.0013709866056039743,0.0013700476615561017,0.0035171316962313297,6.493280453696647e-05,25293.230078125,25103.57734375,24735.754921875,25072.178206972647,24663.060335436483,1.0125469542920909,1.0276035989817789,1.0148700705936295,0.005486629628665307,61.95406710522793,196.69639118379928,184.6736130581174,12.022778125681867,0.007865611713196542,0.005704014554270365,190.04617745535714,0.2803793716656786,267675.0,0.8069487251330905,0.0010746751326089488,-0.0012761636040355961,0.01887963282727112,0.0041986500501236534,168700.0,0
2024-09-18,25402.400390625,25482.19921875,25285.55078125,25377.55078125,215700,-0.0016129951842196455,-0.0016142974615182065,0.007748913171135968,-0.0009782386307150323,25385.050390625,25133.944921875,24756.894921875,25101.261309284775,24691.07956860564,1.0096923049737003,1.0250700203451846,1.0152301005917688,0.007097650594873439,57.65736620756588,197.2873070073947,187.1963518479729,10.09095515942181,0.0077965128867169345,0.005732524150438658,190.20675223214286,-0.001388888888888884,265605.0,0.8121082057943186,0.0013709866056039743,0.0010746751326089488,-0.0012761636040355961,-0.004897963449619458,216000.0,1
2024-09-19,25487.05078125,25611.94921875,25376.05078125,25415.80078125,314500,0.0015072376499098983,0.0015061029073179838,0.009281566200897725,-0.0027955372558215452,25390.43046875,25164.1599609375,24776.546953125,25131.217449471937,24719.500008317184,1.0099999690314767,1.0258007634935737,1.0156443514322568,0.010765563711430781,56.301679325806724,198.5532688975909,189.4677352578965,9.085533639694404,0.007734056818493213,0.005731968060874386,198.74232700892858,0.45804357904496995,270315.0,1.1634574477923905,-0.0016129951842196455,0.0013709866056039743,0.0010746751326089488,0.01887963282727112,215700.0,1
2024-09-20,25525.94921875,25849.25,25426.599609375,25790.94921875,533100,0.014760441377741573,0.014652566289984728,0.016387546927421094,0.010381592383853257,25477.3203125,25212.54990234375,24805.876953125,25194.04904654604,24761.51762441259,1.0229409289677789,1.0397112453426447,1.0163942177890841,0.037775355990085524,64.55462423639722,227.2087751489198,197.01594323610115,30.19283191281866,0.007376296896157016,0.006466687883468134,222.69224330357142,0.6950715421303657,286630.0,1.8598890555768761,0.0015072376499098983,-0.0016129951842196455,0.0013709866056039743,-0.0012761636040355961,314500.0,1
2024-09-23,25872.55078125,25956.0,25847.349609375,25939.05078125,209200,0.005742385099666292,0.005725960454112572,0.0041886802852299345,0.0025702916021791314,25588.38046875,25258.9724609375,24838.338984375,25265.001592708322,24807.69539526896,1.0269242274745827,1.0443150324008148,1.0169348472467143,0.040208304924473026,67.28643118278359,258.88476622732196,209.38970783434533,49.49505839297663,0.007402005540232834,0.0063967324493960625,228.34598214285714,-0.607578315513037,286575.0,0.7300008723719794,0.014760441377741573,0.0015072376499098983,-0.0016129951842196455,0.0010746751326089488,533100.0,1
2024-09-24,25921.44921875,26011.55078125,25886.849609375,25940.400390625,384100,5.2030021699067674e-05,5.20286681844374e-05,0.004807218469922603,0.0007311000135475402,25692.750390625,25305.10498046875,24867.103984375,25329.325287748008,24852.115199008414,1.0251054248005131,1.043161294814402,1.0176136713132724,0.03591299085417621,70.29944204076875,280.85954555538774,223.68367537855383,57.17587017683391,0.007501601810701204,0.0063999016610104,227.81040736607142,0.8360420650095601,294615.0,1.3037353834665582,0.005742385099666292,0.014760441377741573,0.0015072376499098983,0.0013709866056039743,209200.0,1
2024-09-25,25899.44921875,26032.80078125,25871.349609375,26004.150390625,278500,0.0024575565157058943,0.0024545416621303915,0.006208669364302949,0.004042602257317549,25818.0703125,25352.69501953125,24895.4530078125,25393.594345164864,24897.29304966005,1.025695704957279,1.0445341316932284,1.0183664869072784,0.043570174144627716,73.38124754138448,299.9610445097933,238.93914920480174,61.021895304991546,0.006920103428066952,0.006400613217596242,228.79268973214286,-0.27492840406144237,297520.0,0.936071524603388,5.2030021699067674e-05,0.005742385099666292,0.014760441377741573,-0.0016129951842196455,384100.0,1
2024-09-26,26005.400390625,26250.900390625,25998.400390625,26216.05078125,370900,0.008148714241454025,0.008115692736807522,0.009631504077669498,0.008100255618480687,25978.1203125,25405.90009765625,24927.5140234375,25471.923529553922,24949.009039134166,1.0318882889596377,1.051691346220926,1.019191086354177,0.03257921288038257,88.835389339909,328.4119817517385,256.8337157141891,71.57826603754938,0.00501253018472357,0.006538079244363058,220.58203125,0.33177737881508085,298365.0,1.2431082734234913,0.0024575565157058943,5.2030021699067674e-05,0.005742385099666292,0.0015072376499098983,278500.0,0
2024-09-27,26248.25,26277.349609375,26151.400390625,26178.94921875,490300,-0.0014152231703233875,-0.0014162255444679923,0.00481108762989586,-0.002640205775623137,26055.7203125,25453.0525390625,24955.076015625,25539.25930947736,24997.24198735439,1.028519042208139,1.0490430565051656,1.0199549191164838,0.03243543938437865,86.35621241855091,344.0003466079397,274.26704189293923,69.73330471500049,0.005026541289264526,0.006576007701749432,214.98200334821428,0.3219196548935024,290970.0,1.6850534419355947,0.008148714241454025,0.0024575565157058943,5.2030021699067674e-05,0.014760441377741573,370900.0,0
2024-09-30,26061.30078125,26134.69921875,25794.099609375,25810.849609375,343100,-0.014060900852023384,-0.014160691857076434,0.013195985972166048,-0.00961007948057562,26030.080078125,25479.66005859375,24980.675,25565.12505232475,25029.148168610103,1.012998193461751,1.0332326732314079,1.0199748428973097,0.016825709730634797,69.51447522960129,322.92914970344646,283.9994634550407,38.929686248405744,0.007459648117063721,0.007486435889129896,222.61774553571428,-0.3002243524372833,296985.0,1.1552772025523175,-0.0014152231703233875,0.008148714241454025,0.0024575565157058943,0.005742385099666292,490300.0,0
2024-10-01,25788.44921875,25907.599609375,25739.19921875,25796.900390625,247400,-0.0005404401234794243,-0.0005405862138807384,0.006527931188438412,0.00032771151934391657,26001.380078125,25505.51259765625,25006.4280078125,25587.19889406763,25059.2560988852,1.0114245025208992,1.0316107675420711,1.019958251921779,0.014884782874958091,73.56925982482636,301.6275147389206,287.52507371181673,14.10244102710385,0.007492539722466407,0.007491685599320278,218.32142857142858,-0.27892742640629553,298750.0,0.8281171548117154,-0.014060900852023384,-0.0014152231703233875,0.008148714241454025,5.2030021699067674e-05,343100.0,0
2024-10-03,25452.849609375,25639.44921875,25230.30078125,25250.099609375,423400,-0.021196375260987388,-0.02142424417261006,0.016203834591927275,-0.007965709266805296,25850.569921875,25508.0826171875,25021.848984375,25555.094200287378,25066.740158120094,0.9898862250179999,1.0091220526965266,1.0194323622173618,-0.005022201432029694,46.422480190892344,237.8814134591521,277.5963416612838,-39.714928202131716,0.010439939347698718,0.00898926559024438,210.76771763392858,0.7113985448666127,307230.0,1.378120626240927,-0.0005404401234794243,-0.014060900852023384,-0.0014152231703233875,0.0024575565157058943,247400.0,0
2024-10-04,25181.900390625,25485.05078125,24966.80078125,25014.599609375,374900,-0.009326695880144675,-0.009370461848646757,0.02071790106949262,-0.00664369164577764,25610.2796875,25501.5576171875,25033.8709765625,25503.618524962392,25064.695430718326,0.9809047739309735,0.9992301882834843,1.0186821543125657,-0.015785501913871514,42.02286329869115,166.44066273044882,255.36520587511683,-88.92454314466801,0.010768709094269567,0.009226552994149545,237.9248046875,-0.11454888993859236,314865.0,1.1906690168802503,-0.021196375260987388,-0.0005404401234794243,-0.014060900852023384,0.008148714241454025,423400.0,0
2024-10-07,25084.099609375,25143.0,24694.349609375,24795.75,374300,-0.008748875168602677,-0.008787371273170997,0.018093842316727664,-0.011495314317251053,25333.63984375,25498.73759765625,25041.663984375,25436.202474965976,25054.14855108231,0.9724304940601896,0.9901798065604409,1.0182525256135713,-0.038587149713221525,37.406844717212856,91.11371639479694,222.51490797905288,-131.40119158425594,0.009289602612459492,0.009056666164466704,262.1498325892857,-0.001600426780474784,317995.0,1.1770625324297552,-0.009326695880144675,-0.021196375260987388,-0.0005404401234794243,-0.0014152231703233875,374900.0,1
2024-10-08,24832.19921875,25044.0,24756.80078125,25013.150390625,333200,0.00876764730346924,0.008729434677965052,0.011481929075900935,0.007286957159169758,25174.1,25502.57509765625,25045.23,25395.911800266833,25052.540780083986,0.9808088122412302,0.9987191329696313,1.0182607665274486,-0.035695230270117895,41.947397864847105,48.40102645068691,187.69213167337972,-139.2911052226928,0.009677137597498407,0.009242283215967961,276.2783203125,-0.10980496927598182,321935.0,1.0349915355584203,-0.008748875168602677,-0.009326695880144675,-0.021196375260987388,-0.014060900852023384,374300.0,0
2024-10-09,25065.80078125,25234.05078125,24947.69921875,24981.94921875,290600,-0.0012473907279866303,-0.0012481693673798233,0.011462338666715453,-0.0033452576772541646,25011.109765625,25499.617578125,25048.1469921875,25356.486792503325,25049.772483561082,0.9796989755713402,0.9973571788181319,1.0180241111679165,-0.03694820270474275,42.11132661883953,11.896107211559865,152.53292678101576,-140.6368195694559,0.009630721720762443,0.00919717271608994,282.68568638392856,-0.1278511404561825,323900.0,0.8971904908922507,0.00876764730346924,-0.008748875168602677,-0.009326695880144675,-0.0005404401234794243,333200.0,1
2024-10-10,25067.05078125,25134.05078125,24979.400390625,24998.44921875,261400,0.0006604768849507447,0.0006602588660852999,0.006186399375086236,-0.002736722524666266,24960.7796875,25503.617578125,25050.9699609375,25322.38797595539,25047.759806509668,0.9801922861402889,0.9979034447660352,1.0180690655049813,-0.03867464065419246,41.60478810422943,-15.523941847150127,118.92155305538259,-134.44549490253272,0.00951803066003566,0.009128513840467246,276.8822544642857,-0.10048176187198898,323010.0,0.8092628711185412,-0.0012473907279866303,0.00876764730346924,-0.008748875168602677,-0.021196375260987388,290600.0,0
2024-10-11,24985.30078125,25028.650390625,24920.05078125,24964.25,210500,-0.0013680536120755926,-0.0013689902517646816,0.004350205168390799,-0.0008425266293290883,24950.709765625,25482.38505859375,25051.231953125,25288.27959729297,25044.48491213674,0.9796669323769199,0.9965278373020633,1.0172108543913334,-0.047749403283323666,30.726954488164893,-39.55811805443591,87.2256188334189,-126.78373688785481,0.00861220225813414,0.008018408242302768,253.6787109375,-0.1947207345065034,314530.0,0.6692525355292023,0.0006604768849507447,-0.0012473907279866303,0.00876764730346924,-0.009326695880144675,261400.0,1
2024-10-14,25023.44921875,25159.75,25017.5,25127.94921875,206400,0.006557345754428789,0.006535939888908111,0.005661027040513746,0.004176082964681721,25017.149609375,25470.95751953125,25053.5729296875,25273.010037431734,25047.758022200007,0.9865333566467523,1.0029686899058763,1.016659683272128,-0.04014676033090159,31.227115003155305,-44.87888118772389,60.80471882919035,-105.68360001691424,0.009307909216860848,0.008184763016690601,255.85365513392858,-0.019477434679334937,312310.0,0.6608818161442157,-0.0013680536120755926,0.0006604768849507447,-0.0012473907279866303,-0.008748875168602677,210500.0,0
2024-10-15,25186.30078125,25212.05078125,25008.150390625,25057.349609375,257200,-0.0028096049048969007,-0.0028135592532655376,0.008137348674287259,-0.005119893270352667,25025.989453125,25454.6375,25060.3659375,25252.47094904538,25048.13416287354,0.9843923178782255,0.9998796375067898,1.015732873314113,-0.029193149834413568,30.19666587825111,-54.16800768175017,37.81017352700225,-91.97818120875242,0.008610324737390384,0.008192754420422199,261.5107421875,0.24612403100775193,316735.0,0.8120352976462973,0.006557345754428789,-0.0013680536120755926,0.0006604768849507447,0.00876764730346924,206400.0,0
2024-10-16,25008.55078125,25093.400390625,24908.44921875,24971.30078125,226800,-0.0034340754096676696,-0.003439985380697183,0.007406549362213153,-0.0014894905476861117,25023.859765625,25432.275,25078.6799609375,25225.69283782677,25045.121089084383,0.9818744403027255,0.9957183081464114,1.0140994278651532,-0.032003829796351635,27.066638796059152,-67.69280808810436,16.709577203980928,-84.40238529208528,0.008568412980496144,0.008201019727259711,263.18931361607144,-0.11819595645412129,317275.0,0.7148372862658577,-0.0028096049048969007,0.006557345754428789,-0.0013680536120755926,-0.0012473907279866303,257200.0,0
2024-10-17,25027.400390625,25029.5,24728.900390625,24749.849609375,252800,-0.008868227322834543,-0.008907784090014885,0.012145512563483854,-0.011089876571997769,24974.13984375,25400.88994140625,25093.8259375,25180.37443511708,25033.54181537029,0.9743693888862538,0.9862923920417027,1.0122366356039545,-0.01981180303202701,17.582008521061255,-95.18335421885786,-5.669009080586829,-89.51434513827103,0.006208134994247032,0.008394902092967869,266.625,0.11463844797178124,319130.0,0.7921536677842885,-0.0034340754096676696,-0.0028096049048969007,0.006557345754428789,0.0006604768849507447,226800.0,1
2024-10-18,24664.94921875,24886.19921875,24567.650390625,24854.05078125,290900,0.004210173941240125,0.004201335956550517,0.012816777069004566,0.007666813372404888,24952.1,25372.80244140625,25104.956953125,25149.295991891642,25026.50295128714,0.9795548142009851,0.990005711925996,1.0106690279844477,-0.006418204993568155,21.550387856989474,-107.3244766022799,-26.000102584925443,-81.32437401735446,0.00589360258001167,0.008462870183780837,280.38211495535717,0.15071202531645578,317950.0,0.9149237301462494,-0.008868227322834543,-0.0034340754096676696,-0.0028096049048969007,-0.0013680536120755926,252800.0,0
2024-10-21,24956.150390625,24978.30078125,24679.599609375,24781.099609375,242000,-0.00293518237799828,-0.002939498473548445,0.012053588282337463,-0.00701433428273294,24882.730078125,25322.3099609375,25118.2389453125,25114.2296697472,25016.879290819998,0.9786271334488292,0.986577907126709,1.008124415731107,-0.0005908428107639363,24.678505699872048,-121.4331477177584,-45.086711611492035,-76.34643610626637,0.005250869983989546,0.007608628648386716,277.38936941964283,-0.16809900309384673,303395.0,0.7976400402116053,0.004210173941240125,-0.008868227322834543,-0.0034340754096676696,0.006557345754428789,290900.0,0
2024-10-22,24798.650390625,24882.0,24445.80078125,24472.099609375,279500,-0.012469180337869368,-0.012547572909439223,0.017824347960029418,-0.013168086815460361,24765.680078125,25248.96240234375,25120.3309375,25053.07442590223,24995.515381743724,0.9692318923609852,0.9741949526963711,1.0051206118726617,-0.021630653188443927,21.551291708538074,-155.7526689880906,-67.21990308681175,-88.53276590127884,0.005593618931682073,0.007728632336648187,296.51785714285717,0.1549586776859504,306910.0,0.9106904304193412,-0.00293518237799828,0.004210173941240125,-0.008868227322834543,-0.0028096049048969007,242000.0,0
2024-10-23,24378.150390625,24604.25,24378.099609375,24435.5,284600,-0.001495564743491773,-0.0014966842167451323,0.009254993375416914,0.002352500434038453,24658.519921875,25173.7173828125,25122.1009375,24994.25781391154,24973.553994224363,0.970675074658758,0.9726694459508718,1.00205462295693,-0.021873762289928433,27.59874919300175,-183.78585057182136,-90.53309258381367,-93.25275798800769,0.005589535956681514,0.0077051071800954786,283.44656808035717,0.018246869409660027,301935.0,0.9425869806415288,-0.012469180337869368,-0.00293518237799828,0.004210173941240125,-0.0034340754096676696,279500.0,0
2024-10-24,24412.69921875,24480.650390625,24341.19921875,24399.400390625,216700,-0.0014773427748562273,-0.0014784351216731097,0.005715352412044577,-0.0005447504188633894,24588.430078125,25093.4798828125,25127.3089453125,24937.60472597949,24951.038166632232,0.972340245536734,0.9710311774224716,0.9986536933750595,-0.023963439607113113,30.998303624644976,-206.53448474771358,-113.73337101659365,-92.80111373111993,0.005507757510733211,0.007608468792917983,256.38950892857144,-0.23858046380885456,298845.0,0.7251250648329401,-0.001495564743491773,-0.012469180337869368,-0.00293518237799828,-0.008868227322834543,284600.0,0
2024-10-25,24418.05078125,24440.25,24073.900390625,24180.80078125,372600,-0.008959220549493163,-0.00899959570008371,0.015150433299920763,-0.009716172766016943,24453.780078125,24991.7173828125,25128.0499609375,24865.528159814778,24920.832778970187,0.9675525859571303,0.9623031161924608,0.994574486347451,-0.031382846220094684,31.003091596697473,-239.44196486703004,-138.87508978668095,-100.56687508034909,0.005862290846894989,0.007223311943923948,250.51088169642858,0.7194277803414859,298930.0,1.246445656173686,-0.0014773427748562273,-0.001495564743491773,-0.012469180337869368,0.004210173941240125,216700.0,1
2024-10-28,24251.099609375,24492.599609375,24134.900390625,24339.150390625,278600,0.0065485676346082045,0.006527218917237164,0.014696454601298625,0.003630795414157686,24365.390234375,24899.72744140625,25124.0099609375,24815.396943701468,24898.021704917435,0.9774866189961159,0.968760577171686,0.9910729807908863,-0.03139129346601888,28.390509778775254,-249.8636176044747,-161.0727953502397,-88.79082225423502,0.005860683877601798,0.007584560901316646,255.54659598214286,-0.2522812667740204,288345.0,0.9662036796198997,-0.008959220549493163,-0.0014773427748562273,-0.001495564743491773,-0.00293518237799828,372600.0,1
2024-10-29,24328.849609375,24484.5,24140.849609375,24466.849609375,332000,0.0052466588480091225,0.0052329430871703615,0.014045551270864189,0.005672278065577848,24364.340234375,24832.52744140625,25121.8939453125,24782.2019594799,24881.11299528832,0.9852742402925321,0.9739253601912556,0.9884815012539993,-0.023565940101624716,34.44745721931757,-244.99444924942873,-177.85712613007752,-67.13732311935121,0.006441613221716603,0.007406820818983125,259.63936941964283,0.1916726489590812,287790.0,1.1536189582681817,0.0065485676346082045,-0.008959220549493163,-0.0014773427748562273,-0.012469180337869368,278600.0,0
2024-10-30,24371.44921875,24498.19921875,24307.30078125,24340.849609375,285200,-0.005149825253829232,-0.00516313130612327,0.007842718744972423,-0.0012555514897923431,24345.41015625,24759.72490234375,25114.7339453125,24740.16840232705,24859.926195840737,0.9830823930952036,0.9691860428375376,0.9858645110976775,-0.025247029676098487,31.376371088629156,-248.43889627325916,-191.97348015871387,-56.46541611454529,0.006495795166360965,0.007408873629339177,262.228515625,-0.14096385542168677,289680.0,0.9845346589339962,0.0052466588480091225,0.0065485676346082045,-0.008959220549493163,-0.001495564743491773,332000.0,0
2024-10-31,24349.849609375,24372.44921875,24172.599609375,24205.349609375,287000,-0.005566773640794054,-0.00558232586918934,0.008256423170917392,-0.005934328232744636,24306.6,24707.48740234375,25103.436953125,24689.23327918876,24834.256525783258,0.9796766953761102,0.964224526489063,0.9842272772640417,-0.022000133681367884,29.673750079776013,-259.1154414198718,-205.40187241094546,-53.71356900892633,0.006213544927404186,0.006046275496315719,268.74637276785717,0.006311360448807868,282860.0,1.0146362157958,-0.005149825253829232,0.0052466588480091225,0.0065485676346082045,-0.0014773427748562273,285200.0,1
2024-11-01,24302.75,24368.25,24280.19921875,24304.349609375,38800,0.004090004961616156,0.004081663627652918,0.0036228404653970195,6.5820097519828e-05,24331.309765625,24671.97490234375,25093.2939453125,24652.57769158745,24813.4758623947,0.9850994784801833,0.9685595546899144,0.9832098948871775,-0.022117166200114835,27.14888774487224,-256.6299375726885,-215.64748544329407,-40.98245212939443,0.006199893789852297,0.005943779692730159,266.41782924107144,-0.864808362369338,266055.0,0.14583450790250135,-0.005566773640794054,-0.005149825253829232,0.0052466588480091225,-0.008959220549493163,287000.0,0
2024-11-04,24315.75,24316.75,23816.150390625,23995.349609375,285500,-0.0127137736646451,-0.012795285302364113,0.020862359478997356,-0.013176660831971047,24262.549609375,24631.9548828125,25076.7379296875,24589.98454090055,24781.392479923335,0.9741553085629551,0.956876834485227,0.9822631217775564,-0.03170763252582787,23.97696642979662,-276.4076204551202,-227.7995124456593,-48.60810800946089,0.007049250629841331,0.006263493089329078,287.61063058035717,6.358247422680412,261615.0,1.091298281826348,0.004090004961616156,-0.005566773640794054,-0.005149825253829232,0.0065485676346082045,38800.0,1
2024-11-05,23916.5,24229.05078125,23842.75,24213.30078125,289500,0.00908305881860727,0.009042055940529129,0.015954073537513682,0.012409875243033053,24211.83984375,24591.96240234375,25060.791953125,24554.109897124305,24759.11437409301,0.9846022202336459,0.9661825861904049,0.9812923090515985,-0.010575260490761407,32.55387630701179,-271.3665933848897,-236.5129286335054,-34.853664751384315,0.007180700699523514,0.006291063866968747,301.9927455357143,0.014010507880910739,259430.0,1.1159079520487223,-0.0127137736646451,0.004090004961616156,-0.005566773640794054,0.0052466588480091225,285500.0,1
2024-11-06,24308.75,24537.599609375,24204.05078125,24484.05078125,351100,0.011181870759630508,0.011119815807918394,0.01362310636851126,0.00721142721242351,24240.480078125,24567.06748046875,25050.11796875,24547.437600374375,24748.32756653054,0.99662081364474,0.9774026139036084,0.9807166381857421,0.001986895346933748,44.018123780781025,-242.72628336251728,-237.75559957930778,-4.970683783209495,0.00814030746843742,0.006907706182000913,304.3462611607143,0.21278065630397247,262455.0,1.3377531386332895,0.00908305881860727,-0.0127137736646451,0.004090004961616156,-0.005149825253829232,289500.0,0
2024-11-07,24489.599609375,24503.349609375,24179.05078125,24199.349609375,322200,-0.011628025706147627,-0.011696159889418445,0.013401138185935557,-0.011851970004805134,24239.280078125,24527.1125,25033.05796875,24514.28636313634,24726.79901919111,0.9866367110834999,0.9666957045193696,0.9797889067575525,-0.00819900399383855,36.372890423577985,-240.23238713145474,-238.2509570897372,-1.9814300417175446,0.008972872254884254,0.007292629234630491,304.75697544642856,-0.08231273141555118,265495.0,1.2135821766888266,0.011181870759630508,0.00908305881860727,-0.0127137736646451,-0.005566773640794054,351100.0,0
2024-11-08,24207.69921875,24276.150390625,24066.650390625,24148.19921875,298700,-0.002113709312467793,-0.0021159463488489003,0.008675595149030102,-0.0024578957075736653,24208.05,24486.3099609375,25012.98296875,24479.42092081383,24704.108830938516,0.9861918458629789,0.965426604612476,0.978944014455593,-0.00134824163992453,36.70600977218742,-239.62116184779006,-238.52499804134777,-1.0961638064422914,0.008528985314734042,0.0072931650260440115,298.38546316964283,-0.0729360645561763,269905.0,1.1066856857042293,-0.011628025706147627,0.011181870759630508,0.00908305881860727,0.004090004961616156,322200.0,0
2024-11-11,24087.25,24336.80078125,24004.599609375,24141.30078125,273400,-0.00028567088740283353,-0.00028571169910344984,0.013760698931890742,0.002243958162513363,24237.240234375,24436.9775390625,24991.0909765625,24447.219002760132,24682.037927029163,0.9879004366501601,0.9659962745880337,0.9778275611088901,-0.008128862602007958,42.04159614468339,-236.96185885519662,-238.21237020411758,1.250511348920952,0.008203586083237862,0.007044891720077485,290.95703125,-0.08470036826247074,273255.0,1.0005306398785017,-0.002113709312467793,-0.011628025706147627,0.011181870759630508,-0.0127137736646451,298700.0,0
2024-11-12,24225.80078125,24242.0,23839.150390625,23883.44921875,255800,-0.010680930776533315,-0.010738381367723213,0.016867312827610254,-0.014131692305707775,24171.269921875,24378.28251953125,24963.1859765625,24393.526642378212,24650.72072278292,0.9797018801310222,0.9567468367689025,0.9765693586715892,-0.023844524323289207,37.99655163627407,-252.74729472874242,-241.11935510904254,-11.627939619699873,0.008446158826951041,0.007310741519169665,303.57840401785717,-0.06437454279444033,273185.0,0.936361806102092,-0.00028567088740283353,-0.002113709312467793,-0.011628025706147627,0.00908305881860727,273400.0,0
2024-11-13,23822.44921875,23873.599609375,23509.599609375,23559.05078125,304600,-0.013582562322921432,-0.013675649189030194,0.015450537603564978,-0.011056732037975603,23986.269921875,24307.67001953125,24928.77,24314.05275084219,24607.91013684045,0.9692023448697578,0.9450546810472398,0.9750850130002905,-0.032118797850995584,33.76355398840283,-288.11242845042943,-250.51796977731993,-37.5944586731095,0.009153447070395391,0.007733492152166592,319.6176060267857,0.19077404222048466,277075.0,1.0993413335739421,-0.010680930776533315,-0.00028567088740283353,-0.002113709312467793,0.011181870759630508,255800.0,0
2024-11-14,23542.150390625,23675.900390625,23484.150390625,23532.69921875,257700,-0.0011185324376894457,-0.0011191584619590343,0.008148236554488427,-0.00040145745899081777,23852.93984375,24246.8125,24895.45,24239.638128738174,24565.74500279769,0.9705481583919536,0.9452610504630364,0.9739455402493227,-0.02778932762716535,36.473093592749734,-314.6389407286624,-263.3421639675885,-51.29677676107394,0.009136674277699963,0.007610743866825238,307.14620535714283,-0.15397242284963886,277320.0,0.9292514063176114,-0.013582562322921432,-0.010680930776533315,-0.00028567088740283353,-0.011628025706147627,304600.0,0
2024-11-18,23605.30078125,23606.80078125,23350.400390625,23453.80078125,263300,-0.0033527151631265184,-0.003358348106569627,0.01093214669197573,-0.006418049971230972,23714.06015625,24176.8,24861.6240234375,24164.796476596443,24522.13934705072,0.9700953302856458,0.9433736412046003,0.9724545740538951,-0.03499574527996896,30.887475766716236,-338.13008421470295,-278.2997480170114,-59.830336197691565,0.008809442471352574,0.0074452121820138785,299.9105747767857,0.021730694606131085,275940.0,0.9541929404943104,-0.0011185324376894457,-0.013582562322921432,-0.010680930776533315,-0.002113709312467793,257700.0,1
2024-11-19,23529.55078125,23780.650390625,23464.80078125,23518.5,297500,0.002758581406631766,0.002754783503889256,0.013429836485107469,-0.0004696554283053308,23589.5,24113.67001953125,24834.951015625,24103.244431206305,24482.78094128403,0.9753181486248595,0.9469920027304765,0.9709570195793842,-0.019872584360625223,28.955030846566387,-347.5203007298114,-292.1438585595714,-55.37644217024001,0.008359511101550393,0.007551714867497779,298.7105189732143,0.12988985947588305,278715.0,1.0673985971332722,-0.0033527151631265184,-0.0011185324376894457,-0.013582562322921432,-0.00028567088740283353,263300.0,0
2024-11-21,23488.44921875,23507.30078125,23263.150390625,23349.900390625,420300,-0.007168807933116472,-0.007194627306794726,0.010456164118071636,-0.005898594106178851,23482.790234375,24057.56005859375,24803.221015625,24031.497379722372,24438.35425302289,0.9705847281999838,0.9414059720677218,0.9699369305074726,-0.03565810371849798,28.417745426331265,-364.36650415213444,-306.588387678084,-57.77811647405042,0.007508446481791763,0.007270779907721237,302.5142299107143,0.4127731092436975,285755.0,1.470840405242253,0.002758581406631766,-0.0033527151631265184,-0.0011185324376894457,-0.010680930776533315,297500.0,1
2024-11-22,23411.80078125,23956.099609375,23359.0,23907.25,367600,0.023869464111237804,0.02358904203763299,0.024975670952326178,0.021162371206694806,23552.430078125,24031.14755859375,24780.5440234375,24019.664295939292,24417.526635257287,0.9948442928789956,0.9647588841224981,0.9697586758331469,-0.023558225164755697,44.51538761731796,-328.9518342433912,-311.06107699114546,-17.89075725224575,0.01062065775230936,0.009304536333223644,331.53920200892856,-0.12538662859862004,289905.0,1.2680015867266863,-0.007168807933116472,0.002758581406631766,-0.0033527151631265184,-0.013582562322921432,420300.0,1
2024-11-25,24253.55078125,24351.55078125,24135.44921875,24221.900390625,687200,0.013161295867362366,0.013075438521712217,0.008921742679762704,-0.0013049796671202622,23690.2703125,24022.27255859375,24766.613046875,24038.92487638555,24409.855017820726,1.008310114355098,0.9780061708389822,0.969945810237659,0.0009318755096321407,48.59457566266087,-272.35624307706894,-303.32011020833016,30.963867131261225,0.011086031378957886,0.009827222986652517,351.6392299107143,0.869423286180631,313430.0,2.192515075136394,0.023869464111237804,-0.007168807933116472,0.002758581406631766,-0.0011185324376894457,367600.0,0
2024-11-26,24343.30078125,24343.30078125,24125.400390625,24194.5,230700,-0.0011312238174179257,-0.0011318641340202825,0.009006195235487404,-0.006112596750421422,23838.41015625,24022.95751953125,24742.7250390625,24053.74155482502,24401.409723004224,1.0071407727516182,0.9778429805853238,0.9709099333887063,0.0019173595857222558,53.75521583329957,-227.0969792436008,-288.0754840153843,60.97850477178349,0.011068596961594812,0.009618649013247584,331.44642857142856,-0.664289871944121,306335.0,0.7530970995805246,0.013161295867362366,0.023869464111237804,-0.007168807933116472,-0.0033527151631265184,687200.0,1
2024-11-27,24204.80078125,24354.55078125,24145.650390625,24274.900390625,295000,0.003323085437806128,0.0033175761911502914,0.008605612680729171,0.002896103546090821,23989.690234375,24019.74501953125,24721.093046875,24074.804301091684,24396.448572714842,1.0106227343748353,0.9819509333424719,0.9716295705042698,0.00553406838287529,51.225082911299474,-182.63573591403474,-266.9875343951144,84.35179848107964,0.011109907609327419,0.009530886599161644,318.7749720982143,0.27871694841785866,307155.0,0.9604271459035341,-0.0011312238174179257,0.013161295867362366,0.023869464111237804,0.002758581406631766,230700.0,0
2024-11-28,24274.150390625,24345.75,23873.349609375,23914.150390625,366700,-0.014861029054492936,-0.0149725605075969,0.0197540110314851,-0.014830591151772578,24102.540234375,23992.11005859375,24691.7010546875,24059.503928666287,24377.53491851524,0.99675061227302,0.9685096355921219,0.9716669582810724,0.0012854580422536621,39.057630733991395,-174.49788731208173,-248.48960497850786,73.99171766642613,0.011655308078828959,0.009991991749445081,328.6929408482143,0.24305084745762717,308890.0,1.1871540030431544,0.003323085437806128,-0.0011312238174179257,0.013161295867362366,-0.007168807933116472,295000.0,1
2024-11-29,23927.150390625,24188.44921875,23927.150390625,24131.099609375,282100,0.009072001940535257,0.009031098528695802,0.010828301749808561,0.008523757130306257,24147.31015625,23981.62255859375,24665.95203125,24066.32256492426,24367.870788745036,1.0062329832110415,0.9783161654900902,0.972256109482851,0.02428148881873793,48.65456141566752,-148.82700970585574,-228.55708592397744,79.7300762181217,0.010851316422834607,0.010193442592326182,325.1215122767857,-0.2307062994273248,308735.0,0.9137286021992971,-0.014861029054492936,0.003323085437806128,-0.0011312238174179257,0.023869464111237804,366700.0,1
2024-12-02,24140.849609375,24301.69921875,24008.650390625,24276.05078125,220400,0.006006820004948565,0.005988850983542634,0.012071519818674173,0.0056005142346976546,24158.140234375,23985.1576171875,24643.92203125,24086.296680764804,24364.27000413739,1.0121280488836166,0.9850725363627787,0.9732686861601352,0.03158802802815441,52.43050089259457,-115.4554080162925,-205.93675034244046,90.48134232614797,0.010828023632532918,0.01021413586790085,331.0892857142857,-0.2187167671038639,305405.0,0.721664674776117,0.009072001940535257,-0.014861029054492936,0.003323085437806128,0.013161295867362366,282100.0,1
2024-12-03,24367.5,24481.349609375,24280.0,24457.150390625,339500,0.007460011144599932,0.007432322879372628,0.008232750183855516,0.003679096773366164,24210.6703125,23992.79765625,24624.7490234375,24121.616081703873,24367.912372234943,1.0193538386405738,0.9931938947823191,0.9743367387587984,0.04277982996159513,55.63142356286655,-73.54714260547917,-179.45882879504822,105.91168618956905,0.0106479798239306,0.010309126499053831,322.0248325892857,0.5403811252268602,320440.0,1.059480714018225,0.006006820004948565,0.009072001940535257,-0.014861029054492936,-0.0011312238174179257,220400.0,1
2024-12-04,24488.75,24573.19921875,24366.30078125,24467.44921875,348000,0.00042109681465385407,0.0004210081782723239,0.008456068944916772,-0.0008698190495635751,24249.180078125,24016.40263671875,24598.2790234375,24154.55257094636,24371.81577798063,1.0187807719937891,0.9946813431719006,0.9763448334672385,0.04034905367051467,61.4205396156079,-39.05332851460844,-151.37772873896026,112.32440022435182,0.01070831157970422,0.00983742868200776,308.0283203125,0.025036818851251752,323565.0,1.0755180566501321,0.007460011144599932,0.006006820004948565,0.009072001940535257,0.003323085437806128,339500.0,1
2024-12-05,24539.150390625,24857.75,24295.55078125,24708.400390625,361500,0.009847825562885104,0.009799651742121284,0.022753363627833745,0.006897141804251735,24408.030078125,24041.1576171875,24573.666015625,24207.299982344328,24385.015174554923,1.0277541865521682,1.0054828764627277,0.9783301198079721,0.0581801197124352,73.23467747985359,7.637967786096851,-119.57458943394883,127.21255722004568,0.010071716623993466,0.009871529213379028,322.18540736607144,0.0387931034482758,327165.0,1.104947045069002,0.00042109681465385407,0.007460011144599932,0.006006820004948565,-0.014861029054492936,348000.0,0
2024-12-06,24729.44921875,24751.05078125,24620.5,24677.80078125,226700,-0.0012384293961259507,-0.0012391968835286232,0.005290211328279766,-0.0020885397423586723,24517.3703125,24050.8451171875,24548.4140234375,24252.109582240104,24396.49696305277,1.0260679265534192,1.00527067686283,0.9797311180357741,0.03223084132428444,73.10911054527682,41.691430888800824,-87.3213853693989,129.01281625819973,0.008008426302409954,0.009588257177994462,317.8140345982143,-0.37289073305670817,320945.0,0.7063515555624795,0.009847825562885104,0.00042109681465385407,0.007460011144599932,0.009072001940535257,361500.0,0
2024-12-09,24633.900390625,24705.0,24580.05078125,24619.0,248100,-0.0023827399277279726,-0.002385583169878571,0.005075316574596856,-0.0006048733813452736,24585.96015625,24071.82763671875,24520.711015625,24287.051526788666,24405.22257234482,1.022730819260545,1.004008406783652,0.9816937046148372,0.01639423839463472,73.70700343336725,63.20571793919589,-57.215964707679944,120.42168264687584,0.007349418226805525,0.009188025943016723,308.42466517857144,0.09439788266431415,317240.0,0.7820577480771655,-0.0012384293961259507,0.009847825562885104,0.00042109681465385407,0.006006820004948565,226700.0,0
2024-12-10,24652.650390625,24677.80078125,24510.650390625,24610.05078125,261000,-0.0003635086213900074,-0.00036357470666444975,0.0067919563478653685,-0.0017279930839079248,24616.540234375,24094.92021484375,24488.591015625,24317.81336054689,24413.255051125416,1.0213792185993171,1.0049598511219981,0.9839243180414069,0.017175423391679878,72.72407164047048,78.62744996797846,-30.047281772548267,108.67473174052674,0.007321345506116388,0.009166487025002985,297.017578125,0.051995163240628806,315355.0,0.8276386929016505,-0.0023827399277279726,-0.0012384293961259507,0.009847825562885104,0.007460011144599932,248100.0,1
2024-12-11,24620.5,24691.75,24583.849609375,24641.80078125,187300,0.0012901233029631864,0.0012892918089711122,0.004378754279480323,0.0008651644462947544,24651.410546875,24119.94521484375,24457.848046875,24348.669305375755,24422.217628777362,1.0216358520617657,1.007521215031774,0.9861842778897131,0.015114393250680314,78.52002666370021,92.34672776866864,-5.568479864304887,97.91520763297353,0.00729970805816042,0.009162101433921032,287.28543526785717,-0.28237547892720305,311050.0,0.6021539945346407,-0.0003635086213900074,-0.0023827399277279726,-0.0012384293961259507,0.00042109681465385407,261000.0,0
2024-12-12,24604.44921875,24675.25,24527.94921875,24548.69921875,266100,-0.003778196379659149,-0.003785351792322941,0.006000349751219952,-0.002265850355126637,24619.4703125,24153.20771484375,24432.6050390625,24367.71977331616,24427.177691129233,1.016374284880728,1.0047516087417567,0.9885645708358952,0.026534450012230426,67.8115787030308,94.61616005959877,14.468448120475845,80.14771193912293,0.0049848998779044315,0.008817652967652917,254.50697544642858,0.4207154297917779,311565.0,0.8540753935775841,0.0012901233029631864,-0.0003635086213900074,-0.0023827399277279726,0.009847825562885104,187300.0,1
2024-12-13,24498.349609375,24792.30078125,24180.80078125,24768.30078125,310100,0.008945547808588916,0.008905773422254015,0.02468881516744642,0.011019157460782395,24637.5703125,24213.67021484375,24412.033046875,24405.870345500334,24440.5550672124,1.022905679373887,1.0145939395416559,0.9918743829467066,0.026405807534251258,66.017802074733,112.83403182531765,34.14156486144421,78.69246696387344,0.004967113468272377,0.00821431414033271,266.4497767857143,0.16535137166478764,311840.0,0.9944202154951257,-0.003778196379659149,0.0012901233029631864,-0.0003635086213900074,-0.0012384293961259507,266100.0,0
2024-12-16,24753.400390625,24781.25,24601.75,24668.25,187600,-0.004039468921733236,-0.004047649614185296,0.007276559950543715,-0.0034399472105355474,24647.4203125,24270.44775390625,24400.3960546875,24430.85888402411,24449.484280262895,1.0163903958479599,1.0109774425264317,0.9946743364128188,0.016155808137167105,63.320651183020566,117.84017636455246,50.88128716206586,66.9588892024866,0.005215474752828709,0.008307842728335735,263.70689174107144,-0.39503386004514673,308335.0,0.6084291436262507,0.008945547808588916,-0.003778196379659149,0.0012901233029631864,-0.0023827399277279726,310100.0,0
2024-12-17,24584.80078125,24624.099609375,24303.44921875,24336.0,264900,-0.013468730047733413,-0.01356025614827435,0.013175969371507232,-0.01012010564835457,24592.61015625,24314.55771484375,24386.8240625,24421.824704593244,24445.03391633102,1.0008818702526987,0.9979159212216505,0.9970366642466013,-0.0049535775300887375,51.50483975089786,93.9151878825869,59.48806730617008,34.427120576416826,0.006638868688597733,0.008964433990569497,271.6890345982143,0.4120469083155651,308415.0,0.8589076406789553,-0.004039468921733236,0.008945547808588916,-0.003778196379659149,-0.0003635086213900074,187600.0,0
2024-12-18,24297.94921875,24394.44921875,24149.849609375,24198.849609375,235300,-0.005635699812006956,-0.005651640286891943,0.010107902372360644,-0.0040785174288918095,24504.019921875,24348.5751953125,24374.8860546875,24400.588981239125,24435.379629783725,0.9938507454856609,0.992777958226449,0.9989205750822396,-0.010977834549633636,57.87983955542581,63.159508333952544,60.222355511726576,2.9371528222259684,0.006820850907133474,0.009115398456721734,255.41755022321428,-0.11174027935069841,305305.0,0.7707047051309346,-0.013468730047733413,-0.004039468921733236,0.008945547808588916,0.0012901233029631864,264900.0,0
2024-12-19,23877.150390625,24004.900390625,23870.30078125,23951.69921875,271100,-0.010213311567061067,-0.01026582529903898,0.0056196267390345314,0.0031221827942362196,24384.619921875,24378.66513671875,24353.65703125,24357.83757528778,24416.411770527502,0.9824860829920642,0.9834949711255185,1.0010268726966411,-0.030625259422383033,45.1162439533259,18.62771104987769,51.9034266193568,-33.27571556947911,0.006177998823304355,0.009292414991690819,245.43903459821428,0.1521461963450914,297845.0,0.9102049723849653,-0.005635699812006956,-0.013468730047733413,-0.004039468921733236,-0.003778196379659149,235300.0,0
2024-12-20,23960.69921875,24065.80078125,23537.349609375,23587.5,442700,-0.01520556915080562,-0.015322359236337606,0.022403865262321146,-0.015575472791627043,24148.459765625,24362.67763671875,24325.768046875,24284.47209192704,24383.905426585246,0.968181755376904,0.969650781613457,1.0015173041925183,-0.04418144027154969,33.254706226582854,-45.52708445531243,32.417324404422956,-77.94440885973539,0.007221157113822451,0.008405116175848307,262.2534877232143,0.632976761342678,301600.0,1.4678381962864722,-0.010213311567061067,-0.005635699812006956,-0.013468730047733413,0.008945547808588916,271100.0,1
2024-12-23,23738.19921875,23869.55078125,23647.19921875,23753.44921875,189800,0.0070354729729729115,0.007010839504245724,0.009360811579502516,0.0006424244678153404,23965.499609375,24339.255078125,24300.868046875,24233.8984849578,24359.181653728963,0.9759316438611346,0.9774732809104161,1.0015796567915167,-0.035157836681018684,32.759206462683665,-82.03387163794469,9.527085195949429,-91.56095683389411,0.008088792914626072,0.007981734079163685,267.7357700892857,-0.5712672238536255,276730.0,0.6858670906659922,-0.01520556915080562,-0.010213311567061067,-0.005635699812006956,-0.004039468921733236,442700.0,0
2024-12-24,23769.099609375,23867.650390625,23685.150390625,23727.650390625,177700,-0.0010861087115143775,-0.0010866989549987555,0.007691448457623404,-0.0017438278870963886,23843.8296875,24315.91259765625,24276.1360546875,24185.68438073563,24334.415721842535,0.9758075209117197,0.9774063853149071,1.0016385038738926,-0.035855285243754365,32.011432077634794,-111.75922256720514,-14.730176356681486,-97.02904621052366,0.00806003406628541,0.007981694189665205,265.99302455357144,-0.06375131717597471,274080.0,0.6483508464681844,0.0070354729729729115,-0.01520556915080562,-0.010213311567061067,-0.013468730047733413,189800.0,1
2024-12-26,23775.80078125,23854.5,23653.599609375,23750.19921875,177700,0.0009503186263191132,0.0009498673594489271,0.00845889286126054,-0.0010767907560947359,23754.099609375,24289.6775390625,24248.5810546875,24144.209603403666,24311.50527074087,0.9777898113532008,0.9794469690901292,1.001694799554758,-0.036182484000050086,23.93217889384222,-131.97593888566553,-38.1793288624783,-93.79661002318723,0.008037599528262723,0.007932092455040509,240.18596540178572,0.0,268215.0,0.6625281956639263,-0.0010861087115143775,0.0070354729729729115,-0.01520556915080562,-0.005635699812006956,177700.0,1
2024-12-27,23801.400390625,23938.849609375,23800.599609375,23813.400390625,176800,0.002661079652128029,0.002657545248501766,0.005805554760437618,0.000504172015220021,23726.43984375,24284.6400390625,24223.7020703125,24112.70396409141,24291.971746030442,0.9805951561283389,0.9830619746520765,1.002515634008919,-0.029952659469768883,26.893892327113903,-141.2695583145396,-58.79737475289056,-82.47218356164905,0.008283169192000775,0.0072595235600901075,244.3359375,-0.005064715813168252,258720.0,0.6833642547928263,0.0009503186263191132,-0.0010861087115143775,0.0070354729729729115,-0.010213311567061067,177700.0,0
2024-12-30,23796.900390625,23915.349609375,23599.30078125,23644.900390625,364900,-0.007075847935867907,-0.007101000468431965,0.01336646900192951,-0.006387386487522625,23737.919921875,24260.330078125,24197.1740625,24068.151242808897,24266.59639875964,0.9746322624004642,0.9771761086460549,1.002610057499354,-0.04535637711067497,25.40402401507896,-160.38257002303362,-79.11441380691917,-81.26815621611445,0.0071928456813992354,0.007072382949824608,257.9859095982143,1.0639140271493215,262860.0,1.3881914327018186,0.002661079652128029,0.0009503186263191132,-0.0010861087115143775,-0.01520556915080562,176800.0,0
2024-12-31,23560.599609375,23689.849609375,23460.44921875,23644.80078125,193600,-4.212721278373799e-06,-4.2127301519090045e-06,0.00970193797559552,0.0035738127751848685,23716.190234375,24228.767578125,24175.0730859375,24027.83215123186,24242.212256896517,0.9758977919536347,0.9780653277529922,1.0022210684533042,-0.041488521429367764,25.518065413560663,-173.53737629723037,-97.99900630498142,-75.53836999224895,0.007342054351955606,0.006884356710563645,262.43233816964283,-0.4694436832008769,261520.0,0.7402875497093913,-0.007075847935867907,0.002661079652128029,0.0009503186263191132,0.0070354729729729115,364900.0,1
2025-01-01,23637.650390625,23822.80078125,23562.80078125,23742.900390625,154900,0.004148887118253564,0.004140304217561321,0.010950641906523867,0.004452642215308486,23719.240234375,24193.055078125,24152.850078125,24000.695793078827,24222.631399395672,0.9813932268559574,0.9830268607566406,1.0016646068629562,-0.024371285723824743,27.943272472138958,-174.0406046667922,-113.2073259773436,-60.833278689448605,0.006968901073785707,0.006701061611050763,273.29659598214283,-0.199896694214876,252290.0,0.6139759800229894,-4.212721278373799e-06,-0.007075847935867907,0.002661079652128029,-0.0010861087115143775,193600.0,1
2025-01-02,23783.0,24226.69921875,23751.55078125,24188.650390625,283200,0.018774033191665485,0.018599976157659907,0.01964344557578778,0.01705631714354791,23806.93046875,24179.11513671875,24141.00109375,24018.596230940366,24221.29881081643,1.000394359092644,1.00197379125621,1.0015788095456661,-0.00042147535583880735,42.46869941717142,-136.89309863534436,-117.94448050894377,-18.94861812640059,0.009498345630224682,0.008066562547725219,297.33217075892856,0.828276307295029,249050.0,1.1371210600281068,0.004148887118253564,-4.212721278373799e-06,-0.007075847935867907,0.0009503186263191132,154900.0,0
2025-01-03,24196.400390625,24196.44921875,23976.0,24004.75,312300,-0.007602755327609123,-0.007631803596810856,0.009183566533706871,-0.007920615774702412,23845.200390625,24143.9326171875,24131.6541015625,24017.27754227938,24212.806700588335,0.994235296320848,0.9947411768365152,1.0005088136757356,0.0022149067907661912,33.78631032366164,-120.89900856215536,-118.5353861195861,-2.363622442569266,0.009215642856271605,0.007824929943073454,269.3999720982143,0.1027542372881356,246590.0,1.266474715114157,0.018774033191665485,0.004148887118253564,-4.212721278373799e-06,0.002661079652128029,283200.0,0
2025-01-06,24045.80078125,24089.94921875,23551.900390625,23616.05078125,278100,-0.016192595996625703,-0.016325128725884954,0.022783183907793114,-0.017872143411214764,23839.43046875,24090.8451171875,24115.2651171875,23979.06546980039,24189.404507673105,0.9802915035305774,0.9792988244785374,0.9989873634031667,0.001210419978802335,30.09683988390445,-137.99760491721463,-122.42782987911181,-15.569775038102819,0.009407036119305637,0.008501920502789723,295.01060267857144,-0.10951008645533145,249160.0,1.1161502648900306,-0.007602755327609123,0.018774033191665485,0.004148887118253564,-0.007075847935867907,312300.0,1
2025-01-07,23679.900390625,23795.19921875,23637.80078125,23707.900390625,262300,0.0038892874268343647,0.0038817437019732417,0.006639071149558284,0.001182437406328168,23852.050390625,24045.29013671875,24101.4351171875,23953.240224164638,24170.52199327906,0.9859685724657348,0.9836717305567477,0.9976704714804012,-0.001917566905990431,36.93036480224468,-142.49428444847217,-126.4411207929839,-16.053163655488277,0.00920220349484216,0.008609497445113915,284.9033203125,-0.05681409564904716,249870.0,1.0497458678512828,-0.016192595996625703,-0.007602755327609123,0.018774033191665485,-4.212721278373799e-06,278100.0,0
2025-01-08,23746.650390625,23751.849609375,23496.150390625,23688.94921875,266400,-0.0007993610384197103,-0.0007996806978147784,0.010794029586910168,-0.0024298657253058304,23841.26015625,23999.23505859375,24091.5980859375,23928.069652220387,24151.636786434785,0.9870710112598926,0.9832867514329598,0.9961661726625904,-0.001631057910828404,38.84096378332401,-145.9052318724098,-130.33394300886908,-15.571288863540701,0.009199549868890572,0.008605991515841528,285.69614955357144,0.015630956919557848,250140.0,1.0650035979851282,0.0038892874268343647,-0.016192595996625703,-0.007602755327609123,0.004148887118253564,262300.0,0
2025-01-09,23674.75,23689.5,23503.05078125,23526.5,269200,-0.006857594959147506,-0.006881216315863482,0.007925072524599919,-0.0062619457438832515,23708.830078125,23943.47001953125,24075.345078125,23889.824923437496,24127.121618339304,0.9825852301612457,0.977203023410714,0.9945224021435285,-0.009418835467005171,40.336364233601266,-159.87380092965395,-136.24191459302608,-23.631886336627872,0.009424819993198889,0.008640121454357597,289.39969308035717,0.010510510510510551,254235.0,1.0588628630991013,-0.0007993610384197103,0.0038892874268343647,-0.016192595996625703,0.018774033191665485,266400.0,0
2025-01-10,23551.900390625,23596.599609375,23344.349609375,23431.5,261000,-0.004037999702463213,-0.004046174437066828,0.010765422614856069,-0.005112130597874226,23594.180078125,23887.61005859375,24054.6380859375,23846.17493072916,24099.84233918874,0.9809059986547436,0.974094888324186,0.9930563067817929,-0.01603720528611907,45.96021720306545,-176.57426043684973,-144.30838376179082,-32.265876675058905,0.009378296385648022,0.00864265269883269,269.67103794642856,-0.03046062407132244,253980.0,1.0276399716513112,-0.006857594959147506,-0.0007993610384197103,0.0038892874268343647,-0.007602755327609123,269200.0,0
2025-01-13,23195.400390625,23340.94921875,23047.25,23085.94921875,316500,-0.014747275302477436,-0.014857097422370331,0.01272199015804222,-0.004718658442267607,23488.159765625,23803.49248046875,24029.540078125,23773.77248196924,24060.081824661735,0.969855546940958,0.9607320466264776,0.9905929286652462,-0.023639396345125574,34.18545076277806,-215.21172823665256,-158.48905265676316,-56.7226755798894,0.010169598249082661,0.008650277050237666,270.50306919642856,0.21264367816091956,254300.0,1.2445930003932364,-0.004037999702463213,-0.006857594959147506,-0.0007993610384197103,-0.016192595996625703,261000.0,1
2025-01-14,23165.900390625,23264.94921875,23134.150390625,23176.05078125,311200,0.003902874499386977,0.003895278043635164,0.0056437064864743695,0.00043816085081276436,23381.78984375,23728.88251953125,24008.9541015625,23716.846605710267,24025.413940606373,0.9767021587373019,0.9653086379027942,0.9883347029259795,-0.019824654237379447,37.3178067748173,-235.84310425374133,-173.9598629761588,-61.88324127758253,0.010344600615238493,0.008805574523806852,270.25306919642856,-0.016745655608214838,260480.0,1.1947174447174447,-0.014747275302477436,-0.004037999702463213,-0.006857594959147506,0.0038892874268343647,316500.0,1
2025-01-15,23250.44921875,23293.650390625,23146.44921875,23213.19921875,228000,0.0016028803979861728,0.0016015971562733668,0.0063412703474366935,-0.0016021195827029553,23286.63984375,23672.74248046875,23987.13109375,23668.880187904528,23993.562382886517,0.9805876627054133,0.9677355381944092,0.9868934466546871,-0.02230987634872761,37.73581034184359,-246.35620891951112,-188.4391321648293,-57.91707675468183,0.010207341780746528,0.008507029362737204,266.4174107142857,-0.26735218508997427,258635.0,0.8815512208324473,0.003902874499386977,-0.014747275302477436,-0.004037999702463213,-0.0007993610384197103,311200.0,1
2025-01-16,23377.25,23391.650390625,23272.05078125,23311.80078125,299400,0.004247650725383689,0.004238654922064901,0.005130432028708636,-0.002799697087980836,23243.7,23628.3900390625,23973.4601171875,23634.872625366002,23966.826633802735,0.9866013191212303,0.9724003405139198,0.9856061629636179,-0.03625045611122013,38.726584592207345,-243.91984196055637,-199.53527412397472,-44.38456783658165,0.007632425594351352,0.008592754513047406,265.6888950892857,0.3131578947368421,261840.0,1.1434463794683776,0.0016028803979861728,0.003902874499386977,-0.014747275302477436,-0.006857594959147506,228000.0,0
2025-01-17,23277.099609375,23292.099609375,23100.349609375,23203.19921875,272900,-0.004658651792672774,-0.004669537131428157,0.00826394663047374,-0.0031748109457432638,23198.03984375,23590.9650390625,23953.2580859375,23593.760872354953,23936.88046066341,0.9835629521865499,0.9686865617822635,0.9848749992349601,-0.033391340515939505,39.798119596275285,-247.89466665698637,-209.20715263057707,-38.6875140264093,0.007519187129674288,0.008393682509999598,256.81040736607144,-0.08851035404141616,261930.0,1.0418814186996526,0.004247650725383689,0.0016028803979861728,0.003902874499386977,-0.004037999702463213,299400.0,1
2025-01-20,23290.400390625,23391.099609375,23170.650390625,23344.75,301500,0.006100485537167577,0.006081952909099664,0.00944320323627368,0.00233356268949662,23249.8,23578.8275390625,23930.4720703125,23570.04555117829,23913.659658284454,0.9900725539183529,0.9755240068565496,0.9853055748245668,-0.011487982633633265,43.49484502905653,-236.89203489029023,-214.74412908251972,-22.147905807770513,0.006509071122400804,0.007900330496612784,256.17103794642856,0.10480029314767325,254870.0,1.1829560167928748,-0.004658651792672774,0.004247650725383689,0.0016028803979861728,-0.014747275302477436,272900.0,0
2025-01-21,23421.650390625,23426.30078125,22976.849609375,23024.650390625,312900,-0.013711845677293555,-0.013806721311582606,0.019520434154257738,-0.01695012919153244,23219.519921875,23542.38759765625,23906.9780859375,23518.10315493512,23878.796549748793,0.9780082965296693,0.9630932988627492,0.9847496205095152,-0.028819506946729967,35.79553267524987,-251.10712659142155,-222.0167285843001,-29.09039800712145,0.0073386745788915604,0.00822115059799999,269.70326450892856,0.037810945273631935,261025.0,1.198735753280337,0.006100485537167577,-0.004658651792672774,0.004247650725383689,0.003902874499386977,301500.0,1
2025-01-22,23099.150390625,23169.55078125,22981.30078125,23155.349609375,276000,0.0056764909144164655,0.0056604403518015324,0.008129870771797047,0.002432956095770906,23207.95,23513.77255859375,23887.12109375,23483.55519821511,23850.42608149884,0.9847568930793389,0.9693654383254051,0.9843703000587235,-0.022525254474041856,26.655988562956693,-248.95653851862153,-227.4046905711644,-21.551847947457134,0.007815338711077684,0.008378444067711764,248.59263392857142,-0.11792905081495686,265940.0,1.037828081522148,-0.013711845677293555,0.006100485537167577,-0.004658651792672774,0.0016028803979861728,312900.0,1
2025-01-23,23128.30078125,23270.80078125,23090.650390625,23205.349609375,275600,0.0021593282262408753,0.0021570002277194853,0.007763312928162864,0.0033313657087797434,23186.659765625,23486.530078125,23868.4020703125,23457.05942784938,23825.128964944968,0.988028011468076,0.9722204922229711,0.9840009401943807,-0.013650580860944062,30.777200515121606,-240.44588930467216,-230.01293031786597,-10.432958986806199,0.007746192374055221,0.008399226026358937,245.71414620535714,-0.0014492753623188692,270835.0,1.01759373788469,0.0056764909144164655,-0.013711845677293555,0.006100485537167577,0.004247650725383689,276000.0,0
2025-01-24,23183.900390625,23347.30078125,23050.0,23092.19921875,264300,-0.004876047658393667,-0.00488797436469754,0.012874511363499883,-0.003955381550555734,23164.459765625,23450.47001953125,23852.5770703125,23422.310836506582,23796.386621956928,0.9847222336915696,0.9681217736213129,0.9831419871489809,-0.014480540351663351,35.47885161371359,-240.06411963642677,-232.02316818157814,-8.040951454848624,0.007782939518817136,0.008388162900678401,228.51785714285714,-0.04100145137880984,275210.0,0.9603575451473421,0.0021593282262408753,0.0056764909144164655,-0.013711845677293555,-0.004658651792672774,275600.0,0
2025-01-27,22940.150390625,23007.44921875,22786.900390625,22829.150390625,257400,-0.011391241935562957,-0.011456619090824587,0.009660842578511832,-0.0048386779558935505,23061.33984375,23409.68251953125,23837.9790625,23365.81936547024,23758.455789355678,0.9752011959828205,0.9576797735567271,0.9820330179061818,-0.011123598414417013,27.752636534094947,-258.01319100447654,-237.22117274615783,-20.792018258318706,0.007183715626309395,0.008594216254960154,231.47502790178572,-0.026106696935300766,269835.0,0.9539162821724387,-0.004876047658393667,0.0021593282262408753,0.0056764909144164655,0.006100485537167577,264300.0,1
2025-01-28,22960.44921875,23137.94921875,22857.650390625,22957.25,361900,0.005611229817278129,0.005595545512054291,0.012209599500157903,-0.00013933606958297002,23047.859765625,23375.30498046875,23826.470078125,23326.907997330218,23727.035954478983,0.9821155282971471,0.9635187220232414,0.9810645430826759,-0.009440813851987917,32.44569190111147,-258.9167602343805,-241.56029024380237,-17.35646999057812,0.007334118089718117,0.008744180224821619,235.26785714285714,0.4059829059829059,278250.0,1.30062893081761,-0.011391241935562957,-0.004876047658393667,0.0021593282262408753,-0.013711845677293555,257400.0,1
2025-01-29,23026.75,23183.349609375,22976.5,23163.099609375,226300,0.008966649288351114,0.008926687592645893,0.0089301351228175,0.005921357090123444,23049.409765625,23346.31494140625,23820.6560546875,23311.307198477338,23704.920803690595,0.9921522804566341,0.9723955358826859,0.9800869836585416,-0.002158238030996351,41.45945811962203,-240.25301503434457,-241.29883520191083,1.0458201675662622,0.007956515156994394,0.008968587244775427,238.10002790178572,-0.3746891406465874,281820.0,0.802994819388262,0.005611229817278129,-0.011391241935562957,-0.004876047658393667,0.0056764909144164655,361900.0,1
2025-01-30,23169.5,23322.05078125,23139.19921875,23249.5,361900,0.003730087599762788,0.003723148074350194,0.007864752467795007,0.0034528151233302403,23058.23984375,23299.357421875,23815.2760546875,23305.420798622352,23687.06116433018,0.9978601374719377,0.9762431452237507,0.9783366511634052,-0.0026724997281252216,45.705323547901244,-216.00015769061793,-236.2390996996523,20.23894200903436,0.00792605761978962,0.007774222615040166,233.14299665178572,0.5992045956694654,285755.0,1.2664695280922469,0.008966649288351114,0.005611229817278129,-0.011391241935562957,0.0021593282262408753,226300.0,1
2025-01-31,23296.75,23546.80078125,23277.400390625,23508.400390625,304900,0.011135740150325812,0.011074194280356322,0.0114597499680342,0.009084974969684613,23141.480078125,23274.53994140625,23818.4460546875,23324.75218833689,23680.054859479,1.0100479085647878,0.9869829600406915,0.9771645004870412,0.013153409105256975,60.39367119872601,-173.88406840917378,-223.7680934415566,49.88402503238282,0.00849754531106648,0.008173466108242064,233.40025111607142,-0.15750207239568936,285385.0,1.0683813094591517,0.003730087599762788,0.008966649288351114,0.005611229817278129,-0.004876047658393667,361900.0,0
2025-02-01,23528.599609375,23632.44921875,23318.30078125,23482.150390625,281000,-0.0011166221250199504,-0.001117246011978889,0.013378180118692214,-0.0019741599381670064,23272.080078125,23267.844921875,23809.9440625,23339.74249331671,23672.2938999161,1.009210370340251,0.9862329087790145,0.9772322379589798,0.005885708376615728,57.775339073109215,-140.99956463129638,-207.21438767950457,66.21482304820819,0.008351746697886799,0.007342217685999181,243.0537109375,-0.0783863561823549,285530.0,0.9841347669246664,0.011135740150325812,0.003730087599762788,0.008966649288351114,-0.011391241935562957,304900.0,0
2025-02-03,23319.349609375,23381.599609375,23222.0,23361.05078125,329700,-0.005157091976693451,-0.005170435671733403,0.006831867747280338,0.0017882647918377199,23352.840234375,23250.50244140625,23792.7270703125,23341.771854072264,23660.088287419392,1.0047546645549852,0.9818567964997537,0.9772104884276669,0.01461044510634446,53.60200379899582,-123.28888732377163,-190.429287608358,67.14040028458638,0.007041764564745488,0.007350890861846366,243.93931361607142,0.17330960854092536,288900.0,1.1412253374870198,-0.0011166221250199504,0.011135740150325812,0.003730087599762788,0.005611229817278129,281000.0,1
2025-02-04,23509.900390625,23762.75,23423.150390625,23739.25,376700,0.016189306820631133,0.016059657410686868,0.014305405999557694,0.009755447941687466,23468.0703125,23253.01748046875,23783.6220703125,23379.626915589193,23663.192668304906,1.0209105127942926,0.9981343434493989,0.9776903371456583,0.02521665189579325,59.16506275765144,-77.83826073156888,-167.9110822330002,90.07282150143132,0.008374352933520906,0.008254457204407968,259.88560267857144,0.1425538368213528,294415.0,1.2794864392099587,-0.005157091976693451,-0.0011166221250199504,0.011135740150325812,0.008966649288351114,329700.0,0
2025-02-05,23801.75,23807.30078125,23680.44921875,23696.30078125,267000,-0.001809207062143936,-0.0018108456539069108,0.005353222162016652,-0.004430313684918126,23557.43046875,23261.50751953125,23772.050078125,23409.786331366413,23664.491025675303,1.0186915341300937,0.9968135143319126,0.9785234106054844,0.021156809965778622,60.87901518859925,-44.76789825070591,-143.28244543654137,98.51454718583545,0.008485171567746343,0.008105074135787791,255.25,-0.2912131669763738,294305.0,0.9072220995226041,0.016189306820631133,-0.005157091976693451,-0.0011166221250199504,0.003730087599762788,376700.0,0
2025-02-06,23761.94921875,23773.55078125,23556.25,23603.349609375,307000,-0.003922602634608197,-0.003930316218479903,0.009206353540757217,-0.006674520171512392,23576.4203125,23270.1,23765.8340625,23428.220929271993,23662.093323075293,1.014320935852231,0.9931631074803564,0.9791408935534808,0.022135197509034255,55.83036317407643,-25.762802915262,-119.7785169322855,94.0157140170235,0.008402623151436426,0.008101800240268738,255.02511160714286,0.14981273408239693,296605.0,1.03504661081236,-0.001809207062143936,0.016189306820631133,-0.005157091976693451,0.011135740150325812,267000.0,0
2025-02-07,23649.5,23694.5,23443.19921875,23559.94921875,368100,-0.0018387386257991967,-0.0018404311807618838,0.010666439851661661,-0.003786582433032411,23591.980078125,23293.8,23754.4110546875,23440.76648065085,23658.08767192528,1.011425753580352,0.9918136536624793,0.9806094517086918,0.032011652454009276,63.789267562294285,-14.041317184757645,-98.63107698277994,84.5897597980223,0.0071197356354405755,0.0072974926744114035,240.87151227678572,0.1990228013029316,299185.0,1.2303424302688972,-0.003922602634608197,-0.001809207062143936,0.016189306820631133,-0.0011166221250199504,307000.0,0
2025-02-10,23543.80078125,23568.599609375,23316.30078125,23381.599609375,234200,-0.007570033692307909,-0.0075988318246352615,0.010790486208815208,-0.006889336746519494,23596.08984375,23304.07744140625,23736.52203125,23435.131540529343,23647.245002805663,1.0033265495346755,0.9850474125312997,0.9817814678462826,0.018484339778283454,55.68853689102601,-18.92512122428161,-82.68988583108028,63.764764606798664,0.007805906106938216,0.007508376292718634,245.44642857142858,-0.3637598478674273,295335.0,0.7929977821795589,-0.0018387386257991967,-0.003922602634608197,-0.001809207062143936,-0.005157091976693451,368100.0,0
2025-02-11,23383.55078125,23390.05078125,22986.650390625,23071.80078125,268000,-0.013249684936046169,-0.013338245144624153,0.017484564575160323,-0.013332021424649305,23462.6,23297.00751953125,23708.8150390625,23400.528611074165,23624.678562744655,0.9903332332235183,0.9731317547181096,0.9826306157075855,-0.003941563506813517,47.03019879170087,-47.249089353827,-75.60172653562962,28.35263718180262,0.008683310143479636,0.008106248607986165,261.39285714285717,0.14432109308283514,297335.0,0.9013402391242201,-0.007570033692307909,-0.0018387386257991967,-0.003922602634608197,0.016189306820631133,234200.0,0
2025-02-12,23050.80078125,23144.69921875,22798.349609375,23045.25,279700,-0.0011507892904301098,-0.001151451956867338,0.015029110527115133,-0.00024080643890320378,23332.38984375,23283.67998046875,23680.3710546875,23366.692552876626,23601.95587400957,0.9897597810711728,0.9731794297808615,0.9832481056440108,-0.0087851351641971,48.91414136851254,-71.01979235442559,-74.68533969938882,3.6655473449632296,0.008562427035802646,0.008036521024648148,264.89634486607144,0.04365671641791047,296350.0,0.9438164332714696,-0.013249684936046169,-0.007570033692307909,-0.0018387386257991967,-0.001809207062143936,268000.0,0
2025-02-13,23055.75,23235.5,22992.19921875,23031.400390625,265700,-0.0006009745771905495,-0.0006011552347958088,0.010563872674847697,-0.0010561187285167473,23218.0,23275.0900390625,23646.8310546875,23334.759965995516,23579.58114917096,0.9895300233842913,0.9739740744694624,0.9842794573714642,-0.02029061918607722,55.28717133882583,-89.93903229245188,-77.73607821800144,-12.202954074450446,0.007478295230886313,0.007978707217886275,266.521484375,-0.05005362888809439,295990.0,0.8976654616710024,-0.0011507892904301098,-0.013249684936046169,-0.007570033692307909,-0.003922602634608197,279700.0,0
2025-02-14,23096.44921875,23133.69921875,22774.849609375,22929.25,254500,-0.004435266153706374,-0.00444513112662715,0.015650298608763914,-0.007239174176360645,23091.86015625,23254.3150390625,23611.8600390625,23296.13996923404,23554.07796685053,0.986021302346835,0.971090374162255,0.9848573979598181,-0.023545560411951882,49.25796333295376,-111.88560149839759,-84.56598287408067,-27.319618624316917,0.007506173030947784,0.007877149883863966,270.09654017857144,-0.04215280391418896,293640.0,0.8667075330336467,-0.0006009745771905495,-0.0011507892904301098,-0.013249684936046169,-0.0018387386257991967,265700.0,1
2025-02-17,22809.900390625,22974.19921875,22725.44921875,22959.5,207400,0.0013192755977626813,0.001318406118349223,0.010834295171933187,0.006558538477287095,23007.440234375,23251.05751953125,23578.6700390625,23264.07901978318,23530.761183836785,0.9874604619903273,0.9737402475187646,0.9861055556149477,-0.01718890066247758,44.050620774515664,-125.39205199880234,-92.73119669902502,-32.660855299777324,0.007518866299344348,0.0072756887642684,271.7144252232143,-0.1850687622789784,288365.0,0.7192273680925216,-0.004435266153706374,-0.0006009745771905495,-0.0011507892904301098,-0.007570033692307909,254500.0,0
2025-02-18,22963.650390625,22992.5,22801.5,22945.30078125,210600,-0.0006184463402948426,-0.0006186376571162799,0.008324144530547088,-0.0007990719708261758,22982.140234375,23240.555078125,23545.3750390625,23233.719187541927,23507.801952362795,0.9872957295605687,0.9745141346520513,0.9870539347777729,-0.03344457886201124,40.71939993993679,-135.67776084386423,-101.32050952799287,-34.357251315871366,0.004289767041859344,0.00714647074265539,272.2964564732143,0.015429122468659573,285095.0,0.7387011347094828,0.0013192755977626813,-0.004435266153706374,-0.0006009745771905495,-0.013249684936046169,207400.0,0
2025-02-19,22847.25,23049.94921875,22814.849609375,22932.900390625,207000,-0.0005404326900405598,-0.0005405787764224007,0.010251629988813323,0.0037488271290855575,22959.6703125,23226.9326171875,23511.19703125,23205.069778311743,23485.25679307896,0.987340892944903,0.9754033518643752,0.9879094027545824,-0.03221601538874164,29.334219843233626,-143.17938428122943,-109.69228447864019,-33.48709980258924,0.0043603345855626734,0.007119973197398533,267.853515625,-0.017094017094017144,281665.0,0.7349155912165161,-0.0006184463402948426,0.0013192755977626813,-0.004435266153706374,-0.0011507892904301098,210600.0,0
2025-02-20,22821.099609375,22923.849609375,22812.75,22913.150390625,240800,-0.0008612081186238907,-0.0008615791713867465,0.004848726931083943,0.0040335822035580254,22936.0203125,23217.98017578125,23478.4860546875,23177.267931865386,23462.821247884687,0.9868709602278747,0.975921119328321,0.9889044856512696,-0.02924157927465776,29.47180021984836,-149.00054926171288,-117.55393743525472,-31.446611826458152,0.004416684015880507,0.007048632037680921,253.35002790178572,0.16328502415458934,280490.0,0.8584976291489893,-0.0005404326900405598,-0.0006184463402948426,0.0013192755977626813,-0.0006009745771905495,207000.0,0
2025-02-21,22857.19921875,22921.0,22720.30078125,22795.900390625,242800,-0.005117148798882476,-0.005130286241460248,0.008804180370630993,-0.0026818171175896272,22909.350390625,23216.31767578125,23439.038046875,23140.947213652016,23436.667488776468,0.9818913020132034,0.9725612606215405,0.9904978877269477,-0.032429986203745154,29.553892050553344,-161.2165554514213,-126.28646103848806,-34.930094412933244,0.004445811892534546,0.006656891887985435,256.2857142857143,0.008305647840531671,279760.0,0.8678867600800686,-0.0008612081186238907,-0.0005404326900405598,-0.0006184463402948426,-0.004435266153706374,240800.0,0
2025-02-24,22609.349609375,22668.05078125,22518.80078125,22553.349609375,214300,-0.010640105330068539,-0.010697116011174177,0.006617642283076195,-0.002476851433920926,22828.1203125,23196.12265625,23396.7400390625,23084.985537054206,23402.027571937193,0.9722896340737441,0.9639526520241964,0.9914254130072158,-0.03542315384050576,2.4269889697989555,-188.29905503935152,-138.68897983866077,-49.610075200690744,0.0048669494050847945,0.0069184760033535785,238.25362723214286,-0.11738056013179576,272380.0,0.7867684852044937,-0.005117148798882476,-0.0008612081186238907,-0.0005404326900405598,0.0013192755977626813,242800.0,0
2025-02-25,22516.44921875,22625.30078125,22513.900390625,22547.55078125,250300,-0.00025711604818956513,-0.00025714910818764225,0.0049406869821815805,0.0013812818441240266,22748.5703125,23165.34521484375,23360.9710546875,23033.801274596663,23368.51867818475,0.9733310931538425,0.9651803740720666,0.9916259542728,-0.022722543635434245,2.5015505478602478,-207.83426402517216,-152.51803667596306,-55.3162273492091,0.003536894073567108,0.006526474976454628,237.14997209821428,0.16798880074661682,273580.0,0.914906060384531,-0.010640105330068539,-0.005117148798882476,-0.0008612081186238907,-0.0006184463402948426,214300.0,0
2025-02-27,22568.94921875,22613.30078125,22508.400390625,22545.05078125,289200,-0.00011087678764998277,-0.00011088293493540093,0.00465292323547314,-0.0010589078502664837,22671.000390625,23130.12275390625,23327.895078125,22987.25360856365,23336.225819481428,0.9747051937907488,0.966441708767411,0.991522067312271,-0.02170508971480023,2.703792606817103,-220.9705757488191,-166.20854449053428,-54.76203125828482,0.0035893079066680036,0.006425244289656428,229.12137276785714,0.15541350379544538,269945.0,1.0713293448665469,-0.00025711604818956513,-0.010640105330068539,-0.005117148798882476,-0.0005404326900405598,250300.0,0
2025-02-28,22433.400390625,22450.349609375,22104.849609375,22124.69921875,551300,-0.018644959666695105,-0.01882096814125905,0.015616031503253134,-0.013760783764373383,22513.31015625,23060.9376953125,23291.355078125,22905.10557143854,23288.714972393922,0.959401543470073,0.9499103484764305,0.9901071714359416,-0.03936804347529277,2.022396790907564,-262.2766930451362,-185.42217420145468,-76.85451884368152,0.006295112397898025,0.006802920905267701,235.84988839285714,0.9062932226832643,282265.0,1.9531291516837015,-0.00011087678764998277,-0.00025711604818956513,-0.010640105330068539,-0.0008612081186238907,289200.0,0
2025-03-03,22194.55078125,22261.55078125,22004.69921875,22119.30078125,282400,-0.00024400049223838316,-0.0002440302652016664,0.011612101351672332,-0.0033904718658947287,22377.990234375,22992.79521484375,23261.99109375,22830.267019992014,23242.855592349064,0.9620100807478232,0.950877364371143,0.988427651020012,-0.03532384263549837,2.2868178710800606,-292.080772060257,-206.75389377321517,-85.32687828704184,0.00640258571426909,0.006818648265281475,236.17508370535714,-0.4877562125884274,282335.0,1.000230222962084,-0.018644959666695105,-0.00011087678764998277,-0.00025711604818956513,-0.005117148798882476,551300.0,0
2025-03-04,21974.44921875,22105.05078125,21964.599609375,22082.650390625,253300,-0.0016569416451024388,-0.001658315891150207,0.006360249761261779,0.004923953760928664,22283.850390625,22928.8751953125,23228.5751171875,22759.065436242774,23197.357349144197,0.9630934881245069,0.9506674550297922,0.9870977913900002,-0.03819114568588167,2.8819119461279,-315.02666829506416,-228.408448677585,-86.61821961747916,0.006215155304220311,0.00680473574912894,217.39299665178572,-0.1030453257790368,278515.0,0.9094662765021633,-0.00024400049223838316,-0.018644959666695105,-0.00011087678764998277,-0.010640105330068539,282400.0,1
2025-03-05,22073.05078125,22394.900390625,22067.80078125,22337.30078125,305900,0.011531695069225467,0.01146571185468711,0.014643649766742114,0.011971612017694797,22241.800390625,22858.777734375,23200.768125,22718.89737386251,23163.629640599327,0.9771870150195825,0.9627828122285499,0.9852595229268944,-0.02649780039043259,22.297037027978874,-309.10018354831845,-244.5467956517317,-64.55338789658674,0.007875714408203574,0.006183275929897174,216.01799665178572,0.20765890248716934,274975.0,1.1124647695245022,-0.0016569416451024388,-0.00024400049223838316,-0.018644959666695105,-0.00025711604818956513,253300.0,1
2025-03-06,22476.349609375,22556.44921875,22245.849609375,22544.69921875,372100,0.009284847776867,0.00924200854408832,0.013777057141515562,0.0030409568529976517,22241.730078125,22801.19765625,23176.658125,22702.307073375603,23139.357859350333,0.9887506594448695,0.9727329581839789,0.9838000600981811,-0.016927696246990975,33.46015226236385,-284.38981235302344,-252.51539899199008,-31.874413361033362,0.008732679042980461,0.006765754150022901,220.82505580357142,0.2164105916966328,280230.0,1.327837847482425,0.011531695069225467,-0.0016569416451024388,-0.00024400049223838316,-0.00011087678764998277,305900.0,1
2025-03-07,22508.650390625,22633.80078125,22464.75,22552.5,289800,0.00034601398645017767,0.00034595413741610534,0.007495877674315486,0.0019481225490651207,22327.290234375,22748.65517578125,23151.4401171875,22688.039733054116,23116.34382565032,0.9913772847552729,0.9741294660653593,0.9826021647306845,-0.015739886679771553,36.31939381388316,-261.1666408341698,-254.24564736042603,-6.920993473743778,0.008753994959441463,0.006785414203404283,207.26799665178572,-0.22117710292932002,279370.0,1.0373340015033825,0.009284847776867,0.011531695069225467,-0.0016569416451024388,-0.018644959666695105,372100.0,0
2025-03-10,22521.849609375,22676.75,22429.05078125,22460.30078125,293900,-0.004088203913091726,-0.004096583464717347,0.011028312628688431,-0.002732849619037485,22395.490234375,22693.67275390625,23127.748125,22666.350309072775,23090.616647438543,0.9897164299852663,0.9711408417221338,0.9812314035613119,-0.014721928224998626,32.65342411458418,-247.35051375148396,-252.86662063863764,5.516106887153683,0.008713508726821695,0.0067965170700966275,207.19294084821428,0.014147688060731634,275660.0,1.0661684684031052,0.00034601398645017767,0.009284847776867,0.011531695069225467,-0.00024400049223838316,289800.0,1
2025-03-11,22345.94921875,22522.099609375,22314.69921875,22497.900390625,347900,0.0016740474556060647,0.0016726478000064651,0.009218655386678879,0.006799942593062955,22478.540234375,22649.48779296875,23104.8101171875,22650.307459696796,23067.372872661545,0.993307248105151,0.9737323213874404,0.9802931804282591,-0.002458580198080651,34.70215587881346,-230.70770444879236,-248.43483740066858,17.72713295187623,0.008117796464630232,0.0067384769012554515,208.36439732142858,0.18373596461381414,281345.0,1.2365600952567133,-0.004088203913091726,0.00034601398645017767,0.009284847776867,-0.0016569416451024388,293900.0,0
2025-03-12,22536.349609375,22577.400390625,22329.55078125,22470.5,369700,-0.0012179087892316698,-0.001218651042867137,0.011029999749671792,-0.0029219288179487117,22505.180078125,22619.42275390625,23079.362109375,22633.182939725673,23043.966093341485,0.9934161558618674,0.9736187635303977,0.9800714008780199,-0.00341725724436881,34.34980175230078,-217.22510490880813,-242.19289090229648,24.96778599348835,0.008123633170537036,0.006180019037489642,209.27511160714286,0.06266168439206665,286430.0,1.2907167545299025,0.0016740474556060647,-0.004088203913091726,0.00034601398645017767,0.011531695069225467,347900.0,0
2025-03-13,22541.5,22558.05078125,22377.349609375,22397.19921875,287500,-0.003262089461738671,-0.00326742167482874,0.00806802538612616,-0.006401560732426857,22475.680078125,22587.02021484375,23043.5330859375,22610.70829963275,23018.60268649476,0.9915960142467574,0.971951615892533,0.9801891112186985,-0.006558049655091658,33.14820839632813,-210.0336706691196,-235.76104685566114,25.727376186541534,0.008174806033787257,0.006195068493218021,214.24665178571428,-0.22234243981606705,286820.0,1.0023708249076075,-0.0012179087892316698,0.0016740474556060647,-0.004088203913091726,0.009284847776867,369700.0,1
2025-03-17,22353.150390625,22577.0,22353.150390625,22508.75,251100,0.004980568336268254,0.004968206335327962,0.00994500402621203,0.006960970004490244,22466.930078125,22560.8876953125,23013.6130859375,22600.997985382015,22998.60846349497,0.9976890228781498,0.9780624153168718,0.9803279307367152,0.017358463383065015,40.58616145692599,-193.10717216885678,-227.23027191830028,34.1230997494435,0.005234646469399418,0.006357156384161238,215.90025111607142,-0.12660869565217392,286090.0,0.8776958299835717,-0.003262089461738671,-0.0012179087892316698,0.0016740474556060647,0.00034601398645017767,287500.0,1
2025-03-18,22662.25,22857.80078125,22599.19921875,22834.30078125,272600,0.01446329899483545,0.014359703182661372,0.011325136030105477,0.0075919549581352245,22541.730078125,22556.140234375,22997.9780859375,22623.217299274205,22992.16502497556,1.0123319213298332,0.992882969795176,0.9807879697114475,0.03232471076147614,58.73522692631408,-151.6751560684388,-212.11924874832798,60.44409267988917,0.006507804438885629,0.007181047667100946,230.17173549107142,0.08562325766626833,286995.0,0.9498423317479399,0.004980568336268254,-0.003262089461738671,-0.0012179087892316698,-0.004088203913091726,251100.0,1
2025-03-19,22874.94921875,22940.69921875,22807.94921875,22907.599609375,324000,0.0032100316461272094,0.0032048904937790478,0.005795020092182495,0.001427342649497002,22623.669921875,22553.54521484375,22981.9720703125,22650.301328807614,22988.848734167692,1.015698392033649,0.9967638781950496,0.9813581334901117,0.03735734634010357,60.74355456661534,-111.63848302174665,-192.02309560301174,80.38461258126509,0.0062838152933012426,0.007214457203313537,231.69670758928572,0.18855465884079248,292825.0,1.1064629044651242,0.01446329899483545,0.004980568336268254,-0.003262089461738671,0.0016740474556060647,272600.0,1
2025-03-20,23036.599609375,23216.69921875,22973.94921875,23190.650390625,313700,0.012356195589090069,0.012280480863664548,0.010467580508140192,0.0066872187676217335,22767.7,22565.8126953125,22972.00609375,22701.763144218792,22996.762524617,1.027689571997657,1.0095178582132838,0.9823178961045108,0.038202897374749245,66.50136035743704,-56.41893631255152,-164.9022637449197,108.48332743236818,0.006400362135754146,0.007725374349534239,246.28236607142858,-0.03179012345679011,297980.0,1.0527552184710383,0.0032100316461272094,0.01446329899483545,0.004980568336268254,-0.0012179087892316698,324000.0,1
2025-03-21,23168.25,23402.69921875,23132.80078125,23350.400390625,541000,0.0068885519512889015,0.0068649342763162065,0.011558621393419963,0.007862069453886246,22958.340234375,22586.6876953125,22968.4841015625,22763.538120067,23010.630676225155,1.033812514062033,1.0166278404518878,0.9833773789962905,0.03573794283336085,86.14359088956132,0.23078189336956711,-131.87565461726186,132.10643651063143,0.0062151531828885,0.007847772900061771,240.88225446428572,0.7245776219317819,314680.0,1.7192068132706242,0.012356195589090069,0.0032100316461272094,0.01446329899483545,-0.003262089461738671,313700.0,1
2025-03-24,23515.400390625,23708.75,23433.5,23658.349609375,311900,0.013188177230298859,0.013101970335000056,0.011634370298210817,0.0060789617176576025,23188.26015625,22623.94765625,22973.02109375,22848.75826190586,23036.031418701623,1.0457215499629766,1.0298318846628076,0.9848050704312907,0.04903445779292759,88.51183663016481,69.17758389922528,-91.66500691396445,160.84259081318973,0.006776922836553549,0.008291216373125946,248.13211495535714,-0.42347504621072085,318235.0,0.9800933272581582,0.0068885519512889015,0.012356195589090069,0.0032100316461272094,0.004980568336268254,541000.0,1
2025-03-25,23751.5,23869.599609375,23601.400390625,23668.650390625,338200,0.00043539728764163677,0.0004353025297464832,0.011331411564397098,-0.003488184298886386,23355.130078125,22667.58515625,22984.6751171875,22926.843226545778,23060.840005835875,1.0441628531435774,1.029757883022068,0.9862042878865672,0.0537993511816075,90.21704461934978,123.22909982803685,-48.68618556556419,171.91528539360104,0.0062477142869426065,0.00814554850408091,257.25697544642856,0.08432189804424506,323005.0,1.0470426154393895,0.013188177230298859,0.0068885519512889015,0.012356195589090069,0.01446329899483545,311900.0,0
2025-03-26,23700.94921875,23736.5,23451.69921875,23486.849609375,278600,-0.007681079328545448,-0.007710730752587225,0.012125967764374796,-0.009033376992581554,23470.980078125,22714.26015625,22990.89109375,22980.177167767608,23077.546264798195,1.034013410421929,1.021571957067807,0.9879678027105612,0.04395740053867869,80.26799333102258,149.6702069679559,-9.014907058860175,158.68511402681605,0.007434902092084193,0.00792733560181069,254.23563058035714,-0.17622708456534597,326220.0,0.8540248911777328,0.00043539728764163677,0.013188177230298859,0.0068885519512889015,0.0032100316461272094,338200.0,1
2025-03-27,23433.94921875,23646.44921875,23412.19921875,23591.94921875,510300,0.004474827877002596,0.004464845602965276,0.009929234665096128,0.006742354800085546,23551.23984375,22766.480078125,22998.46609375,23038.441172623072,23097.71892965905,1.036258092502325,1.025805335128906,0.9899129787752218,0.049907621937651525,79.14448094655208,177.06454513919743,28.20098338075135,148.86356175844608,0.007178827935025445,0.007926017031460767,248.78208705357142,0.8316582914572865,339220.0,1.5043334709038383,-0.007681079328545448,0.00043539728764163677,0.013188177230298859,0.012356195589090069,278600.0,0
2025-03-28,23600.400390625,23649.19921875,23450.19921875,23519.349609375,295400,-0.0030773044101545244,-0.003082049047667123,0.008461118326192023,-0.003434296872446136,23585.0296875,22815.19501953125,23002.6170703125,23084.241976123256,23114.253466118502,1.0308634043776943,1.022464076043304,0.9918521422928377,0.05010226411191554,75.97031885615117,190.7180942959967,60.70440556380042,130.01368873219627,0.007155682047320438,0.00800036735324957,250.92131696428572,-0.421124828532236,339530.0,0.8700262127057992,0.004474827877002596,-0.007681079328545448,0.00043539728764163677,0.0068885519512889015,510300.0,0
2025-04-01,23341.099609375,23565.150390625,23136.400390625,23165.69921875,314300,-0.015036571865236992,-0.015150767296533939,0.0185079671436369,-0.007514658416287726,23486.499609375,22867.24501953125,23001.8670703125,23091.999808754375,23116.270946613855,1.013051602804091,1.0071225587008523,0.9941473424583432,0.029186392791692217,66.61401052141545,171.03046667045055,82.76961778513045,88.2608488853201,0.009556457483976415,0.00752269274306418,263.853515625,0.06398104265402837,327680.0,0.95916748046875,-0.0030773044101545244,0.004474827877002596,-0.007681079328545448,0.013188177230298859,295400.0,1
2025-04-02,23192.599609375,23350.0,23158.44921875,23332.349609375,341000,0.0071938424586863725,0.007168090205371445,0.008209665312619626,0.006025628965866755,23419.239453125,22927.8974609375,23001.6190625,23114.89026595634,23124.74461966331,1.017640176083593,1.0143785768287152,0.9967949385927057,0.021811433286101023,68.52723330442325,166.95067029948768,99.6058282880019,67.34484201148578,0.008840059877165468,0.007573230832135563,262.72140066964283,0.08495068405981554,330610.0,1.0314267566014337,-0.015036571865236992,-0.0030773044101545244,0.004474827877002596,0.00043539728764163677,314300.0,0
2025-04-03,23150.30078125,23306.5,23145.80078125,23250.099609375,283200,-0.0035251486188494496,-0.003531376595912815,0.00691176474294339,0.004310908487453845,23371.889453125,22986.269921875,23006.128046875,23127.76734628193,23129.66050161279,1.0114777077097197,1.0106046337742234,0.9991368332402766,0.014951370106007555,66.89783867856875,155.29042333877078,110.74274729815569,44.54767604061509,0.009006486173024948,0.007640846551218064,256.49637276785717,-0.16950146627565987,332105.0,0.8527423555803134,0.0071938424586863725,-0.015036571865236992,-0.0030773044101545244,-0.007681079328545448,341000.0,0
2025-04-04,23190.400390625,23214.69921875,22857.44921875,22904.44921875,466800,-0.014866619775066536,-0.014978235581472139,0.015597406276311968,-0.012330583649198193,23234.389453125,23014.62734375,23001.1100390625,23106.49895318365,23120.828686598565,0.9952126913308497,0.9957975584592074,1.0005876805364846,-0.012341230929456826,59.833657194178684,116.81196024745441,111.95658988801544,4.855370359438965,0.009487959589906407,0.0082825777296223,269.1070033482143,0.6483050847457628,340150.0,1.3723357342348963,-0.0035251486188494496,0.0071938424586863725,-0.015036571865236992,0.004474827877002596,283200.0,0
2025-04-07,21758.400390625,22254.0,21743.650390625,22161.599609375,647100,-0.03243254628305536,-0.032970136904421674,0.02302855472396078,0.018530738083288773,22962.839453125,22995.47236328125,22980.2350390625,23016.50853948759,23083.211860040778,0.9637375244686096,0.9643765423505913,1.000663062157234,-0.05091136603067814,44.593432946960945,26.07516750214927,94.78030541084222,-68.70513790869295,0.013301951390068921,0.011054368423462604,289.5712890625,0.38624678663239065,353900.0,1.8284826222096637,-0.014866619775066536,-0.0035251486188494496,0.0071938424586863725,-0.0030773044101545244,466800.0,1
2025-04-08,22446.75,22697.19921875,22270.849609375,22535.849609375,468300,0.016887318902814252,0.01674631338889978,0.01891872801625535,0.003969376830721597,22836.86953125,22994.63984375,22969.108046875,22970.73149852449,23061.74667374016,0.9800479486744517,0.9811373416583782,1.0011115711077196,-0.04744625126155,45.42133476360128,-15.45736433536149,72.73277146160147,-88.19013579696296,0.013896490740804894,0.011735598918645361,302.89620535714283,-0.27630968938340283,362825.0,1.2907048852752705,-0.03243254628305536,-0.014866619775066536,-0.0035251486188494496,-0.015036571865236992,647100.0,0
2025-04-09,22460.30078125,22468.69921875,22353.25,22399.150390625,383800,-0.006065856008070525,-0.006084328049671031,0.005154178472694233,-0.0027225989188910922,22650.2296875,22991.58232421875,22960.508046875,22916.295202534064,23035.76250577486,0.9742326593603043,0.9755511657188091,1.0013533793451048,-0.053636349307979114,42.34851094497474,-58.72572593927907,46.44107198142537,-105.16679792070444,0.01377279477838315,0.011780121625205933,301.66043526785717,-0.18043988896006835,367320.0,1.0448655123597952,0.016887318902814252,-0.03243254628305536,-0.014866619775066536,0.0071938424586863725,468300.0,1
2025-04-11,22695.400390625,22923.900390625,22695.400390625,22828.55078125,402200,0.019170387409190415,0.018988950673859396,0.010009395786423559,0.005866844749740642,22565.919921875,23008.11484375,22957.9340625,22907.9385909832,23027.636555793495,0.9921956203835284,0.9943643325702665,1.0021857707715942,-0.028028400533643083,44.780772455248275,-57.7020381894763,25.612449947245036,-83.31448813672134,0.01574599940151414,0.012532410169916262,317.0640345982143,0.04794163626889003,370035.0,1.086924209872039,-0.006065856008070525,0.016887318902814252,-0.03243254628305536,-0.0035251486188494496,383800.0,1
2025-04-15,23368.349609375,23368.349609375,23207.0,23328.55078125,388300,0.02190239778210845,0.02166598602930882,0.0069164008895350034,-0.0017031082121877089,22650.740234375,23051.0173828125,22961.2430859375,22947.996894818134,23039.437113654538,1.0120399630883292,1.0159968558295285,1.0039098186687454,-0.011164759429486248,49.71319576369607,-16.35639065684518,17.218681826426995,-33.57507248327217,0.017477356289100812,0.013362399393499463,336.34263392857144,-0.03455992043759326,370965.0,1.0467294758265604,0.019170387409190415,-0.006065856008070525,0.016887318902814252,-0.014866619775066536,402200.0,1
2025-04-16,23344.099609375,23452.19921875,23273.05078125,23437.19921875,348400,0.004657316201027051,0.004646504460063537,0.007643764761647774,0.003988143082529136,22905.86015625,23103.0173828125,22964.9970703125,22994.587592335454,23055.03562757985,1.0144648567068175,1.0205618205389597,1.006010029614958,-0.0034928853046282127,46.93684758984614,24.890432374781085,18.753031936097813,6.137400438683272,0.0175518100308718,0.013319249895162505,323.5425502232143,-0.10275560133917072,374010.0,0.9315258950295446,0.02190239778210845,0.019170387409190415,-0.006065856008070525,-0.03243254628305536,388300.0,1
2025-04-17,23401.849609375,23872.349609375,23298.55078125,23851.650390625,505300,0.017683476937954135,0.017528943393621495,0.024056986360597263,0.01922073634170376,23169.0203125,23170.16240234375,22971.8620703125,23076.212620743983,23086.275422209073,1.0294123095232304,1.0382985200598729,1.0086323142383622,0.029610639652948745,52.279521674140504,89.98429965881951,32.99928548064216,56.98501417817735,0.01753214614285421,0.013742609008305758,345.37109375,0.4503444316877152,386720.0,1.3066301199834505,0.004657316201027051,0.02190239778210845,0.019170387409190415,0.016887318902814252,348400.0,1
2025-04-21,23949.150390625,24189.55078125,23903.650390625,24125.55078125,406100,0.011483498464016417,0.011418063566753105,0.011850522842661785,0.0073656220679148895,23514.300390625,23234.72490234375,22984.730078125,23176.149588411223,23127.031318642054,1.0383402808791762,1.0496338525293685,1.0108765612373527,0.03399576918546976,57.777468067466316,161.807910034815,58.761010391476724,103.04689964333826,0.017697351708767902,0.013628746275427844,349.16392299107144,-0.19631901840490795,393395.0,1.032295784135538,0.017683476937954135,0.004657316201027051,0.02190239778210845,-0.006065856008070525,505300.0,1
2025-04-22,24185.400390625,24242.599609375,24072.0,24167.25,440900,0.0017284255654137493,0.0017269335569158489,0.0070591237883913145,-0.0007504688916390918,23782.040234375,23297.707421875,23000.8540625,23270.54010380063,23167.82420810707,1.037323096319278,1.0507109837891482,1.0129061885514496,0.03944715962658418,57.115305271559166,219.56243806404382,90.92129592599015,128.64114213805368,0.01754788759808942,0.013630158952585649,344.61746651785717,0.08569317901994578,399240.0,1.1043482616972247,0.011483498464016417,0.017683476937954135,0.004657316201027051,0.019170387409190415,406100.0,1
2025-04-23,24357.599609375,24359.30078125,24119.94921875,24328.94921875,415000,0.006690840652122221,0.006668556323176313,0.009838138110606721,-0.0011762403145001508,23982.119921875,23354.62236328125,23012.648046875,23371.340971891048,23213.35852224993,1.0417188015422854,1.0571990311238322,1.0148602766491572,0.06219315672668002,59.79718087754038,275.20865909191707,127.77876855917555,147.42989053274152,0.016251907416213945,0.013478967314476687,347.49972098214283,-0.058743479246994745,404305.0,1.0264528017214727,0.0017284255654137493,0.011483498464016417,0.017683476937954135,0.02190239778210845,440900.0,0
2025-04-24,24277.900390625,24347.849609375,24216.150390625,24246.69921875,358800,-0.0033807460922566923,-0.0033864737270896763,0.005431634943867198,-0.0012851676369447684,24144.019921875,23399.4373046875,23023.656015625,23454.708423972854,23253.881686818564,1.036208644807573,1.0531211551412591,1.0163215298563997,0.09408615109592278,64.00114544523618,309.10859113264814,164.04473307387008,145.06385805877807,0.009758464698167596,0.013494984276854253,326.2818080357143,-0.13542168674698796,395195.0,0.9079062235099128,0.006690840652122221,0.0017284255654137493,0.011483498464016417,0.004657316201027051,415000.0,0
2025-04-25,24289.0,24365.44921875,23847.849609375,24039.349609375,387700,-0.00855166336268387,-0.008588438645809417,0.021531348301251196,-0.010278331369138293,24181.559765625,23418.4873046875,23032.376015625,23510.388536868297,23284.68435044823,1.0265116314563676,1.0437199181303256,1.0167638496697242,0.06671592267701931,59.0615521873351,315.6050523411068,194.35679692731742,121.24825541378937,0.010758993093113478,0.013417296871739504,349.57101004464283,0.08054626532887399,398985.0,0.9717157286614785,-0.0033807460922566923,0.006690840652122221,0.0017284255654137493,0.017683476937954135,358800.0,1
2025-04-28,24070.25,24355.099609375,24054.05078125,24328.5,320500,0.012028211882747275,0.011956447831200931,0.012374327563351625,0.010729011954591248,24222.149609375,23451.47978515625,23047.74703125,23588.30391430941,23325.61829748948,1.0373972228140105,1.0555695516361512,1.017517232958121,0.0861349460014571,63.12561956358951,340.16436163017715,223.51830986788937,116.64605176228778,0.009900406377775029,0.013646239969512614,360.6460658482143,-0.17332989424812995,398100.0,0.805074101984426,-0.00855166336268387,-0.0033807460922566923,0.006690840652122221,0.011483498464016417,387700.0,1
2025-04-29,24370.69921875,24457.650390625,24290.75,24335.94921875,357600,0.0003061930965739812,0.00030614622903455367,0.00685818289333087,-0.0014258926134242597,24255.889453125,23493.934765625,23066.8340234375,23659.50822901804,23365.23911793107,1.0358396522985578,1.0550190457009831,1.0185157937909266,0.06603128038850747,68.98643411655966,356.1237084477689,250.0393895838653,106.08431886390358,0.009401573687438656,0.013482070347425013,347.04966517857144,0.11575663026521066,402050.0,0.8894416117398334,0.012028211882747275,-0.00855166336268387,-0.0033807460922566923,0.0017284255654137493,320500.0,0
2025-04-30,24342.05078125,24396.150390625,24198.75,24334.19921875,424500,-7.191007773188485e-05,-7.191266338548166e-05,0.008112056158104392,-0.00032255139760236794,24256.939453125,23531.047265625,23092.0819921875,23723.764513754417,23403.237553257302,1.0341315855626314,1.0537897460689223,1.0190093415390613,0.04310805445781374,85.86689950880026,364.4294792199762,272.9174075110875,91.5120717088887,0.007865810259187013,0.0134726062120459,324.69614955357144,0.18708053691275173,397760.0,1.0672264682220434,0.0003061930965739812,0.012028211882747275,-0.00855166336268387,0.006690840652122221,357600.0,1
2025-05-02,24311.900390625,24589.150390625,24238.5,24346.69921875,421100,0.0005136803511647248,0.0005135484625769229,0.01440237904425892,0.0014313495681488931,24276.939453125,23572.41474609375,23118.1109765625,23783.091628515904,23440.23604994329,1.0328470579275109,1.0531439719894529,1.0196514226439968,0.038805831341502284,83.9498578152543,367.7809579820205,291.8901176052741,75.89084037674638,0.007949077003213194,0.01343148573881176,311.48549107142856,-0.008009422850412284,404045.0,1.0422106448539148,-7.191007773188485e-05,0.0003061930965739812,0.012028211882747275,-0.0033807460922566923,424500.0,1
2025-05-05,24419.5,24526.400390625,24400.650390625,24461.150390625,291500,0.004700890697612925,0.004689876016656186,0.005140804826914234,0.001705620124285919,24361.299609375,23637.1873046875,23146.7059765625,23847.668653478675,23480.271906440612,1.034858761971823,1.056787536653961,1.0211901135574817,0.02555378726495028,88.98363914847359,375.34553245533607,308.5812005752865,66.76433188004955,0.006365695040452988,0.012838804905271315,316.07491629464283,-0.30776537639515555,402905.0,0.7234956131097902,0.0005136803511647248,-7.191007773188485e-05,0.0003061930965739812,-0.00855166336268387,421100.0,0
2025-05-06,24500.75,24509.650390625,24331.80078125,24379.599609375,302400,-0.0033338898599493128,-0.0033394596535795407,0.0072950176469103786,-0.004944762532779609,24371.51953125,23689.5498046875,23175.71296875,23898.32874451642,23515.539659496862,1.0291288694963279,1.051946045511019,1.0221713496637777,0.010530280963468863,83.76470148054358,370.48927597482543,320.9628156551943,49.526460319631155,0.005755910932265893,0.012862202013655961,291.2963169642857,0.03739279588336197,400975.0,0.7541617307812207,0.004700890697612925,0.0005136803511647248,-7.191007773188485e-05,0.012028211882747275,291500.0,1
2025-05-07,24233.30078125,24449.599609375,24220.0,24414.400390625,330100,0.0014274549954715887,0.001426437150093386,0.009404269844905347,0.00747317136075503,24387.209765625,23747.76484375,23204.8109765625,23947.47842509819,23550.789099933263,1.0280715069928128,1.0521266652542103,1.0233983318259259,0.010226665864961904,79.64129003364239,365.2385473108952,329.81796198633447,35.42058532456076,0.005752753379266918,0.012793616720663537,269.1392299107143,0.09160052910052907,403320.0,0.8184568084895368,-0.0033338898599493128,0.004700890697612925,0.0005136803511647248,0.0003061930965739812,302400.0,0
2025-05-08,24431.5,24447.25,24150.19921875,24273.80078125,411400,-0.005758880297096702,-0.005775526588332327,0.012237505940126741,-0.006454749759531752,24375.130078125,23816.232421875,23231.3809765625,23978.556744731693,23579.142499200585,1.0192124577586306,1.0448711940861013,1.0251750615214197,-0.002266782547990065,72.44582692283507,345.74654265470235,333.00367812000803,12.74286453469432,0.005740423107246431,0.012289624977042314,277.56082589285717,0.2462890033323235,400550.0,1.0270877543377857,0.0014274549954715887,-0.0033338898599493128,0.004700890697612925,-7.191007773188485e-05,330100.0,0
2025-05-09,23935.75,24164.25,23935.75,24008.0,335600,-0.0109501096942064,-0.011010503428714508,0.009517660779740087,0.0030184974358438738,24307.390234375,23908.55244140625,23252.88296875,23981.360864281058,23595.960440408406,1.0041594972693337,1.0324741251338518,1.0281973411012053,-0.009844606748180107,54.55842743336123,305.3314163695977,327.469225769926,-22.137809400328308,0.006642139788501552,0.009603291619675306,252.89662388392858,-0.18424890617403988,384975.0,0.8717449185012014,-0.005758880297096702,0.0014274549954715887,-0.0033338898599493128,0.0005136803511647248,411400.0,1
2025-05-12,24420.099609375,24944.80078125,24378.849609375,24924.69921875,368700,0.038183073090219954,0.0374721401846667,0.022706439379988758,0.02066329038155445,24400.1,24027.994921875,23293.1139453125,24071.20261232572,23648.06784348063,1.0373191479268478,1.0700458202912728,1.031549280112906,0.03682918314186523,66.94726831725163,343.3145865437182,330.6382979246845,12.676288619033699,0.01336015435194037,0.011895652980824487,295.6752232142857,0.09862932061978547,379995.0,0.9702759246832195,-0.0109501096942064,-0.005758880297096702,0.0014274549954715887,0.004700890697612925,335600.0,0
2025-05-13,24864.05078125,24973.80078125,24547.5,24578.349609375,423000,-0.01389583907654357,-0.013993290077199355,0.01734456495351481,-0.011490532029095094,24439.85,24136.9548828125,23328.7629296875,24119.50232633041,23684.54948135884,1.0182870924980187,1.0535642067028472,1.034643583783713,0.010269832064245588,57.72046929572629,341.5320349460235,332.8170453289523,8.714989617071183,0.014062029212315749,0.012405377569982765,313.93959263392856,0.14727420667209112,381955.0,1.107460302915265,0.038183073090219954,-0.0109501096942064,-0.005758880297096702,-0.0033338898599493128,368700.0,1
2025-05-14,24613.80078125,24767.55078125,24535.55078125,24666.900390625,345500,0.0036027960647213586,0.003596321541244558,0.009405316287253296,0.0021573104392495763,24490.35,24228.87236328125,23371.0339453125,24171.635475310846,23723.0730464281,1.018078762427573,1.0554475445264762,1.0367051975524944,0.013599271139997926,56.526038755462224,343.30722595984116,334.9150814551301,8.392144504711041,0.014081902585365343,0.011937095580999679,313.4144810267857,-0.18321513002364065,379120.0,0.9113209537877189,-0.01389583907654357,0.038183073090219954,-0.0109501096942064,0.0014274549954715887,423000.0,1
2025-05-15,24694.44921875,25116.25,24494.44921875,25062.099609375,500800,0.01602143814146184,0.015894449466611917,0.024810402597610078,0.014887976944464525,24648.009765625,24315.5498046875,23421.324921875,24256.441583316955,23775.583892033865,1.0307025673153227,1.0700547340072788,1.0381799443795476,0.029912650261535445,64.04796467121199,372.3115756748266,342.39438029906944,29.91719537575716,0.014790019753680137,0.011547714589567423,348.42173549107144,0.4494934876989869,384745.0,1.301641346866106,0.0036027960647213586,-0.01389583907654357,0.038183073090219954,-0.005758880297096702,345500.0,0
2025-05-16,25064.650390625,25070.0,24953.05078125,25019.80078125,432700,-0.0016877607536591732,-0.0016891866264205442,0.0046742665847940125,-0.0017893570696591572,24850.369921875,24394.6798828125,23470.819921875,24329.142459310577,23824.37671121881,1.0256252962301806,1.0659960267485729,1.0393620659189862,0.027646522284286768,67.91007127765317,387.4186488412706,351.3992340075097,36.01941483376095,0.014846590532015067,0.011603797657663156,319.80385044642856,-0.13598242811501593,388960.0,1.1124537227478404,0.01602143814146184,0.0036027960647213586,-0.01389583907654357,-0.0109501096942064,500800.0,0
2025-05-19,25005.349609375,25062.94921875,24916.650390625,24945.44921875,255300,-0.0029717088137536374,-0.002976133107706799,0.005864750193194995,-0.0023955030247824315,24854.519921875,24449.36982421875,23527.234921875,24387.83834116195,23868.340338965132,1.0202900687460603,1.0602796844416418,1.0391943594479254,0.019798693863172234,62.22964371664587,388.908468714224,358.90108094885255,30.007387765371448,0.014931656371506624,0.01117532845352821,307.7001953125,-0.409983822509822,376460.0,0.678159698241513,-0.0016877607536591732,0.01602143814146184,0.0036027960647213586,0.038183073090219954,432700.0,0
2025-05-20,24996.19921875,25010.349609375,24669.69921875,24683.900390625,414800,-0.010484831354666824,-0.010540184450815589,0.013800509045741401,-0.012493852581025209,24875.630078125,24477.2873046875,23578.5269140625,24416.0347268251,23900.32308608905,1.0084410124114502,1.0468805146560383,1.0381177498450496,0.012481779279631233,56.26611365255923,364.77940718347236,360.07674619577654,4.702660987695822,0.015382465168766957,0.01130426751728708,320.1109095982143,0.6247551899725812,376895.0,1.1005717772854509,-0.0029717088137536374,-0.0016877607536591732,0.01602143814146184,-0.01389583907654357,255300.0,1
2025-05-21,24744.25,24946.19921875,24685.349609375,24813.44921875,332700,0.00524831270888626,0.0052345883147392296,0.010512428444566745,0.0027965777402830963,24904.93984375,24509.597265625,23633.142890625,24453.88372605604,23936.131954036537,1.0123972642158081,1.0499428422866777,1.0370858154184681,0.01634481378777708,58.250839287251445,352.05222096640136,358.47184114990154,-6.419620183500172,0.015434630765534701,0.011340938477700593,324.7465122767857,-0.1979267116682739,371485.0,0.8955947077270953,-0.010484831354666824,-0.0029717088137536374,-0.0016877607536591732,0.0036027960647213586,414800.0,0
2025-05-22,24733.94921875,24737.5,24462.400390625,24609.69921875,403300,-0.008211272774042211,-0.008245170966734258,0.011178503521302815,-0.005023459816348702,24814.459765625,24523.634765625,23678.590859375,24468.723296788798,23962.54635657432,1.0035094493107375,1.0393227943717076,1.0356880994848316,0.013837900398336433,54.24810208366984,321.81522639785544,351.14051819949236,-29.325291801636922,0.015585158797983467,0.011460381448252635,319.3500279017857,0.21220318605350164,370900.0,1.0873550822324076,0.00524831270888626,-0.010484831354666824,-0.0029717088137536374,0.01602143814146184,332700.0,1
2025-05-23,24639.5,24909.05078125,24614.05078125,24853.150390625,270500,0.009892488718005854,0.009843878373448323,0.0118697225648817,0.0086710521976907,24781.1296875,24553.95732421875,23724.7598828125,24505.335400963675,23997.472004968466,1.0121851261063788,1.0475617251085423,1.0349507200705945,0.03520286532093464,56.07846177701969,313.8784697042902,343.68810850045196,-29.809638796161778,0.015132504830390532,0.011600744226993415,327.896484375,-0.3292834118522192,366485.0,0.7380929642413742,-0.008211272774042211,0.00524831270888626,-0.010484831354666824,-0.0016877607536591732,403300.0,1
2025-05-26,24919.349609375,25079.19921875,24900.5,25001.150390625,302800,0.005954979456279652,0.0059373186446142635,0.00714763984688517,0.003282621036755527,24792.269921875,24602.04736328125,23773.732890625,24552.555876169517,24036.83194166088,1.0162223501747831,1.051629144890579,1.0348415823660106,0.003067285635185879,59.44333594861855,315.8895182240958,338.1283904451808,-22.23887222108499,0.009491428498228396,0.011406425216792032,331.3392857142857,0.11940850277264325,362240.0,0.8359098939929329,0.009892488718005854,-0.008211272774042211,0.00524831270888626,-0.0029717088137536374,270500.0,0
2025-05-27,24956.650390625,25062.900390625,24704.099609375,24826.19921875,525700,-0.0069977248703164685,-0.00702232377173064,0.014452505520015948,-0.005227110603112193,24820.7296875,24626.93232421875,23821.050859375,24578.617146891465,24067.78752115457,1.008091421696696,1.042195802582715,1.0338306428881405,0.010084062327783805,56.00097454180312,299.9090266501662,330.48451768617787,-30.57549103601167,0.008532008473914091,0.011320275704356722,340.5679408482143,0.7361294583883751,372500.0,1.4112751677852349,0.005954979456279652,0.009892488718005854,-0.008211272774042211,-0.010484831354666824,302800.0,0
2025-05-28,24832.5,24864.25,24737.05078125,24752.44921875,684400,-0.0029706520659956714,-0.002975073210803887,0.005138853841325993,-0.0032236295681063124,24808.5296875,24647.75732421875,23866.1418359375,24595.172582306564,24094.636999491646,1.00424752212358,1.0371366008341534,1.0327499724779268,0.003468162872928948,57.113746563127,278.08774092528984,320.00516233400026,-41.917421408710425,0.008563116124042919,0.011354776447416087,328.43568638392856,0.3018832033479171,388840.0,1.760106984878099,-0.0069977248703164685,0.005954979456279652,0.009892488718005854,0.00524831270888626,525700.0,1
2025-05-29,24825.099609375,24892.599609375,24677.30078125,24833.599609375,345400,0.003278479228775888,0.003273116733106363,0.008669658507489263,0.00034239540359346806,24853.309765625,24672.72734375,23913.403828125,24617.879918217845,24123.615925369424,1.0065202465614629,1.0384803346216962,1.0317530503429189,-0.00911735263850455,62.98276057999146,264.2957363653404,308.86327714026834,-44.56754077492792,0.0067563304182446104,0.011365136510240882,327.4927455357143,-0.4953243717124488,384885.0,0.897410914948621,-0.0029706520659956714,-0.0069977248703164685,0.005954979456279652,-0.008211272774042211,684400.0,0
2025-05-30,24812.599609375,24863.94921875,24717.400390625,24750.69921875,853900,-0.00333823496911434,-0.0033438193068198903,0.005920997497071974,-0.002494716055532208,24832.81953125,24692.92734375,23960.473828125,24630.529375411385,24148.207427070625,1.002339612237778,1.0329803741066852,1.0305692416969334,-0.010755543773220855,46.29124516048458,243.8649809894232,295.8636179100993,-51.99863692067612,0.006797507625164171,0.011406761235083685,271.04617745535717,1.4722061378112334,406525.0,2.1004858249800136,0.003278479228775888,-0.0029706520659956714,-0.0069977248703164685,0.009892488718005854,345400.0,0
2025-06-02,24669.69921875,24754.400390625,24526.150390625,24716.599609375,311100,-0.0013777230725331435,-0.001378673005562118,0.009234684528102517,0.001901133459679709,24775.909375,24705.6998046875,24004.6308203125,24638.726540550775,24170.49731657276,1.000441185830544,1.029659643357649,1.0292055724423708,-0.00917400233478205,53.3992266452038,222.35869405257108,281.1626331385937,-58.80393908602264,0.006766733136125677,0.011379162768298338,256.89969308035717,-0.6356716243119803,407505.0,0.763426215629256,-0.00333823496911434,0.003278479228775888,-0.0029706520659956714,0.005954979456279652,853900.0,0
2025-06-03,24786.30078125,24845.099609375,24502.150390625,24542.5,349300,-0.007043833380258491,-0.007068758288164619,0.013973687226240195,-0.009836110010995552,24719.16953125,24713.84482421875,24038.7948046875,24629.562108117367,24185.08565709932,0.9930668487466249,1.0209538456235034,1.0280816914914395,-0.005728446006803001,47.0647818990045,189.08674890629118,262.7474562921332,-73.66070738584204,0.006290766091275921,0.011475869107691144,264.8246372767857,0.12279009964641596,409850.0,0.852263023057216,-0.0013777230725331435,-0.00333823496911434,0.003278479228775888,-0.0069977248703164685,311100.0,1
2025-06-04,24560.44921875,24644.25,24530.44921875,24620.19921875,280900,0.003165904807986175,0.0031609038835467354,0.004622252656807616,0.0024327730925371473,24692.71953125,24724.134765625,24073.046796875,24628.670404368095,24202.148934026798,0.9957961907318388,1.022728839705742,1.0270463466566484,-0.00778811515869271,37.735887920782204,167.0623791460239,243.6104408629114,-76.5480617168875,0.006109568044253626,0.011491110863471512,228.53892299107142,-0.19582021185227594,407390.0,0.6895112791182896,-0.007043833380258491,-0.0013777230725331435,-0.00333823496911434,-0.0029706520659956714,349300.0,1
2025-06-05,24691.19921875,24899.849609375,24613.099609375,24750.900390625,388400,0.005308696762106768,0.005294655304090157,0.01158543711438528,0.0024179130120850563,24676.1796875,24747.98974609375,24104.251796875,24640.31135544018,24223.668598991433,1.0001176113519163,1.0268271589261209,1.0267064065976197,0.005737622821794464,42.88624040360408,158.32927832506175,226.55420835534147,-68.22493003027972,0.005762250098457867,0.011443508333891371,240.66755022321428,0.38269846920612327,406240.0,0.956085072863332,0.003165904807986175,-0.007043833380258491,-0.0013777230725331435,0.003278479228775888,280900.0,1
2025-06-06,24748.69921875,25029.5,24671.44921875,25003.05078125,335600,0.01018752395450262,0.010135980900817266,0.014320283727876332,0.010277370953997424,24726.65,24797.74228515625,24137.3048046875,24674.857967422067,24254.232606138827,1.0082793221146042,1.0358675495697585,1.0273616912001082,0.00603144423419022,51.39282185746103,169.79734413257393,215.20283551078796,-45.40549137821404,0.005814972378832152,0.011253331555772335,255.79268973214286,-0.1359423274974253,406240.0,0.8261126427727452,0.005308696762106768,0.003165904807986175,-0.007043833380258491,-0.00333823496911434,388400.0,1
2025-06-09,25160.099609375,25160.099609375,25077.150390625,25103.19921875,279200,0.004005448710087123,0.003997448256890138,0.003304328584861958,-0.002261532804257982,24803.969921875,24806.66728515625,24166.201796875,24715.652372310444,24287.52541447652,1.0119537191427237,1.0387730529501813,1.0265025300071802,0.0040817653000186915,60.99713444738478,184.83633265261233,209.12953493915285,-24.29320228654052,0.005647120007425206,0.00760140467067373,242.67829241071428,-0.16805721096543502,401765.0,0.6949336054658818,0.01018752395450262,0.005308696762106768,0.003165904807986175,-0.0013777230725331435,335600.0,1
2025-06-10,25196.05078125,25199.30078125,25055.44921875,25104.25,307300,4.18584595869298e-05,4.18575835460567e-05,0.00573016770068813,-0.0036434591296472087,24916.319921875,24832.9623046875,24194.9137890625,24752.66167018564,24319.55382959509,1.010924499944225,1.0375837756176909,1.0263711836788372,0.011199893257925808,58.178198939673905,194.59644201843184,206.22291635500866,-11.62647433657682,0.0050216531804947945,0.006813958093763022,234.2177734375,0.10064469914040108,395980.0,0.7760492954189605,0.004005448710087123,0.01018752395450262,0.005308696762106768,-0.007043833380258491,279200.0,1
2025-06-11,25134.150390625,25222.400390625,25081.30078125,25141.400390625,301200,0.0014798446727146697,0.001478750781646587,0.005612241449669398,0.0002884521611959575,25020.56015625,24856.6873046875,24228.0048046875,24789.684405465578,24351.783106498224,1.011454184640437,1.03769999194324,1.0259485873916603,0.015713643867628635,66.49910847080014,202.98919200426462,205.57617148485988,-2.586979480595261,0.004811836999745924,0.006788855394316945,224.64634486607142,-0.01985030914415875,393765.0,0.7649232410193897,4.18584595869298e-05,0.004005448710087123,0.01018752395450262,0.003165904807986175,307300.0,0
2025-06-12,25164.44921875,25196.19921875,24825.900390625,24888.19921875,328300,-0.010071084662786611,-0.010122141121121413,0.014878490198118806,-0.01097778845062766,25048.019921875,24847.99228515625,24253.9298046875,24799.066768635523,24372.819032468884,1.0016181159882993,1.0261512018534793,1.0244934526178904,0.0021986184135136533,51.08105144828966,187.05305714838323,201.87154861756454,-14.81849146918131,0.0059995876271246446,0.00624598691741914,229.71400669642858,0.08997343957503312,385140.0,0.8524173027989822,0.0014798446727146697,4.18584595869298e-05,0.004005448710087123,0.005308696762106768,301200.0,0
2025-06-13,24473.0,24754.349609375,24473.0,24718.599609375,318700,-0.006814458847919758,-0.006837783295332098,0.011382101487185091,0.010035533419482694,24991.1296875,24832.9322265625,24277.9148046875,24791.403229658332,24386.379055092657,0.9953959276277006,1.0181516744017247,1.022861000474713,-0.001296917274590914,41.39955626261835,158.90650906729206,193.27854070751005,-34.37203164021798,0.006323180738717423,0.006408162046827327,233.6640625,-0.02924154736521478,379440.0,0.839921990301497,-0.010071084662786611,0.0014798446727146697,4.18584595869298e-05,0.01018752395450262,328300.0,1
2025-06-16,24732.349609375,24967.099609375,24703.599609375,24946.5,305800,0.00921979376770854,0.00917755091754434,0.010562603972501153,0.00865871597350478,24959.78984375,24832.984765625,24313.5308203125,24806.17435064325,24408.344582343925,1.0045711474253443,1.026033618250077,1.021364809132474,0.009301457087883547,53.547436612190545,153.22355801011872,185.2675441680318,-32.04398615791308,0.006942355780492608,0.0067392438893542975,226.85686383928572,-0.04047693755883275,381965.0,0.8005969133297554,-0.006814458847919758,-0.010071084662786611,0.0014798446727146697,0.004005448710087123,318700.0,0
2025-06-17,24977.849609375,24982.05078125,24813.69921875,24853.400390625,242400,-0.0037319707924959866,-0.0037389519699400583,0.00677378386273068,-0.0049823832193821105,24909.619921875,24841.459765625,24343.9518359375,24810.67206873675,24425.797751296122,1.0004806732419373,1.0209271098678165,1.0204366132927136,0.012667837042884766,52.943266651861215,139.59821659911177,176.13367865424783,-36.535462055136065,0.006587063180810839,0.006338991879327245,229.79631696428572,-0.2073250490516677,373345.0,0.6492654247411911,0.00921979376770854,-0.006814458847919758,-0.010071084662786611,4.18584595869298e-05,305800.0,0
2025-06-18,24788.349609375,24947.55078125,24750.44921875,24812.05078125,237600,-0.0016637405234334324,-0.0016651260767121068,0.007943783616989287,0.0009561415845948927,24843.75,24841.38984375,24375.190859375,24810.80337469039,24440.944928941375,0.998818944403492,1.0179223179992856,1.0191259624207494,0.007792445576715323,49.35680914843234,124.03368435716766,165.71367979483182,-41.67999543766416,0.006608976739897776,0.006245784638671054,228.49651227678572,-0.01980198019801982,368590.0,0.6446186820043951,-0.0037319707924959866,0.00921979376770854,-0.006814458847919758,0.0014798446727146697,242400.0,0
2025-06-19,24803.25,24863.099609375,24733.400390625,24793.25,274600,-0.0007577278241026608,-0.0007580150449296773,0.005231231030623254,-0.00040317297128400514,24824.76015625,24850.5673828125,24412.966875,24809.131624719877,24454.760814080928,0.9976935181426826,1.015577095850215,1.0179249212131043,0.0017110330818930208,51.32059093807661,108.92598356239978,154.35614054834542,-45.430156985945644,0.006423752361783019,0.005942787552482232,227.29296875,0.1557239057239057,362155.0,0.7582388756195552,-0.0016637405234334324,-0.0037319707924959866,0.00921979376770854,-0.010071084662786611,237600.0,1
2025-06-20,24787.650390625,25136.19921875,24783.650390625,25112.400390625,574700,0.01287247095983779,0.012790324902965947,0.014038834306600738,0.01310128208532522,24903.5203125,24863.5298828125,24471.982890625,24838.014364329887,24480.550601396382,1.0100094599996654,1.0261694159750878,1.0159998065517404,0.004373450677346957,60.43722522774937,121.30743451592934,147.74639934186223,-26.438964825932885,0.006917156929395864,0.006220021585366027,236.17145647321428,1.0928623452294248,377365.0,1.5229287294794165,-0.0007577278241026608,-0.0016637405234334324,-0.0037319707924959866,-0.006814458847919758,274600.0,0
2025-06-23,24939.75,25057.0,24824.849609375,24971.900390625,248500,-0.0055948454872697395,-0.005610555258512813,0.009296464706072365,0.0012891224100081197,24908.600390625,24862.0673828125,24520.70390625,24850.76541445323,24499.81922058182,1.0044176940767375,1.018400633444295,1.0139214387102276,-0.005230362352657059,61.52751517668291,118.41760338817039,141.88064015112388,-23.463036762953493,0.007033859431086379,0.006226543854697781,228.25725446428572,-0.5676004872107187,374650.0,0.6632857333511277,0.01287247095983779,-0.0007577278241026608,-0.0016637405234334324,0.00921979376770854,574700.0,1
2025-06-24,25179.900390625,25317.69921875,24999.69921875,25044.349609375,450200,0.0029012296868362597,0.0028970292423300638,0.012697474877964536,-0.0053832929895333646,24946.790234375,24872.97490234375,24573.607890625,24869.202004445782,24521.17335347567,1.0068899963797697,1.0191563941626003,1.0121824606728977,-0.002386065730902165,61.41876281005729,120.58342718108906,137.62119755711691,-17.03777037602785,0.00711685781896668,0.006034760617406681,244.82854352678572,0.8116700201207243,370875.0,1.213886080215706,-0.0055948454872697395,0.01287247095983779,-0.0007577278241026608,-0.0037319707924959866,248500.0,1
2025-06-25,25150.349609375,25266.80078125,25125.05078125,25244.75,260600,0.008001820520425307,0.00796997571939643,0.005615028867388269,0.0037534424805693942,25033.330078125,24897.58994140625,24621.931875,24904.96848021285,24549.54890824133,1.0139435206142744,1.025295258234078,1.0111956311066779,0.004110733999269867,62.814274087040424,136.89248351108108,137.47545474790977,-0.5829712368286835,0.007572381067864141,0.006202939061759116,240.23577008928572,-0.4211461572634385,349685.0,0.7452421465032816,0.0029012296868362597,-0.0055948454872697395,0.01287247095983779,-0.0016637405234334324,450200.0,1
2025-06-26,25268.94921875,25565.30078125,25259.900390625,25549.0,428900,0.012052010814129765,0.011979963629751521,0.011953516404751653,0.01108280280377458,25184.480078125,24933.3599609375,24666.340859375,24966.304815430674,24588.743068702453,1.024691419047694,1.0357839513228622,1.010825241696156,0.026550767110228524,63.79320894447109,172.38086116550767,144.45653603142935,27.924325134078316,0.007379748198717913,0.006660651614176017,237.55719866071428,0.6458173445894091,353860.0,1.2120612671678064,0.008001820520425307,0.0029012296868362597,-0.0055948454872697395,-0.0007577278241026608,260600.0,1
2025-06-27,25576.650390625,25654.19921875,25523.55078125,25637.80078125,564000,0.003475704773181043,0.00346967847107354,0.005095929975224267,0.0023908678302696895,25289.56015625,24977.7150390625,24710.352890625,25030.256812175372,24629.882586841573,1.0264269866621185,1.0375327659111202,1.0108198433919953,0.03718662005133888,63.584405993663296,205.30451439999524,156.62613170514254,48.6783826948527,0.006589427274387279,0.006577901271137624,235.67145647321428,0.3149918395896478,339365.0,1.6619274232758239,0.012052010814129765,0.008001820520425307,0.0029012296868362597,0.01287247095983779,428900.0,0
2025-06-30,25661.650390625,25669.349609375,25473.30078125,25517.05078125,271000,-0.004709842354665206,-0.004720968611190444,0.007683052003370908,-0.005634852286345026,25398.590234375,25017.73759765625,24743.6608984375,25076.61814256343,24664.673496426218,1.0199583668045398,1.0312560815469847,1.011076643037735,0.022870975136792815,59.88790643274854,219.12726819453746,169.12635900302155,50.000909191515916,0.0067578792347241816,0.0067031209316413785,239.39983258928572,-0.5195035460992907,337360.0,0.8032961821199905,0.003475704773181043,0.012052010814129765,0.008001820520425307,-0.0055948454872697395,564000.0,1
2025-07-01,25551.349609375,25593.400390625,25501.80078125,25541.80078125,260700,0.0009699396772837598,0.0009694695897414579,0.003586262776046802,-0.0003737113017895719,25498.08046875,25067.70263671875,24771.9858984375,25120.92125100977,24699.07064485068,1.0189127081728184,1.0310760262002676,1.0119375466905907,0.027698438837555406,59.64819310222787,229.43424318234975,181.1879358388872,48.24630734346255,0.006450399903243399,0.00639007186884799,235.86411830357142,-0.03800738007380078,332930.0,0.7830474874598264,-0.004709842354665206,0.003475704773181043,0.012052010814129765,0.0029012296868362597,271000.0,0
2025-07-02,25588.30078125,25608.099609375,25378.75,25453.400390625,309800,-0.0034610085397696055,-0.0034670116851196766,0.009010568562755727,-0.005271955796449335,25539.810546875,25109.3626953125,24797.70890625,25152.585930973128,24728.652203508496,1.013701570186675,1.026441615507864,1.012567846095812,0.02584831117062092,64.79428397900662,227.84299022342748,190.51894671579527,37.32404350763221,0.00661007580560013,0.006497415629698554,225.79631696428572,0.1883390870732642,334375.0,0.9265046728971963,0.0009699396772837598,-0.004709842354665206,0.003475704773181043,0.008001820520425307,260700.0,0
2025-07-03,25505.099609375,25587.5,25384.349609375,25405.30078125,293400,-0.00188971251922454,-0.0018915002785163046,0.00799637809346198,-0.003912897014850967,25511.070703125,25142.08271484375,24819.2359375,25176.654011951876,24755.187441851303,1.0104692228321581,1.0236133314186557,1.0130079257136175,0.024686186008288535,69.19552529713971,220.16277487556727,196.4477123477497,23.715062527817565,0.006682463874716296,0.006484764340096457,220.21065848214286,-0.05293737895416395,329625.0,0.8901023890784983,-0.0034610085397696055,0.0009699396772837598,-0.004709842354665206,0.012052010814129765,309800.0,1
2025-07-04,25428.849609375,25470.25,25331.650390625,25461.0,193500,0.0021924250859925998,0.0021900252291445488,0.005443604311496013,0.0012643273729986955,25475.710546875,25164.98017578125,24843.521953125,25203.73458224217,24782.866365700273,1.0117631654049002,1.0248546904114506,1.0129393176725416,0.013881572607656434,65.91401175378905,216.0797771685502,200.3741253119098,15.7056518566404,0.005613136543653848,0.006150002742238687,211.28920200892858,-0.3404907975460123,322520.0,0.5999627930050849,-0.00188971251922454,-0.0034610085397696055,0.0009699396772837598,0.003475704773181043,293400.0,1
2025-07-07,25450.44921875,25489.80078125,25407.25,25461.30078125,196100,1.1813410706551508e-05,1.181334092876479e-05,0.003242205964229108,0.00042637999851120016,25464.560546875,25182.88525390625,24871.9609765625,25228.264696433394,24809.4716368983,1.0110557437933194,1.0236949473040284,1.0125009957050328,0.01959804351969674,69.94814999967954,210.44239368392664,202.38777898631318,8.05461469761346,0.005092743302953941,0.006109045748986791,205.16057477678572,0.013436692506459957,318365.0,0.6159596689334569,0.0021924250859925998,-0.00188971251922454,-0.0034610085397696055,-0.004709842354665206,193500.0,1
2025-07-08,25427.849609375,25548.05078125,25424.150390625,25522.5,210400,0.0024036171315751087,0.0024007330644550996,0.0048545554167891075,0.0037223120349942343,25460.700390625,25203.79775390625,24895.8409765625,25256.28710629688,24837.433533490523,1.012645008867537,1.0251712333810072,1.0123698081793528,0.019092146455502723,73.01347086795107,208.5094252850431,203.61210824605917,4.897317038983942,0.005084801857075504,0.006118267339500269,199.93191964285714,0.07292197858235605,313520.0,0.6710895636642,1.1813410706551508e-05,0.0021924250859925998,-0.00188971251922454,0.0009699396772837598,196100.0,0
2025-07-09,25514.599609375,25548.69921875,25424.349609375,25476.099609375,239100,-0.00181801902732881,-0.0018196736296237606,0.004881030113779283,-0.0015089400025644019,25465.240234375,25220.53271484375,24918.643984375,25277.22163039956,24862.47926195658,1.01013328693017,1.022371025700658,1.0121149742601583,0.009164266208815608,71.73087991606468,200.91735990517918,203.0731585778832,-2.155798672704009,0.004713250637808153,0.00614415130751379,199.5498046875,0.13640684410646386,310415.0,0.7702591691767473,0.0024036171315751087,1.1813410706551508e-05,0.0021924250859925998,-0.0034610085397696055,210400.0,0
2025-07-10,25511.650390625,25524.05078125,25340.44921875,25355.25,219600,-0.004743646446198069,-0.004754933244868607,0.007241165537709153,-0.006130547739180131,25455.230078125,25243.88525390625,24939.065,25284.652903694838,24881.80360462495,1.0044115533315743,1.016688075515261,1.0122226015252076,-0.007583467063290161,58.844727336359846,183.0390793308652,199.0663427284796,-16.027263397614405,0.0030101621447597747,0.005753143620147026,187.48214285714286,-0.081555834378921,304980.0,0.7200472162108991,-0.00181801902732881,0.0024036171315751087,1.1813410706551508e-05,-0.00188971251922454,239100.0,0
2025-07-11,25255.5,25322.44921875,25129.0,25149.849609375,250000,-0.008100901810276007,-0.00813389240519248,0.007691863838338372,-0.004183262680406248,25393.0,25265.44775390625,24955.1280078125,25271.814494711994,24892.315212654365,0.9954246548227756,1.0078028692740644,1.0124351093689683,-0.019032489410396702,56.18846178925404,150.5607476705809,189.3652237168999,-38.804476046318996,0.003408173292809437,0.005851698947997909,184.7177734375,0.1384335154826959,301545.0,0.8290636555074699,-0.004743646446198069,-0.00181801902732881,0.0024036171315751087,0.0021924250859925998,219600.0,0
2025-07-14,25149.5,25151.099609375,25001.94921875,25082.30078125,259500,-0.002685854157148504,-0.0026894675348791744,0.005946439759485531,-0.002671990248315076,25317.2,25272.23779296875,24967.551015625,25253.765569620376,24899.765627109096,0.9924843611683808,1.0045959559891633,1.012203310495013,-0.01703762726057101,51.32432502429736,118.0104588251088,175.09427073854167,-57.08381191343287,0.0032809422440195314,0.005558752408601361,170.67145647321428,0.038000000000000034,299230.0,0.8672258797580457,-0.008100901810276007,-0.004743646446198069,-0.00181801902732881,1.1813410706551508e-05,250000.0,1
2025-07-15,25089.5,25245.19921875,25088.44921875,25195.80078125,241300,0.004525103218794291,0.004514895720960817,0.006221274781496483,0.004236863279459535,25251.86015625,25289.3578125,24983.8750390625,25248.245113585104,24911.374848840114,0.9963005374852281,1.0084825008873184,1.012227197460757,-0.01354642152929153,48.18160974916053,100.21737829004996,160.11889224884334,-59.90151395879337,0.003760228661910115,0.005551728579265212,166.41768973214286,-0.07013487475915225,299175.0,0.806551349544581,-0.002685854157148504,-0.008100901810276007,-0.004743646446198069,0.0024036171315751087,259500.0,1
2025-07-16,25196.599609375,25255.30078125,25121.05078125,25212.05078125,228800,0.0006449487413033861,0.0006447408512447503,0.0053248345866350804,0.0006132244872141803,25199.050390625,25309.3578125,24999.828046875,25244.798034315096,24923.166061875796,0.9961552943393159,1.0084889677631814,1.0123812757849624,-0.009482018342189535,34.07535953624901,86.43114848862024,145.38134349679873,-58.9501950081785,0.0037293847291074308,0.0055242425016475746,153.11049107142858,-0.05180273518441769,298735.0,0.765896195624885,0.004525103218794291,-0.002685854157148504,-0.008100901810276007,-0.00181801902732881,241300.0,0
2025-07-17,25230.75,25238.349609375,25101.0,25111.44921875,243400,-0.003990217351728331,-0.003998199509757984,0.0054696010643800275,-0.0047283882266678555,25150.290234375,25325.2677734375,25016.581015625,25232.09814711842,24930.54971508655,0.9915571058675334,1.003792212975296,1.0123392863964782,-0.01156654530604384,25.39838455246553,66.61980507167755,129.6290358117745,-63.00923074009694,0.003845987637584372,0.005619027026024045,153.58914620535714,0.06381118881118875,297175.0,0.8190460166568521,0.0006449487413033861,0.004525103218794291,-0.002685854157148504,-0.004743646446198069,228800.0,0
2025-07-18,25108.55078125,25144.599609375,24918.650390625,24968.400390625,317000,-0.0056965580472427835,-0.005712845317742711,0.00904940705912575,-0.005581779364568439,25114.000390625,25318.0677734375,25035.7890234375,25206.98407507143,24932.034055303742,0.9861890178215198,0.9973083080086106,1.011275009137349,-0.019347221608538523,24.87976835399344,38.927594680091715,111.48874758543795,-72.56115290534623,0.0038920304614815772,0.005002198072795722,155.72488839285714,0.3023829087921117,284290.0,1.1150585669562771,-0.003990217351728331,0.0006449487413033861,0.004525103218794291,-0.008100901810276007,243400.0,1
2025-07-21,24999.0,25111.400390625,24882.30078125,25090.69921875,305200,0.004898144302865282,0.004886187422514114,0.009130857907849631,0.0036681154746189847,25115.680078125,25324.00771484375,25039.1090234375,25195.90932685034,24938.256218576145,0.9907870626671388,1.0020603846272729,1.0113781481257809,-0.014555484249764494,31.03974229732347,26.543831007995323,94.49976426994944,-67.95593326195412,0.004433155484876195,0.0049648317301059786,165.54631696428572,-0.037223974763406886,287125.0,1.06295167609926,-0.0056965580472427835,-0.003990217351728331,0.0006449487413033861,-0.002685854157148504,317000.0,0
2025-07-22,25166.650390625,25182.0,25035.55078125,25060.900390625,483700,-0.0011876443882732346,-0.0011883501967580668,0.005843733324313639,-0.004201989472520096,25088.7,25324.83525390625,25048.7600390625,25183.05133292412,24943.06579395061,0.9895780224970846,1.0004846687637858,1.0110215122190966,-0.01808598724164956,32.648039097173054,14.161843767655228,78.4321801694906,-64.27033640183537,0.004225732796322185,0.004933587030896596,159.62486049107142,0.584862385321101,288800.0,1.6748614958448753,0.004898144302865282,-0.0056965580472427835,-0.003990217351728331,0.004525103218794291,305200.0,1
2025-07-23,25139.349609375,25233.5,25085.5,25219.900390625,271500,0.006344544590244583,0.006324502693684897,0.0058683816235458285,0.0032041712495203493,25090.269921875,25323.5927734375,25059.8200390625,25186.560766990868,24953.922052643724,0.9959053052329421,1.0063879290159694,1.010525723407584,-0.010056453800946885,42.535594030677004,16.98322876434031,66.14238988846054,-49.15916112412023,0.004949696611056802,0.004806341686557336,157.44266183035714,-0.4387016745916891,289345.0,0.9383262195648793,-0.0011876443882732346,0.004898144302865282,-0.0056965580472427835,0.0006449487413033861,483700.0,0
2025-07-24,25243.30078125,25246.25,25018.69921875,25062.099609375,338700,-0.006256994627491075,-0.006276651657225533,0.00907947796859286,-0.0071781885200049205,25080.4,25299.24775390625,25059.8200390625,25174.707323408406,24958.164309770444,0.9906262768427716,1.0000909651509446,1.0095542471761783,-0.011561723533587753,35.159934140064266,6.4120780065932195,54.19632751208708,-47.78424950549386,0.0050987445123350525,0.004080319546921589,163.79631696428572,0.24751381215469603,284835.0,1.189109484438359,0.006344544590244583,-0.0011876443882732346,0.004898144302865282,-0.003990217351728331,271500.0,0
2025-07-25,25010.349609375,25010.349609375,24806.349609375,24837.0,278100,-0.008981674037030651,-0.009022252428611252,0.008213552361396304,-0.006931115001687973,25054.119921875,25259.20771484375,25056.1640234375,25142.544721179034,24953.41276821082,0.9832849977081571,0.9912530895298859,1.0081035425540925,-0.012439422669882738,30.102561676443926,-19.899898725336243,39.37708226460242,-59.276980989938664,0.005239492271282523,0.004315546036780675,172.47126116071428,-0.1789193976970771,270540.0,1.0279441117764472,-0.006256994627491075,0.006344544590244583,-0.0011876443882732346,-0.0056965580472427835,338700.0,0
2025-07-28,24782.44921875,24889.19921875,24646.599609375,24680.900390625,262100,-0.006284962329387578,-0.006304795850755804,0.009829447286580804,-0.004097610661022552,24972.16015625,25217.4001953125,25050.873046875,25098.578594459603,24942.726008305493,0.9787250152461304,0.9852311472116078,1.006647558674937,-0.016003332155440142,24.706948590829214,-52.740306328982115,20.953604545885515,-73.69391087486763,0.00546940721487753,0.004389978276115737,180.94977678571428,-0.05753326141675652,270095.0,0.9703993039486106,-0.008981674037030651,-0.006256994627491075,0.006344544590244583,0.004898144302865282,278100.0,1
2025-07-29,24609.650390625,24847.150390625,24598.599609375,24821.099609375,284700,0.005680474234370125,0.005664401180259817,0.010013689367578286,0.008592126072239985,24924.2,25181.36513671875,25053.61703125,25072.152024451545,24937.95634560234,0.9856931693183536,0.9907192074667313,1.0050989885136907,-0.014871572256351606,31.365534685132218,-66.68495801184326,3.4258920343397588,-70.11085004618302,0.005622452012142713,0.004655793937373047,189.8212890625,0.08622663105684847,271295.0,1.0494111575959748,-0.006284962329387578,-0.008981674037030651,-0.006256994627491075,-0.0011876443882732346,262100.0,1
2025-07-30,24890.400390625,24902.30078125,24771.94921875,24855.05078125,243900,0.001367835124523431,0.001366900490246142,0.005244469771847491,-0.0014202105558862152,24851.230078125,25151.44765625,25054.4490625,25051.47571557521,24934.705147000288,0.9882155143095175,0.9920414022773925,1.0038715117426062,-0.014159895325353666,35.02933315874512,-74.14195678176475,-12.087677728881143,-62.0542790528836,0.005657564610747287,0.004669991514301835,186.01771763392858,-0.1433087460484721,268000.0,0.9100746268656716,0.005680474234370125,-0.006284962329387578,-0.008981674037030651,0.006344544590244583,284700.0,0
2025-07-31,24642.25,24956.5,24635.0,24768.349609375,346300,-0.0034882717656889994,-0.003494369971240235,0.01298027543499749,0.005117211674055737,24792.480078125,25119.60009765625,25057.6220703125,25024.511324508523,24928.181400426747,0.9860168757895942,0.9884557097985678,1.0024734201501577,-0.013663074814448284,37.70860287047618,-86.05574495014298,-26.881291173133512,-59.17445377700947,0.005634309646018026,0.004696353671231076,195.16420200892858,0.4198441984419845,270645.0,1.2795359234421475,0.001367835124523431,0.005680474234370125,-0.006284962329387578,-0.006256994627491075,243900.0,0
2025-08-01,24734.900390625,24784.150390625,24535.05078125,24565.349609375,263400,-0.008195943742782208,-0.008229715141942045,0.010140283502414915,-0.0068547185787035956,24738.15,25074.817578125,25051.8660546875,24980.78163735295,24913.952702738443,0.9796820867325291,0.9805796325012097,1.0009161602328305,-0.016142435035659486,34.68156305596679,-110.60294941311076,-43.62562282112897,-66.9773265919818,0.0058995489435060625,0.004867212892008513,202.30343191964286,-0.2393878140340745,274140.0,0.9608229371853797,-0.0034882717656889994,0.001367835124523431,0.005680474234370125,-0.008981674037030651,346300.0,1
2025-08-04,24596.05078125,24736.25,24554.0,24722.75,259300,0.006407415043054421,0.006386974825463857,0.0073717527378629,0.005151201706193623,24746.519921875,25037.8900390625,25046.298046875,24956.207195700288,24906.454557533012,0.9874134745950702,0.9870820012494673,0.9996643013751267,-0.014664765439260319,36.337883574007215,-116.01850067283522,-58.10419839147022,-57.914302281364996,0.0060993650775339045,0.005189547754740929,203.68568638392858,-0.015565679574791158,277300.0,0.9350883519653804,-0.008195943742782208,-0.0034882717656889994,0.001367835124523431,-0.006284962329387578,263400.0,0
2025-08-05,24720.25,24733.099609375,24590.30078125,24649.55078125,251800,-0.0029608040671041946,-0.0029651959185494695,0.005793161481612954,-0.0028599718348317673,24712.21015625,24994.242578125,25042.765078125,24927.0018228955,24896.37989963956,0.9862091521358334,0.9842982875234302,0.998062414439914,-0.016413999615467967,34.27188665272982,-124.77855970056771,-71.43907065328972,-53.33948904727799,0.006115869946417827,0.005117004021819702,204.29631696428572,-0.02892402622445045,279370.0,0.9013136700433118,0.006407415043054421,-0.008195943742782208,-0.0034882717656889994,0.005680474234370125,259300.0,0
2025-08-06,24641.349609375,24671.400390625,24539.19921875,24574.19921875,225100,-0.003056914228121266,-0.003061596134311999,0.0053796736446301415,-0.0027251100970318645,24656.03984375,24949.14755859375,25039.200078125,24893.401574881642,24883.745363134087,0.9849714969634463,0.9814290848779456,0.9964035384816499,-0.025602843860359825,34.76274885612045,-136.23082677698767,-84.39742187802932,-51.83340489895835,0.005437836297198942,0.0051255490430370506,203.92857142857142,-0.10603653693407467,278670.0,0.8077654573509886,-0.0029608040671041946,0.006407415043054421,-0.008195943742782208,0.001367835124523431,251800.0,1
2025-08-07,24464.19921875,24634.19921875,24344.150390625,24596.150390625,616700,0.0008932609229541644,0.0008928622028389917,0.011792448148127854,0.005393643613475367,24621.6,24911.192578125,25034.45109375,24865.09193828577,24872.467128918044,0.9873533879796408,0.9824920985291974,0.9950764442502287,-0.018591787041485675,38.663713319090014,-141.89982200891973,-95.89790190420742,-46.00192010471231,0.0053705095938633915,0.0051098638514479,208.50711495535714,1.7396712572190136,298525.0,2.0658236328615693,-0.003056914228121266,-0.0029608040671041946,0.006407415043054421,-0.0034882717656889994,225100.0,0
2025-08-08,24544.25,24585.5,24337.5,24363.30078125,312600,-0.009466912735407229,-0.00951200879308063,0.010179244685550195,-0.007372367000417613,24581.190234375,24871.86513671875,25026.703125,24817.302304282362,24852.49982116636,0.9795526249168203,0.9734922198726486,0.993813088863208,-0.019072320278213928,29.245678365636465,-163.29914811503477,-109.37815114637289,-53.92099696866188,0.005444634619864656,0.005212019025939085,209.85714285714286,-0.4931084806226691,301655.0,1.0362831711723657,0.0008932609229541644,-0.003056914228121266,-0.0029608040671041946,-0.008195943742782208,616700.0,1
2025-08-11,24371.5,24600.849609375,24347.44921875,24585.05078125,241100,0.009101804471857822,0.009060632685991908,0.010307092422939309,0.008762315870996861,24553.650390625,24847.00263671875,25024.0721484375,24795.183111612612,24842.01162352258,0.9894574062192258,0.9824560381466566,0.9929240328804836,-0.0038835539975441424,37.763294957654836,-160.51458425954115,-119.60543776900654,-40.90914649053461,0.006188774759738793,0.005718994386408396,217.49651227678572,-0.2287268074216251,300735.0,0.8017024955525629,-0.009466912735407229,0.0008932609229541644,-0.003056914228121266,0.006407415043054421,312600.0,0
2025-08-12,24563.349609375,24702.599609375,24465.650390625,24487.400390625,237000,-0.003971941790719136,-0.003979850901478695,0.009676372949768731,-0.0030919732022628033,24521.2203125,24811.5826171875,25022.97015625,24765.870471518552,24828.105300663854,0.9869342382723328,0.9785968747002949,0.991552260273559,-0.013444175479798703,30.549695155471753,-164.29349463048493,-128.54304914130222,-35.75044548918271,0.0058845903465439015,0.005602011629967115,222.09291294642858,-0.017005391953546223,300520.0,0.7886330360708106,0.009101804471857822,-0.009466912735407229,0.0008932609229541644,-0.0029608040671041946,241100.0,1
2025-08-13,24586.19921875,24664.55078125,24535.25,24619.349609375,236000,0.005388453516712133,0.0053739877432256436,0.0052519982575316496,0.0013483332795790066,24530.250390625,24781.94755859375,25022.9531640625,24751.916103695356,24819.918802966255,0.9934388550845608,0.9838706665819466,0.9903686186083394,-0.009483029181851732,38.07986858240208,-154.85602525294962,-133.8056443636317,-21.05038088931792,0.006217437516524047,0.005790650724329335,218.49288504464286,-0.00421940928270037,300880.0,0.7843658601435788,-0.003971941790719136,0.009101804471857822,-0.009466912735407229,-0.003056914228121266,237000.0,1
2025-08-14,24607.25,24673.650390625,24596.900390625,24631.30078125,270200,0.00048543816407109475,0.00048532037708285097,0.0031159539921019573,0.0009773859838055857,24537.28046875,24757.94013671875,25020.561171875,24740.42893012913,24812.52201780091,0.9948848993587747,0.9844423796912054,0.9895037911679032,-0.005533224065648934,43.74395590034809,-144.74388567365168,-135.99329262563572,-8.750593048015958,0.006163817401288965,0.0057629119851366735,209.40359933035714,0.14491525423728824,302220.0,0.8940506915492026,0.005388453516712133,-0.003971941790719136,0.009101804471857822,0.0008932609229541644,236000.0,1
2025-08-18,24938.19921875,25022.0,24852.849609375,24876.94921875,363100,0.009973019276634965,0.009923616908863717,0.006799482892279641,-0.0024560714854643018,24640.01015625,24753.367578125,25018.039140625,24753.430862378736,24815.04857470088,1.0049925183001853,0.9943604724142472,0.9894207711079076,0.012684517596121658,55.65453891991586,-115.5758794713729,-131.90980999478316,16.33393052341026,0.0063234527777727015,0.006133669370872731,219.98214285714286,0.3438193930421909,304525.0,1.1923487398407355,0.00048543816407109475,0.005388453516712133,-0.003971941790719136,-0.009466912735407229,270200.0,1
2025-08-19,24891.349609375,25012.650390625,24873.94921875,24980.650390625,252300,0.004168564680625764,0.004159900285259885,0.005552344302734937,0.0035876231161192655,24719.130078125,24747.86513671875,25015.5881640625,24775.07081744981,24821.54276356065,1.0094062761624178,0.9986033599046976,0.9892977520421301,0.010431703213639176,54.70081437048563,-83.13389076478416,-122.15462614878336,39.02073538399921,0.006159943836309505,0.006104153734361712,212.1357421875,-0.3051500963921785,301880.0,0.8357625546574798,0.009973019276634965,0.00048543816407109475,0.005388453516712133,0.009101804471857822,363100.0,1
2025-08-20,24965.80078125,25088.69921875,24929.69921875,25050.55078125,287100,0.0027981813736617234,0.002794273751954044,0.0063471658323380805,0.0033946437665900776,24831.76015625,24747.34765625,25014.5141796875,24801.3070044784,24830.5234701367,1.0122519442976923,1.0014406276813388,0.989319539787247,0.016268044945672022,55.64049507606238,-51.19288394178875,-107.96227770738444,56.769393765595694,0.006011550263459744,0.0061357731269717055,214.18205915178572,0.13793103448275867,292050.0,0.9830508474576272,0.004168564680625764,0.009973019276634965,0.00048543816407109475,-0.003971941790719136,252300.0,1
2025-08-21,25142.0,25153.650390625,25054.900390625,25083.75,226500,0.0013252889742787488,0.0013244115539841486,0.003936811680869089,-0.0023168403468300054,24924.640234375,24740.54013671875,25013.361171875,24828.20633738522,24840.4539222882,1.013872367433558,1.0028140491652175,0.9890929878123293,0.020735193717368983,59.38970002500276,-22.936113180847315,-90.95704480207702,68.0209316212297,0.005788399274829207,0.005963064718610973,198.58203125,-0.21107628004179724,289800.0,0.7815734989648033,0.0027981813736617234,0.004168564680625764,0.009973019276634965,0.005388453516712133,287100.0,0
2025-08-22,25064.150390625,25084.849609375,24859.150390625,24870.099609375,210200,-0.008517482060098724,-0.008553963109247331,0.00907512323211286,-0.00774216473432041,24972.4,24730.94013671875,25012.9991796875,24832.19617281282,24841.61649825239,1.0056269382355438,0.9942869877664032,0.9887235016903608,0.011137890051868382,59.015459497687665,-17.57957336750769,-76.28155051516316,58.70197714765547,0.006698048150768064,0.006103866563452817,196.91057477678572,-0.07196467991169975,283375.0,0.7417732686369651,0.0013252889742787488,0.0027981813736617234,0.004168564680625764,0.00048543816407109475,226500.0,1
2025-08-25,24949.150390625,25021.55078125,24894.349609375,24967.75,213000,0.003926417350905487,0.003918729092601476,0.005094618933424117,0.0007455007117993513,24990.56015625,24737.47763671875,25017.9821875,24845.106061116363,24846.56291008563,1.0093086436160914,0.9979921567165757,0.9887878827045692,0.02480982458728187,57.51348282033528,-5.392742371386703,-62.10378888640787,56.71104651502117,0.005586309298382068,0.005819299651742701,194.71065848214286,0.013320647002854402,280120.0,0.7603884049692988,-0.008517482060098724,0.0013252889742787488,0.0027981813736617234,0.009973019276634965,210200.0,0
2025-08-26,24899.5,24919.650390625,24689.599609375,24712.05078125,750500,-0.010241179872034878,-0.010293981565065833,0.009309254957688438,-0.00752823224361935,24936.840234375,24739.03515625,25013.293203125,24832.43412970052,24841.2879246411,0.998909238988927,0.9879567068826681,0.989035508253638,0.005165740804442764,51.723755287080664,-16.180858130872366,-52.91920273530077,36.738344604428406,0.00634330337190273,0.00611699605483026,200.94294084821428,2.523474178403756,304540.0,2.464372496223813,0.003926417350905487,-0.008517482060098724,0.0013252889742787488,0.004168564680625764,213000.0,0
2025-08-28,24695.80078125,24702.650390625,24481.599609375,24500.900390625,326600,-0.008544430103923584,-0.00858114302373062,0.00902214929760633,-0.007892045791565336,24826.91015625,24723.0251953125,25006.243203125,24800.8594878838,24827.939393895373,0.9910154682554942,0.979791334172226,0.9886741080812529,0.0005513039271072273,48.119290192285526,-41.29259413895488,-50.5938810160316,9.30128687707672,0.006852077321772758,0.006258198012649685,207.28934151785714,-0.5648234510326449,306635.0,1.0651099841831493,-0.010241179872034878,0.003926417350905487,-0.008517482060098724,0.0027981813736617234,750500.0,0
2025-08-29,24466.69921875,24572.44921875,24404.69921875,24426.849609375,325500,-0.0030223697933294824,-0.003026946376657732,0.006867443107997755,-0.0016287284614371416,24695.530078125,24701.61513671875,24998.5391796875,24765.239499454394,24812.21038273771,0.9888766169409177,0.9771310808922377,0.9881223442364178,-0.007819053023508604,45.76917445163558,-66.4036451380016,-53.75583384042561,-12.647811297575984,0.006639191731759915,0.006260819825102517,198.5537109375,-0.003368034292712818,310715.0,1.0475837986579342,-0.008544430103923584,-0.010241179872034878,0.003926417350905487,0.0013252889742787488,326600.0,1
2025-09-01,24432.69921875,24635.599609375,24432.69921875,24625.05078125,229300,0.008114070174605414,0.008081328102276956,0.00823959278002758,0.007872710287874648,24646.5203125,24694.4501953125,24995.1751953125,24751.888192958737,24804.87079052251,0.9971896756755624,0.985192165641155,0.9879686780488582,-0.00025374218176721364,56.656401799994036,-69.5098891029229,-56.90664489292507,-12.603244209997825,0.007210621775114572,0.006534415590926115,195.75013950892858,-0.29554531490015357,304865.0,0.7521361914289931,-0.0030223697933294824,-0.008544430103923584,-0.010241179872034878,-0.008517482060098724,325500.0,0
2025-09-02,24653.0,24756.099609375,24522.349609375,24579.599609375,271600,-0.0018457290617897026,-0.0018474345185382894,0.00950991894558138,-0.0029773411197420194,24568.890234375,24695.1626953125,24984.5191796875,24735.479756426954,24796.036626555942,0.9953204160926854,0.9837931813936327,0.9884185690229234,-0.01195281651139457,49.847720167393234,-74.77715504720254,-60.48074692378057,-14.296408123421969,0.006310654445499549,0.006277044703733133,194.34654017857142,0.18447448757086793,305275.0,0.8896896241094095,0.008114070174605414,-0.0030223697933294824,-0.008544430103923584,0.003926417350905487,229300.0,1
2025-09-03,24616.5,24737.05078125,24533.19921875,24715.05078125,340300,0.0055107151470170646,0.005495586709857895,0.008248073787275056,0.004003444082221274,24569.490234375,24694.777734375,24979.3821875,24733.53413974343,24792.86071105375,1.0008209446990397,0.9894180166560614,0.9886064254516502,-0.010632213542153268,56.22793903131041,-67.2465473605589,-61.83390701113625,-5.412640349422659,0.006449373890128679,0.006232531395810321,191.982421875,0.25294550810014726,309325.0,1.1001373959427787,-0.0018457290617897026,0.008114070174605414,-0.0030223697933294824,-0.010241179872034878,271600.0,1
2025-09-04,24980.75,24980.75,24708.19921875,24734.30078125,314100,0.0007788776228048189,0.0007785744550393448,0.011019142350553485,-0.009865565235231128,24616.1703125,24699.015234375,24973.1812109375,24733.607153220248,24790.56424321831,1.0014286216086012,0.9904345214304184,0.989021583824394,-0.012624472921238472,53.35143390463261,-59.044543647538376,-61.27603433841668,2.231490690878303,0.006345886699623027,0.006195389255322673,198.79673549107142,-0.07699089039083162,312440.0,1.0053130200998592,0.0055107151470170646,-0.0018457290617897026,0.008114070174605414,-0.008544430103923584,340300.0,1
2025-09-05,24818.849609375,24832.349609375,24621.599609375,24741.0,210100,0.00027084730671167456,0.0002708106342015157,0.008518249060264339,-0.0031367130467478766,24679.000390625,24707.3552734375,24963.1062109375,24734.311233865938,24788.620547405826,1.0013617291770063,0.9911026212418955,0.9897548431938352,-0.013664224846763329,53.20813646375011,-51.411189457594446,-59.303065362252234,7.8918759046577875,0.006306642010538899,0.006148491691164143,208.3681640625,-0.33110474371219356,311690.0,0.6740671821360967,0.0007788776228048189,0.0055107151470170646,-0.0018457290617897026,-0.0030223697933294824,314100.0,1
2025-09-08,24802.599609375,24885.5,24751.55078125,24773.150390625,213200,0.0012994782193525012,0.0012986346282709543,0.005407032074559679,-0.001187344037068947,24708.6203125,24716.2052734375,24947.58921875,24738.010201176323,24788.01387459089,1.0023039587411382,0.9930077881836415,0.9907251982031756,-0.0038982239827239917,46.53126333941208,-42.28005527649657,-55.898463345101106,13.618408068604538,0.005810753192917302,0.006151087087262083,190.78250558035714,0.0147548786292242,291515.0,0.7313517314717939,0.00027084730671167456,0.0007788776228048189,0.0055107151470170646,0.008114070174605414,210100.0,1
2025-09-09,24864.099609375,24891.80078125,24814.0,24868.599609375,226900,0.003852930178235292,0.0038455266535053208,0.003128474561175956,0.00018098383093282318,24766.4203125,24741.47021484375,24932.2051953125,24750.447287671435,24791.174099484386,1.0051383120496606,0.9974488583966308,0.9923498551782892,-0.003971138393527696,46.23473416711296,-27.03002608587485,-50.12477589325586,23.094749807381007,0.005804764252775441,0.005733980700443163,189.35030691964286,0.06425891181988752,287230.0,0.7899592660933746,0.0012994782193525012,0.00027084730671167456,0.0007788776228048189,-0.0018457290617897026,213200.0,1
2025-09-10,24991.0,25035.69921875,24915.05078125,24973.099609375,244100,0.0042020862308871365,0.004193282121674665,0.004831135877690893,-0.0007162734834540434,24818.030078125,24760.87265625,24921.326171875,24771.65227069082,24798.308433205584,1.0085710611282284,1.0020774752171266,0.9935615980257873,0.010563624623297851,47.4565356546815,-6.437780696232949,-41.38737685385128,34.94959615761833,0.004777448908399665,0.0054723604937088055,189.92885044642858,0.07580431908329666,287380.0,0.8493980096040086,0.003852930178235292,0.0012994782193525012,0.00027084730671167456,0.0055107151470170646,226900.0,1
2025-09-11,24945.5,25037.30078125,24940.150390625,25005.5,224600,0.0012974116602184615,0.0012965707489705478,0.003885160889604287,0.0024052434306788798,24872.269921875,24786.77763671875,24910.60015625,24793.923483005983,24806.433592687717,1.0088241548170116,1.0038096169162827,0.9950293241128443,0.020595145538736093,47.42895353583062,12.353756461707235,-30.639150190739578,42.99290665244681,0.0033820585965784644,0.00535662149473387,189.50390625,-0.07988529291274071,286760.0,0.783233365880876,0.0042020862308871365,0.003852930178235292,0.0012994782193525012,0.0007788776228048189,244100.0,1
2025-09-12,25074.44921875,25139.44921875,25038.05078125,25114.0,225700,0.004339045410009845,0.004329658895022681,0.004037526379708529,0.0015773339986437265,24946.869921875,24811.51015625,24903.8121484375,24824.406960814937,24818.495020425453,1.0121915128037382,1.0084399870312901,0.9962936601176823,0.028130946135652035,58.608632829680374,35.59095786508624,-17.393128579574416,52.984086444660655,0.002927308360848289,0.0053171652215363765,182.95033482142858,0.004897595725734671,286245.0,0.7884853883910636,0.0012974116602184615,0.0042020862308871365,0.003852930178235292,0.00027084730671167456,224600.0,0
2025-09-15,25118.900390625,25138.44921875,25048.75,25069.19921875,185400,-0.0017838966811339896,-0.001785489719644452,0.0035780647785076153,-0.001978636449131735,25006.0796875,24833.405078125,24897.0901171875,24847.720509189705,24828.32655761465,1.0094950386337758,1.0069128199621884,0.9974420689822489,0.01803644757712264,53.719484075721596,49.81729598322636,-3.951043667014261,53.76833965024062,0.0025822690910318313,0.005352739337093556,178.53948102678572,-0.178555604785113,282005.0,0.6574351518590096,0.004339045410009845,0.0012974116602184615,0.0042020862308871365,0.0012994782193525012,225700.0,1
2025-09-16,25073.599609375,25261.400390625,25070.44921875,25239.099609375,240100,0.006777256391098607,0.0067543940269436074,0.007565688746046696,0.00660056803085105,25080.1796875,24851.51259765625,24892.652109375,24884.994709207353,24844.43530474251,1.015596113524104,1.0139176612631613,0.9983473230759827,0.02683119377373666,70.6207885217014,73.94887642783578,11.628940351955748,62.31993607588004,0.002668123041990648,0.005112475992795169,175.8359375,0.2950377562028048,275855.0,0.8703848036105926,-0.0017838966811339896,0.004339045410009845,0.0012974116602184615,0.003852930178235292,185400.0,1
2025-09-17,25276.599609375,25346.5,25275.349609375,25330.25,268900,0.003611475529465391,0.003604969810507005,0.002808909924892174,0.002122531964509232,25151.609765625,24868.992578125,24890.03109375,24927.39997499713,24863.486861419275,1.0185474912353598,1.017686555094764,0.9991547412879574,0.02489168337929204,85.81095782739305,99.28391931688384,29.15993614494137,70.12398317194247,0.002505961698400026,0.005094312979783528,167.71805245535714,0.11995002082465644,276685.0,0.971863310262573,0.006777256391098607,-0.0017838966811339896,0.004339045410009845,0.0042020862308871365,240100.0,1
2025-09-18,25441.05078125,25448.94921875,25329.75,25423.599609375,272200,0.0036853015416349333,0.0036785274558399,0.004688526431404508,-0.0006859454047338908,25235.2296875,24887.64501953125,24888.0530859375,24974.65708303312,24885.45206722146,1.0215349660212183,1.0215182168564283,0.9999836039241462,0.02786813479067618,92.33368837037996,125.44856370354682,48.41766165666246,77.03090204688436,0.0024572527575615843,0.005117277523065779,164.25013950892858,0.012272220156191782,275940.0,0.9864463289120823,0.003611475529465391,0.006777256391098607,-0.0017838966811339896,0.0012974116602184615,268900.0,0
2025-09-19,25410.19921875,25428.75,25286.30078125,25327.05078125,380400,-0.0037976065391384095,-0.0038048357551339826,0.005624390300328901,-0.0032722465803670434,25277.83984375,24899.81005859375,24885.072109375,25008.218387625206,24902.76966385003,1.0171583928411854,1.0177607953046073,1.0005922405671148,0.023687433056464924,82.63290164660764,136.81641488308742,66.09741230194746,70.71900258113996,0.0031533145231066326,0.005214016449800173,159.51436941964286,0.3975018368846437,283635.0,1.3411602940398752,0.0036853015416349333,0.003611475529465391,0.006777256391098607,0.004339045410009845,272200.0,0
2025-09-22,25238.099609375,25331.69921875,25151.05078125,25202.349609375,254500,-0.004923635718664832,-0.00493579674708062,0.007167920463765043,-0.0014165091886205342,25304.469921875,24916.42255859375,24882.0141015625,25026.7070754109,24914.517897007874,1.0114754455664277,1.0128741791763707,1.001382864622245,0.017325177136631842,76.96233958639165,134.21601773876318,79.72113338931061,54.494884349452576,0.003908260609592354,0.004939518877802142,155.72140066964286,-0.3309674027339643,285850.0,0.8903270946300508,-0.0037976065391384095,0.0036853015416349333,0.003611475529465391,-0.0017838966811339896,380400.0,0
2025-09-23,25209.0,25261.900390625,25084.650390625,25169.5,299200,-0.0013034343973540308,-0.001304284606843299,0.007042253521126761,-0.001566900710063866,25290.55,24926.51005859375,24882.407109375,25040.306401562244,24924.51719516443,1.0097482535996842,1.011537987034897,1.001772455093468,0.012099611371424679,71.5941657757187,128.02866062154135,89.38263883575677,38.64602178578458,0.003935917226855477,0.004896240548661415,153.8212890625,0.17563850687622784,290160.0,1.0311552247036118,-0.004923635718664832,-0.0037976065391384095,0.0036853015416349333,0.006777256391098607,254500.0,0
2025-09-24,25108.75,25149.849609375,25027.44921875,25056.900390625,244400,-0.00447365300760838,-0.004483689738311146,0.004884897521913601,-0.002065001617961866,25235.880078125,24943.7525390625,24881.8991015625,25041.886781472982,24929.70869302563,1.0045361198715113,1.0070332770158814,1.0024858808906638,0.003355641973195045,64.07994585259152,112.73969505965943,94.05405008053731,18.685644979122117,0.004153786170759268,0.004372543559512963,143.09626116071428,-0.1831550802139037,264855.0,0.9227690623171169,-0.0013034343973540308,-0.004923635718664832,-0.0037976065391384095,0.003611475529465391,299200.0,0
2025-09-25,25034.5,25092.69921875,24878.30078125,24890.849609375,342500,-0.006626948212322681,-0.006649003929024595,0.008613544369303007,-0.005738097051069524,25129.330078125,24963.25,24875.800078125,25027.502288892225,24928.184807392274,0.9970997209648182,1.0006049868226443,1.0035154616776285,-0.004585006923476853,55.741579171873944,86.2301617697558,92.48927241838102,-6.259110648625224,0.0046764655644297385,0.004173680570222482,143.35686383928572,0.4013911620294599,265650.0,1.2892904197252024,-0.00447365300760838,-0.0013034343973540308,-0.004923635718664832,0.0036853015416349333,244400.0,0
2025-09-26,24818.55078125,24868.599609375,24629.44921875,24654.69921875,291500,-0.009487437927231501,-0.009532730366893805,0.009699992220676744,-0.006601979460613273,24994.859765625,24974.64248046875,24864.653046875,24991.997234592964,24917.45988234748,0.9871892756034863,0.9915561328071141,1.0044235257731686,-0.01828863507406231,46.07504954160265,45.639696700513014,83.11935727480741,-37.4796605742944,0.00513152921355109,0.004706321309809935,150.11760602678572,-0.1489051094890511,263950.0,1.1043758287554462,-0.006626948212322681,-0.00447365300760838,-0.0013034343973540308,-0.0037976065391384095,342500.0,0
2025-09-29,24728.55078125,24791.30078125,24606.19921875,24634.900390625,394400,-0.0008030448049409777,-0.0008033674181471517,0.00751379382765606,-0.0037871362318575015,24881.369921875,24975.1349609375,24855.1220703125,24957.98801135792,24906.379117966208,0.986377067797846,0.9911397868389253,1.0048284973328836,-0.017324000832071862,41.8475165224501,11.738546078457148,68.84319503553736,-57.104648957080215,0.005142198931845271,0.004355755255860762,154.86411830357142,0.3530017152658662,272205.0,1.4489079921382781,-0.009487437927231501,-0.006626948212322681,-0.00447365300760838,-0.004923635718664832,291500.0,0
2025-09-30,24691.94921875,24731.80078125,24587.69921875,24611.099609375,303000,-0.0009661407544825362,-0.0009666077692868598,0.005855145230695341,-0.003274330781208893,24769.68984375,24976.7099609375,24847.9760546875,24924.95102069288,24894.799529394004,0.9853619491064156,0.9904669722479141,1.0051808608462385,-0.024882028666614153,36.61838008929551,-16.854594891290617,51.70363705017177,-68.5582319414624,0.004220911307909486,0.0043403054225877365,153.22140066964286,-0.23174442190669375,273775.0,1.1067482421696648,-0.0008030448049409777,-0.009487437927231501,-0.006626948212322681,-0.0013034343973540308,394400.0,1
2025-10-01,24620.55078125,24867.94921875,24605.94921875,24836.30078125,308900,0.009150390492475902,0.009108779315782467,0.01054907501353,0.008763004610128638,24725.569921875,24982.7724609375,24842.8880859375,24916.50814074594,24892.50546083934,0.9941370926739008,0.9997348414296795,1.0056307613879718,-0.019500368877133023,44.52572272087315,-21.0997874115601,37.1429521578254,-58.2427395693855,0.005323171467575709,0.004642932653729498,164.99637276785714,0.019471947194719563,272205.0,1.1348064877573887,-0.0009661407544825362,-0.0008030448049409777,-0.009487437927231501,-0.00447365300760838,303000.0,1
2025-10-03,24759.55078125,24904.80078125,24747.55078125,24894.25,365900,0.0023332467769816567,0.0023305289834215856,0.006316719724434357,0.00544029332115369,24726.25,24990.769921875,24839.555078125,24914.388317817757,24892.57387413976,0.9961377771802655,1.0022019284042316,1.0060876631354467,-0.020821190449357152,42.64977187325247,-19.562609828732093,25.801839760513904,-45.36444958924599,0.0051793849056657945,0.004665240408895505,166.66071428571428,0.18452573648429915,274795.0,1.3315380556414782,0.009150390492475902,-0.0009661407544825362,-0.0008030448049409777,-0.006626948212322681,308900.0,1
2025-10-06,24916.55078125,25095.94921875,24881.650390625,25077.650390625,268800,0.007367178791287232,0.007340173682814145,0.008545410945082528,0.0064655662330369325,24810.840234375,25007.60244140625,24836.710078125,24929.93708665654,24899.831776747025,1.0028010661710924,1.009700975360348,1.006880636072318,-0.009847194321165653,50.2586906796026,-3.5051021019753534,19.940451388016054,-23.445553489991408,0.005919036611378248,0.004921884990612418,175.56068638392858,-0.2653730527466521,277730.0,0.96784646959277,0.0023332467769816567,0.009150390492475902,-0.0009661407544825362,-0.009487437927231501,365900.0,1
2025-10-07,25085.30078125,25220.900390625,25076.30078125,25108.30078125,288000,0.0012222193924698033,0.0012214730903828323,0.005759036050857807,0.0009168716054300351,24905.5203125,25024.3599609375,24837.6341015625,24946.92410518925,24908.00703182557,1.0033543643251428,1.0108974421066326,1.007517860139636,-0.0037317484116645705,45.62311854029444,11.560555934396689,18.264472297292183,-6.7039163628954945,0.005781581158095286,0.004921401265715697,172.16057477678572,0.0714285714285714,281470.0,1.0231996305112445,0.007367178791287232,0.0023332467769816567,0.009150390492475902,-0.0008030448049409777,268800.0,0
2025-10-08,25079.75,25192.5,25008.5,25046.150390625,227400,-0.0024752925801897474,-0.0024783611817054724,0.007346438359999342,-0.0013397106978737827,24992.53046875,25033.2375,24841.817109375,24956.3742276117,24913.424418445156,1.000515829829242,1.0082253757988133,1.0077055712060918,-0.004900757240906661,40.305098889204366,18.274524022046535,18.266482642243055,0.008041379803479742,0.005814402478609022,0.004909905826333941,177.63197544642858,-0.2104166666666667,281495.0,0.8078296239720066,0.0012222193924698033,0.007367178791287232,0.0023332467769816567,-0.0009661407544825362,288000.0,1
2025-10-09,25074.30078125,25199.25,25024.30078125,25181.80078125,286300,0.005416017571936882,0.005401403691044332,0.006947446700486354,0.00428725813484642,25061.63046875,25043.67255859375,24851.8351171875,24977.8434231963,24923.948981692407,1.0055154938770692,1.0132773158403219,1.0077192465064109,0.004984670437199412,41.98014876120859,34.14761252778408,21.44270861935126,12.704903908432815,0.0058998905313963745,0.004966707145392893,181.61411830357142,0.25901495162708876,283605.0,1.0095026533382698,-0.0024752925801897474,0.0012222193924698033,0.007367178791287232,0.009150390492475902,227400.0,1
2025-10-10,25167.650390625,25330.75,25156.849609375,25285.349609375,232900,0.0041120501676790155,0.004103618794970308,0.006877515767491041,0.004676607348051974,25139.850390625,25057.6650390625,24861.1201171875,25007.12972664189,24938.12155532702,1.0090864240525828,1.0170639733925027,1.0079057146640436,0.015849197845436924,48.623271109391624,54.454951776977396,28.04515725087649,26.409794526100907,0.0054124741863848715,0.005032127937297266,183.86063058035714,-0.1865176388403772,284020.0,0.8200126751637209,0.005416017571936882,-0.0024752925801897474,0.0012222193924698033,0.0023332467769816567,286300.0,0
2025-10-13,25177.30078125,25267.30078125,25152.30078125,25227.349609375,234300,-0.0022938183927065925,-0.0022964532241035664,0.004558544666034344,0.001987855193844778,25169.790234375,25063.33251953125,24868.56609375,25028.103048806952,24949.463831956353,1.0065441054064113,1.014427189499887,1.0078318317609072,0.023226825261348116,50.86337845385108,65.11791042774712,35.45970788625061,29.658202541496507,0.0040833035003961715,0.004988570316233636,179.17145647321428,0.006011163589523472,284450.0,0.8236948497099666,0.0041120501676790155,0.005416017571936882,-0.0024752925801897474,0.007367178791287232,232900.0,0
2025-10-14,25277.55078125,25310.349609375,25060.55078125,25145.5,292100,-0.003244479132464395,-0.0032497538671527296,0.009934136450856017,-0.005224033862804091,25177.230078125,25067.14755859375,24876.1091015625,25039.283710825337,24957.15152482081,1.0031257023250493,1.0108293020157473,1.0076795955609976,0.020726676433784563,49.19829010311054,66.20068229313256,41.607902767627,24.592779525505556,0.004353947320511305,0.005030203301849758,184.353515625,0.24669227486128897,289785.0,1.0079886812636956,-0.0022938183927065925,0.0041120501676790155,0.005416017571936882,0.0012222193924698033,234300.0,1
2025-10-15,25181.94921875,25365.150390625,25159.349609375,25323.55078125,289900,0.007080820872521931,0.007055869574947451,0.008126853261130287,0.005623137481135344,25232.71015625,25071.3701171875,24891.273125,25066.356765151493,24971.52012311215,1.0100585114767868,1.0173666350483228,1.0072353467531805,0.028948368142137415,58.53416729905873,80.49806522421204,49.385935258944016,31.112129965268025,0.004473511670020091,0.005051436764707145,191.29994419642858,-0.007531667237247519,292275.0,0.9918740911812506,-0.003244479132464395,-0.0022938183927065925,0.0041120501676790155,-0.0024752925801897474,292100.0,1
2025-10-16,25394.900390625,25625.400390625,25376.849609375,25585.30078125,372800,0.010336228211479837,0.010283174673804386,0.009714592897502641,0.00749758367610254,25313.41015625,25084.12265625,24908.524140625,25115.78000477992,24995.58995284305,1.0199798945280283,1.0271704833575908,1.0070497358508128,0.03015747017226711,70.94305259574188,111.66270352948413,61.84128891305204,49.821414616432094,0.004667188669543751,0.005492149324793737,197.54645647321428,0.28596067609520515,297470.0,1.2532356203986956,0.007080820872521931,-0.003244479132464395,-0.0022938183927065925,0.005416017571936882,289900.0,1
2025-10-17,25546.849609375,25781.5,25508.599609375,25709.849609375,422100,0.004867983737610659,0.0048561734175648985,0.010614624152662795,0.006380434475966987,25398.31015625,25098.43515625,24929.7301171875,25172.358062360407,25023.600135452143,1.0243606603088458,1.0312927371664427,1.0067672228407394,0.0327625700462959,84.11745908648265,144.74245255321875,78.42152164108538,66.32093091213338,0.004696911428545525,0.0055341620838234755,199.95717075892858,0.13224248927038618,304965.0,1.3840932566032167,0.010336228211479837,0.007080820872521931,-0.003244479132464395,0.0041120501676790155,372800.0,1
2025-10-20,25824.599609375,25926.19921875,25788.5,25843.150390625,301100,0.005184813729964155,0.0051714188632333265,0.005328267516484852,0.000718337613384162,25521.4703125,25124.24013671875,24955.109140625,25236.243046004656,25055.7393611452,1.0286142088275765,1.035585548634381,1.0067774095933892,0.030525188288220706,86.39632685528167,179.64382875354568,98.66598306357744,80.97784568996823,0.004532926873523698,0.00552553925220375,202.18917410714286,-0.2866619284529732,301000.0,1.0003322259136214,0.004867983737610659,0.010336228211479837,0.007080820872521931,-0.0022938183927065925,422100.0,1
2025-10-21,25901.19921875,25934.349609375,25825.80078125,25868.599609375,42500,0.0009847568259027106,0.000984272270986046,0.004196161746833059,-0.0012586139004483233,25666.090234375,25157.55263671875,24980.558125,25296.467480611354,25087.6162336248,1.0282637577241294,1.0355493051809066,1.0070852905220566,0.030280775857710163,87.8423111646103,206.97112580504108,120.32701161187018,86.6441141931709,0.004543914867799745,0.005345987871845036,199.64969308035714,-0.858850880106277,290400.0,0.14634986225895316,0.005184813729964155,0.004867983737610659,0.010336228211479837,-0.003244479132464395,301100.0,1
2025-10-23,26057.19921875,26104.19921875,25862.44921875,25891.400390625,448400,0.0008814076368377499,0.0008810194252249848,0.009337077035336223,-0.006362879860307319,25779.66015625,25193.64765625,25011.1201171875,25353.127757755512,25119.137180958143,1.0276955819933404,1.0351955557893058,1.0072978554421905,0.03374770121624704,86.15584578995768,227.84162170515992,141.82993363052813,86.01168807463179,0.004206963245349451,0.0053120833732048095,198.20326450892858,9.550588235294118,297860.0,1.5054052239307056,0.0009847568259027106,0.005184813729964155,0.004867983737610659,0.007080820872521931,42500.0,0
2025-10-24,25935.099609375,25944.150390625,25718.19921875,25795.150390625,284900,-0.0037174505259611745,-0.0037243774174138414,0.008759443866515304,-0.0053961319161238645,25821.630078125,25230.56015625,25035.322109375,25395.22515136213,25145.647502905864,1.022377237400936,1.030350249856201,1.0077985034912689,0.024356860524116675,80.0821475760726,233.91860143653685,160.24766719172987,73.67093424480697,0.004669439499802226,0.005270263513517137,203.11049107142858,-0.3646297948260482,299885.0,0.9500308451573103,0.0008814076368377499,0.0009847568259027106,0.005184813729964155,0.010336228211479837,448400.0,1
2025-10-27,25843.19921875,26005.94921875,25827.0,25966.05078125,266300,0.006625291500029773,0.00660344071508198,0.006891660971379546,0.004753728880860369,25872.8703125,25284.32021484375,25064.8951171875,25449.589497065735,25177.820180487986,1.026962582367788,1.035952899856523,1.0087542795064712,0.02692077358592737,79.91447763883573,249.64710843904686,178.12755544119327,71.5195529978536,0.004834392919740088,0.005025572648597268,202.86049107142858,-0.06528606528606529,296075.0,0.8994342649666469,-0.0037174505259611745,0.0008814076368377499,0.0009847568259027106,0.004867983737610659,284900.0,0
2025-10-28,25939.94921875,26041.69921875,25810.05078125,25936.19921875,395200,-0.001149638146805021,-0.0011502994876563522,0.008931472015087503,-0.00014456466234287816,25891.480078125,25348.39521484375,25091.232109375,25495.933280083285,25207.560534929635,1.0231890026537869,1.0336757918340442,1.01024912225704,0.02809845744206041,77.89224330797778,256.7437102679214,193.8507864065389,62.89292386138251,0.004716058304664764,0.004300300889312778,209.07826450892858,0.4840405557641758,301260.0,1.311823673902941,0.006625291500029773,-0.0037174505259611745,0.0008814076368377499,0.005184813729964155,266300.0,1
2025-10-29,25982.0,26097.849609375,25960.30078125,26053.900390625,321900,0.0045381040946781415,0.004527837947802368,0.005279394872273878,0.002767315473212224,25928.540234375,25419.34521484375,25119.6841015625,25549.07300489678,25240.750333192198,1.0249634744883476,1.037190606589053,1.011929334464147,0.03612576368038023,82.72654388800231,268.7671389698262,208.83405691919637,59.93308205062982,0.004228964977922552,0.004247473835608077,207.48186383928572,-0.18547570850202433,297635.0,1.081526030204781,-0.001149638146805021,0.006625291500029773,-0.0037174505259611745,0.0009847568259027106,395200.0,0
2025-10-30,25984.400390625,26032.05078125,25845.25,25877.849609375,257400,-0.0067571756478100875,-0.006780108726120027,0.007218558886064707,-0.004100567249896704,25925.830078125,25482.68271484375,25139.702109375,25580.38506246614,25265.7346185327,1.0155072720934937,1.0293618236520286,1.0136429860615113,0.021888669283117057,72.02612650141474,261.0803938477329,219.2833243049037,41.797069542829234,0.005122956595809626,0.0046942455921832,208.32840401785714,-0.20037278657968316,295355.0,0.8714936263140965,0.0045381040946781415,-0.001149638146805021,0.006625291500029773,0.0008814076368377499,321900.0,0
2025-10-31,25863.80078125,25953.75,25711.19921875,25722.099609375,334400,-0.006018660837397216,-0.006036845980053782,0.00942966495478452,-0.005478745102990681,25911.219921875,25526.97265625,25154.53109375,25593.88168598127,25283.63128484024,1.0076439519778788,1.0225632715437905,1.0148061421265189,0.00534677427850494,63.37873961666312,239.65823862275647,223.35830716847425,16.299931454282216,0.004841277348398868,0.004794199780131853,213.23200334821428,0.2991452991452992,296630.0,1.127330344199845,-0.0067571756478100875,0.0045381040946781415,-0.001149638146805021,-0.0037174505259611745,257400.0,1
2025-11-03,25696.849609375,25803.099609375,25645.5,25763.349609375,23300,0.0016036793506921665,0.001602394830084992,0.006117201829906901,0.002587865867251632,25870.6796875,25570.42763671875,25168.7870703125,25610.021488209244,25302.44376815533,1.0075447300059706,1.0236230112083473,1.0159578832815506,0.0020809145449256494,66.58925112859039,223.43394904622983,223.37343554402537,0.060513502204457836,0.004622870846287367,0.004792341270785773,216.27483258928572,-0.930322966507177,279500.0,0.08336314847942755,-0.006018660837397216,-0.0067571756478100875,0.0045381040946781415,0.006625291500029773,334400.0,0
2025-11-04,25744.75,25787.400390625,25578.400390625,25597.650390625,305100,-0.006431586779760301,-0.006452358545521922,0.008164811879630371,-0.0057137711329494365,25802.969921875,25596.42763671875,25179.065078125,25608.843288439315,25314.02049844826,1.0000477704906172,1.0166243389578296,1.0165757766342303,-0.009499615808800876,63.303600059305644,194.95818393304216,217.69038522182873,-22.73220128878657,0.004696915565938887,0.004930772319944498,213.36063058035714,12.094420600858369,281315.0,1.0845493485949913,0.0016036793506921665,-0.006018660837397216,-0.0067571756478100875,-0.001149638146805021,23300.0,0
2025-11-06,25593.349609375,25679.150390625,25491.55078125,25509.69921875,371900,-0.0034359080045569534,-0.0034418242922323408,0.007354050228750309,-0.0032684424626606263,25694.1296875,25616.49755859375,25191.8570703125,25599.400996087952,25321.69417375421,0.9958308765825825,1.012616860581194,1.0168562598261828,-0.013873978338391879,55.783687607562705,163.41031796620518,206.83437177070402,-43.42405380449884,0.004702458358697237,0.005030304872433438,211.0712890625,0.2189446083251394,285510.0,1.3025813456621484,-0.006431586779760301,0.0016036793506921665,-0.006018660837397216,0.0045381040946781415,305100.0,0
2025-11-07,25433.80078125,25551.25,25318.44921875,25492.30078125,305600,-0.0006820322478444663,-0.0006822649376453303,0.00913219968835566,0.0023000887874818406,25617.019921875,25638.805078125,25202.3480859375,25589.200975627195,25328.384628950123,0.9942858375642476,1.0115049873259345,1.0173181082452802,-0.015414369379553094,46.593162857919665,135.44319357092536,192.55613613074829,-57.112942559822926,0.004643929954383192,0.004984653481486804,206.13922991071428,-0.17827372949717668,289420.0,1.0559049132748255,-0.0034359080045569534,-0.006431586779760301,0.0016036793506921665,-0.0067571756478100875,371900.0,1
2025-11-10,25503.5,25653.44921875,25503.5,25574.349609375,243600,0.0032185728871263475,0.0032134043686110675,0.005863266164744689,0.002778034755033623,25587.469921875,25658.43251953125,25219.5940625,25587.78655979365,25338.03031445698,0.9967229911612003,1.0140666636423978,1.0174006947115686,-0.00855977879199521,44.876748342121196,118.53332235871494,177.7515733763416,-59.21825101762667,0.004799205157823811,0.004903614566551386,198.15694754464286,-0.20287958115183247,287285.0,0.8479384583253563,-0.0006820322478444663,-0.0034359080045569534,-0.006431586779760301,-0.006018660837397216,305600.0,1
2025-11-11,25617.0,25715.80078125,25449.25,25694.94921875,297700,0.0047156471705849246,0.004704563337770722,0.010373664449801433,0.003042870701096928,25573.78984375,25678.9125,25243.4750390625,25597.9925273133,25352.02713423318,1.0006245092641677,1.0178847872168502,1.01724950547671,-0.010440615894341643,44.342176098734356,113.55452232938842,164.912163166951,-51.35764083756257,0.004499301892839461,0.0049268805730511,201.74274553571428,0.22208538587848925,290525.0,1.0246966698218742,0.0032185728871263475,-0.0006820322478444663,-0.0034359080045569534,0.0016036793506921665,243600.0,1
2025-11-12,25834.30078125,25934.55078125,25781.150390625,25875.80078125,312600,0.0070384090258497345,0.007013755040664786,0.005928334041594425,0.0016063914541910049,25629.419921875,25711.33505859375,25272.4540625,25624.450456259656,25372.56727725345,1.0063966232123476,1.023873689403407,1.0173659825440131,-0.0023287312451061304,50.245756419195,122.78658971576442,156.48704847671368,-33.70045876094926,0.005169730481006676,0.005056694977499692,211.10365513392858,0.05005038629492775,294440.0,1.0616764026626817,0.0047156471705849246,0.0032185728871263475,-0.0006820322478444663,-0.006431586779760301,297700.0,1
2025-11-13,25906.099609375,26010.69921875,25808.400390625,25879.150390625,385200,0.00012944949620363744,0.00012944111834060272,0.0078170583296384,-0.001040265387547862,25703.31015625,25748.017578125,25297.5360546875,25648.707592865878,25392.433281699392,1.0050929284983636,1.0229909479990533,1.017807328052173,-0.006707249102053114,49.57631583924861,128.8876188749964,150.96716255637023,-22.07954368137382,0.004899715893015676,0.0049531584805672805,208.28571428571428,0.23224568138195778,299095.0,1.287885120112339,0.0070384090258497345,0.0047156471705849246,0.0032185728871263475,-0.0034359080045569534,312600.0,1
2025-11-14,25767.900390625,25940.19921875,25740.80078125,25910.05078125,518900,0.001194026471448284,0.0011933141887742222,0.007695794932377985,0.0055165686171589606,25786.86015625,25777.342578125,25324.145078125,25673.597420331032,25412.732007171966,1.005148249968855,1.0231362480872497,1.0178958657282167,0.0012443526939476257,54.16214457030061,134.66381112795716,147.70649227068762,-13.042681142730459,0.004420828199671919,0.004773401988414474,206.38909040178572,0.34709241952232617,310545.0,1.6709333590944953,0.00012944949620363744,0.0070384090258497345,0.0047156471705849246,-0.0006820322478444663,385200.0,1
2025-11-17,25948.19921875,26024.19921875,25906.349609375,26013.44921875,281800,0.0039906690408659795,0.003982727442351947,0.004530333843235838,0.0025146253676382587,25874.680078125,25798.75,25350.113046875,25705.964258275697,25436.28954488091,1.0083220783468192,1.0261669906815967,1.0176976312608714,0.011326820663924764,51.80524106082832,145.9029959571635,147.34579300798282,-1.4427970508193084,0.0039830319913645535,0.004325452245642643,199.74986049107142,-0.4569281171709385,305995.0,0.9209300805568719,0.001194026471448284,0.00012944949620363744,0.0070384090258497345,0.0032185728871263475,518900.0,0
2025-11-18,26021.80078125,26029.849609375,25876.5,25910.05078125,280000,-0.003974806902018679,-0.003982727442351953,0.0059185375848808675,-0.0042944760410479135,25917.700390625,25808.76005859375,25373.628046875,25725.401069987536,25454.868416895388,1.0039246644327853,1.0211409552226436,1.0171489867714183,0.005694180846019137,49.05693072794128,144.79760448765956,146.83615530391816,-2.0385508162586063,0.0042887087028509515,0.0043439210691304615,194.15708705357142,-0.0063875088715400485,298890.0,0.9367994914517046,0.0039906690408659795,0.001194026471448284,0.00012944949620363744,0.0047156471705849246,281800.0,1
2025-11-19,25918.099609375,26074.650390625,25856.19921875,26052.650390625,250100,0.005503640675154298,0.005488550984983714,0.008384988421508519,0.005191382982467232,25953.0703125,25819.23505859375,25399.8610546875,25756.56767195301,25478.310847237724,1.0090403658939369,1.025700508145773,1.0165108778746195,0.01777506892455416,49.95571289778814,153.6569093037142,148.20030610387738,5.45660319983682,0.003744770589923085,0.004362839204501138,198.21428571428572,-0.10678571428571426,296340.0,0.8439630154552203,-0.003974806902018679,0.0039906690408659795,0.001194026471448284,0.0070384090258497345,280000.0,1
2025-11-20,26132.099609375,26246.650390625,26063.19921875,26192.150390625,240400,0.005354541588221684,0.005340256999340202,0.007004051562740835,0.002297970011887469,26015.6703125,25835.41259765625,25428.2410546875,25798.05174039796,25506.304554821538,1.0138080935080989,1.0300417686891747,1.0160125720883746,0.02675261538847895,61.43165246844471,169.97508932422716,152.55526274794735,17.419826576279803,0.003402993188753696,0.004499922749953063,198.728515625,-0.038784486205517776,306235.0,0.7850180417000017,0.005503640675154298,-0.003974806902018679,0.0039906690408659795,0.00012944949620363744,250100.0,0
2025-11-21,26109.55078125,26179.19921875,26052.19921875,26068.150390625,235600,-0.0047342428227803435,-0.0047454848460117445,0.004871845454968433,-0.0015856416286844268,26047.290234375,25844.25009765625,25452.2320703125,25823.775421371964,25528.337724853045,1.0086634470771143,1.02419899043082,1.0154021080061186,0.022589157970337004,62.88402357225548,170.93121225398136,156.23045264915416,14.700759604827198,0.0040287999325436825,0.004656014968426009,190.47488839285714,-0.019966722129783676,295595.0,0.7970364857321673,0.005354541588221684,0.005503640675154298,-0.003974806902018679,0.001194026471448284,240400.0,0
2025-11-24,26122.80078125,26142.80078125,25912.150390625,25959.5,464700,-0.004167936312968079,-0.00417664636992243,0.008885008980334752,-0.006251273843776024,26036.500390625,25852.467578125,25471.960078125,25836.70157171749,25545.246049368612,1.0041401240153016,1.019140259343202,1.0149382889590337,0.015060026804506244,56.95398263668177,161.0651097444861,157.19738406822057,3.867725676265536,0.004481488829736462,0.004677841884190416,195.69280133928572,0.9724108658743633,304585.0,1.5256824860055485,-0.0047342428227803435,0.005354541588221684,0.005503640675154298,0.0039906690408659795,235600.0,0
2025-11-25,25998.5,26032.599609375,25857.5,25884.80078125,260500,-0.002877529180069005,-0.002881677226487561,0.006764572416637478,-0.004373299180721965,26031.450390625,25848.405078125,25489.54609375,25841.282448815826,25558.561921207096,1.0014080444427806,1.015506540840165,1.0140786730001046,0.007388672415101105,60.882302869704894,145.54084548781975,154.86607635214042,-9.325230864320673,0.0045196996974451635,0.0044838086997531276,193.27134486607142,-0.43942328383903595,304295.0,0.856077161964541,-0.004167936312968079,-0.0047342428227803435,0.005354541588221684,-0.003974806902018679,464700.0,1
2025-11-26,25842.94921875,26215.150390625,25842.94921875,26205.30078125,275300,0.012381783530362567,0.012305756174877891,0.014203277992569789,0.014021292981417955,26061.98046875,25861.86015625,25511.372109375,25875.950861428602,25583.924229444074,1.0132798113873105,1.0272007585048706,1.013738502396984,0.012733905427141812,72.41136715456159,157.28632681963063,155.35012644563847,1.9362003739921647,0.0055326916507777565,0.005267869636437162,206.45717075892858,0.056813819577735014,298300.0,0.9228964130070398,-0.002877529180069005,-0.004167936312968079,-0.0047342428227803435,0.005503640675154298,260500.0,1
2025-11-27,26261.25,26310.44921875,26141.900390625,26215.55078125,240300,0.0003911422381892571,0.0003910657620054032,0.0064293452970498035,-0.001740176828978057,26066.660546875,25869.94267578125,25534.299140625,25908.293710935402,25608.693898142345,1.0133594461263455,1.026679864478486,1.0131448109583021,0.012998896236827928,73.40999608046428,165.5138540531625,157.38287196714327,8.13098208601923,0.005527339431733905,0.005182584876902002,201.86774553571428,-0.12713403559753,294220.0,0.8167357759499694,0.012381783530362567,-0.002877529180069005,-0.004167936312968079,0.005354541588221684,275300.0,0
2025-11-28,26237.44921875,26280.75,26172.400390625,26202.94921875,202500,-0.0004806903583736144,-0.0004808059270205712,0.004135015813314192,-0.0013149144077369136,26093.6203125,25886.19765625,25553.5761328125,25936.35614025108,25631.998028362254,1.0122363108984267,1.025412219509412,1.0130166330422297,0.011304433170465256,71.30414521422435,169.06847178253156,159.71999193022094,9.348479852310618,0.005555923127581729,0.0049134909376182334,198.09640066964286,-0.1573033707865169,291475.0,0.6947422591989021,0.0003911422381892571,0.012381783530362567,-0.002877529180069005,-0.0047342428227803435,240300.0,0
2025-12-01,26325.80078125,26325.80078125,26124.19921875,26175.75,213800,-0.0010380212747401751,-0.001038560391932615,0.007701844741793454,-0.005699761329078754,26136.8703125,25908.88017578125,25570.4861328125,25959.155555465262,25653.321635093147,1.0103003226078529,1.0236704090819304,1.0132337743291675,0.00623911038806102,67.39638631185586,167.7569842140001,161.3273903869768,6.429593827023325,0.005495438186750378,0.004678344675092248,193.45717075892858,0.05580246913580256,285445.0,0.749005938096656,-0.0004806903583736144,0.0003911422381892571,0.012381783530362567,-0.004167936312968079,202500.0,0
2025-12-02,26087.94921875,26154.599609375,25997.849609375,26032.19921875,254800,-0.005484113396941881,-0.005499206353098099,0.006021389075998579,-0.00213700201317209,26166.35,25922.32265625,25582.658125,25966.112094825716,25668.179579550277,1.00423868508841,1.0175721026155096,1.0132771399121372,0.004714326441551897,55.815808051316466,153.36636058664953,159.73518442691133,-6.368823840261797,0.0056552253788234,0.004885094826180249,187.53920200892858,0.19176800748362965,297020.0,0.8578546899198707,-0.0010380212747401751,-0.0004806903583736144,0.0003911422381892571,-0.002877529180069005,213800.0,0
2025-12-03,26004.900390625,26066.44921875,25891.0,25986.0,265700,-0.0017746951904364927,-0.0017762718275890193,0.00675168239629031,-0.0007268011159855763,26122.48984375,25941.74013671875,25595.837109375,25968.00618103279,25680.643125450268,1.0017061254583537,1.0152432166589345,1.0135140345621694,-0.002558295974715241,53.85058272203476,136.6584829089552,155.11984412332012,-18.461361214364928,0.005399804577259986,0.004639608780500439,185.62137276785714,0.04277864992150704,295050.0,0.9005253346890357,-0.005484113396941881,-0.0010380212747401751,-0.0004806903583736144,0.012381783530362567,254800.0,1
2025-12-04,25981.849609375,26098.25,25938.94921875,26033.75,248100,0.0018375278996383138,0.0018358417105443499,0.006119010179094444,0.001997563353082948,26086.1296875,25967.94267578125,25612.4651171875,25974.267497124907,25694.490453863986,1.0025341755040196,1.0164484316868738,1.0138790841477887,-0.006047628326145249,54.40431154381085,125.82002053573524,149.25987940580313,-23.439858870067894,0.005101737381052222,0.004537435635224838,182.75725446428572,-0.06624012043658256,288860.0,0.8588935816658589,-0.0017746951904364927,-0.005484113396941881,-0.0010380212747401751,0.0003911422381892571,265700.0,1
2025-12-05,25999.80078125,26202.599609375,25985.349609375,26186.44921875,249300,0.005865433091659877,0.005848298407896911,0.008296275611297648,0.007178841063836277,26082.8296875,26002.65009765625,25632.8041015625,25994.475280136823,25713.78295444775,1.0070684764977211,1.0215990851018033,1.014428620241014,0.004538059906526559,55.95075257779056,128.0756356075908,145.02303064616066,-16.94739503856985,0.005244701213707777,0.00464249759992067,189.85728236607142,0.0048367593712213,286045.0,0.8715411910713349,0.0018375278996383138,-0.0017746951904364927,-0.005484113396941881,-0.0004806903583736144,248100.0,0
2025-12-08,26159.80078125,26178.69921875,25892.25,25960.55078125,320700,-0.00862653945989178,-0.008663963433110109,0.011034019315063526,-0.0076166482178569245,26039.78984375,26021.96015625,25650.877109375,25991.244375480936,25723.460124126268,0.9976400941884753,1.012072634809116,1.0144666806243197,4.04777152873681e-05,51.60205808947633,110.36291581366095,138.09100767966072,-27.728091865999772,0.005842676639618997,0.005125256616231402,199.36439732142858,0.286401925391095,289900.0,1.1062435322525008,0.005865433091659877,0.0018375278996383138,-0.0017746951904364927,-0.0010380212747401751,249300.0,0
2025-12-09,25867.099609375,25923.650390625,25728.0,25839.650390625,276000,-0.004657081109092687,-0.004667959097577137,0.007571711987867483,-0.0010611633760459016,26001.280078125,26029.19521484375,25669.853125,25976.806853113703,25728.016605165434,0.992717991368759,1.006614656686899,1.0139986032679627,-0.0017442819439316137,43.14847484205606,85.58325614390196,127.58945737250897,-42.00620122860701,0.005966694522022307,0.005172850782133556,197.73577008928572,-0.13938260056127216,288815.0,0.9556290358880252,-0.00862653945989178,0.005865433091659877,0.0018375278996383138,-0.005484113396941881,320700.0,0
2025-12-10,25864.05078125,25947.650390625,25734.55078125,25758.0,207900,-0.0031598875909956137,-0.003164890577820058,0.008273142688679245,-0.004100316000264,25955.680078125,26023.30517578125,25691.919140625,25955.96810519811,25729.192424570712,0.9898050930122374,1.0025720483944118,1.0128984539201764,-0.017069095485064856,35.49494735935414,58.680263633192226,113.80761862464563,-55.1273549914534,0.0040778814147934,0.004972391552946252,199.10002790178572,-0.24673913043478257,283580.0,0.7331264546159814,-0.004657081109092687,-0.00862653945989178,0.005865433091659877,-0.0017746951904364927,276000.0,1
2025-12-11,25771.400390625,25922.80078125,25693.25,25898.55078125,206100,0.0054565875164998,0.005441754277616313,0.00886346047656805,0.004933778867183879,25928.640234375,26024.2751953125,25717.1921484375,25950.499788631623,25735.833928754215,0.9951689561719227,1.007052038642699,1.011940768848424,-0.012092059504877017,44.39562311945033,48.14572767883874,100.67524043548426,-52.529512756645516,0.0046423395711137905,0.00513182923893781,206.42508370535714,-0.008658008658008698,274625.0,0.7504779244424215,-0.0031598875909956137,-0.004657081109092687,-0.00862653945989178,0.0018375278996383138,207900.0,1
2025-12-12,25971.19921875,26057.599609375,25938.44921875,26046.94921875,216300,0.005729990019651465,0.0057136360690816825,0.004574447073411159,0.0029166924238643557,25900.740234375,26031.1201171875,25745.909140625,25959.685448642897,25748.03452836189,1.0006080837663243,1.011692734425524,1.0110779143593132,-0.005953528310789213,52.815769415564645,51.18155660145203,90.77650366867782,-39.59494706722579,0.005138214397791291,0.005282737467329093,201.31068638392858,0.04949053857350805,259495.0,0.8335420721015819,0.0054565875164998,-0.0031598875909956137,-0.004657081109092687,0.005865433091659877,206100.0,0
2025-12-15,25930.05078125,26047.150390625,25904.75,26027.30078125,181600,-0.0007543469807149705,-0.0007546316435640039,0.005471193183719799,0.0037504747221830123,25914.090234375,26031.8126953125,25769.729140625,25966.125004129288,25758.98614612221,0.9998266769158449,1.0099951240938325,1.0101702099101357,-0.005671249868676176,54.75698682439834,51.4093927191534,82.90308147877295,-31.493688759619545,0.0051362882232122735,0.0052129426670136075,198.97502790178572,-0.1604253351826167,254485.0,0.7135980509656757,0.005729990019651465,0.0054565875164998,-0.0031598875909956137,-0.00862653945989178,216300.0,0
2025-12-16,25951.5,25980.75,25834.349609375,25860.099609375,264400,-0.006424068837574293,-0.006444791966669916,0.00566124619921904,-0.0035219694670828275,25918.180078125,26029.31513671875,25789.0461328125,25956.027347486022,25762.951379975264,0.9934990403529657,1.0027551804823094,1.0093167076699494,-0.0066110284393890995,37.16245171655895,37.66404955388498,73.85527509379536,-36.19122553991038,0.005244703008988079,0.00534012544521842,182.84640066964286,0.45594713656387675,253705.0,1.0421552590607202,-0.0007543469807149705,0.005729990019651465,0.0054565875164998,-0.004657081109092687,181600.0,0
2025-12-17,25902.400390625,25929.150390625,25770.349609375,25818.55078125,206500,-0.001606677033445636,-0.0016079691231565723,0.006150646587233108,-0.003237136640253162,25930.290234375,26017.61015625,25803.864140625,25942.93434117783,25765.131748652704,0.9923490522840284,1.000569164391231,1.0082834886457368,-0.006443824318864033,35.57199804658664,23.15124967877273,63.71447001079083,-40.563220332018105,0.005241003371045633,0.005182946541996965,182.15011160714286,-0.21898638426626327,251525.0,0.8209919491104264,-0.006424068837574293,-0.0007543469807149705,0.005729990019651465,-0.0031598875909956137,264400.0,0
2025-12-18,25764.69921875,25902.349609375,25726.30078125,25815.55078125,197600,-0.00011619552256891819,-0.00011620227379163036,0.006819487587801745,0.0019736912924251523,25913.690234375,25998.78017578125,25818.009140625,25930.80257356566,25767.108965617303,0.9929523849468164,0.99990478121835,1.007001741852814,-0.008381397944975277,35.821996534627985,11.277674281707732,53.227110864974215,-41.94943658326648,0.005174202262640318,0.005002510616163308,186.98577008928572,-0.043099273607748234,249385.0,0.7923491789802916,-0.001606677033445636,-0.006424068837574293,-0.0007543469807149705,0.0054565875164998,206500.0,1
2025-12-19,25911.5,25993.349609375,25880.44921875,25966.400390625,382900,0.005843362036054733,0.005826355812965194,0.00434794152930654,0.0021187654371611062,25897.58046875,25993.69267578125,25836.414140625,25934.192841857024,25774.924315617605,0.9989500420160896,1.005031125809197,1.0060874753864915,-0.008403156391567634,42.97411775810466,13.88008206284212,45.3577051045478,-31.477623041705677,0.005171053666575199,0.00511255745325168,185.28557477678572,0.9377530364372471,256750.0,1.491333982473223,-0.00011619552256891819,-0.001606677033445636,-0.006424068837574293,0.005729990019651465,197600.0,1
2025-12-22,26055.849609375,26180.69921875,26047.80078125,26172.400390625,253000,0.00793332910611566,0.00790202570190833,0.005077808512650007,0.004473113830380129,25926.600390625,26004.3376953125,25856.2261328125,25956.87927507302,25790.51161267672,1.0064628715901807,1.0122281672579923,1.0057282745648655,0.008160443557615471,54.5159321820641,32.19387639777415,42.72493936319307,-10.531062965418926,0.0050393084719601924,0.0053264650027820505,189.39620535714286,-0.3392530686863411,246165.0,1.027765929356326,0.005843362036054733,-0.00011619552256891819,-0.001606677033445636,-0.0007543469807149705,382900.0,1
2025-12-23,26205.19921875,26233.55078125,26119.05078125,26177.150390625,216600,0.00018148889399149937,0.00018147242687454733,0.004374043709547799,-0.0010703535543027229,25990.010546875,26018.95517578125,25874.0621484375,25977.857476554163,25805.6739176943,1.0060799987461064,1.0117139798323396,1.0055999334975896,0.013061322227581273,56.325940174752084,46.55432635935722,43.4908167624259,3.0635095969313184,0.004673334249261541,0.005270629457980782,185.04268973214286,-0.1438735177865612,243970.0,0.8878140755010862,0.00793332910611566,0.005843362036054733,-0.00011619552256891819,-0.006424068837574293,253000.0,0
2025-12-24,26170.650390625,26236.400390625,26123.0,26142.099609375,188800,-0.0013389838361685946,-0.0013398810760412456,0.004337845556381122,-0.0010909465689178143,26054.7203125,26015.7951171875,25892.3571484375,25993.499584441863,25818.867082073935,1.004854915700964,1.0096454123317455,1.0047673515409334,0.0149118568745632,53.616122004925366,54.47878379240137,45.688410168420994,8.79037362398038,0.004512570324732089,0.004496723896949761,181.76409040178572,-0.1283471837488458,239645.0,0.787832001502222,0.00018148889399149937,0.00793332910611566,0.005843362036054733,-0.001606677033445636,216600.0,0
2025-12-26,26121.25,26144.19921875,26008.599609375,26042.30078125,142200,-0.0038175521330050532,-0.0038248575837020187,0.005206898212028537,-0.0030224135043307654,26100.0703125,26007.1326171875,25910.2931640625,25998.14731747121,25827.62918792398,1.0013522507298347,1.0050947944259694,1.0037374896729967,0.0055505036252481155,45.01301411145917,52.10540336908525,46.971808808553845,5.133594560531407,0.004559872110334884,0.00456969353378514,175.93191964285714,-0.24682203389830504,234740.0,0.6057766039021897,-0.0013389838361685946,0.00018148889399149937,0.00793332910611566,-0.00011619552256891819,188800.0,0
2025-12-29,26063.349609375,26106.80078125,25920.30078125,25942.099609375,234300,-0.003847631310177624,-0.0038550524856079535,0.007189086573879407,-0.004652126523153659,26095.21015625,25994.09013671875,25922.664140625,25992.809440509664,25832.11822405931,0.9979999097075412,1.0007497481217427,1.0027553493617123,-0.0040254084458967165,49.30085300817485,41.65886763578965,45.909220574001004,-4.250352938211357,0.004356152135721672,0.0046372832845174355,168.79268973214286,0.6476793248945147,236330.0,0.9914103160834427,-0.0038175521330050532,-0.0013389838361685946,0.00018148889399149937,0.005843362036054733,142200.0,0
2025-12-30,25940.900390625,25976.75,25878.0,25938.849609375,396900,-0.00012527898855285713,-0.00012528683662081574,0.0038070308239232433,-7.905590087925974e-05,26048.5,25982.2451171875,25929.7351171875,25987.67040897303,25836.303768581496,0.9983298014618531,1.0003515073388258,1.0020250881762842,-0.0033983997272095667,54.12677209882802,32.74025567795252,43.27542759479131,-10.535171916838792,0.004355059251560588,0.004636199847179592,161.87123325892858,0.6939820742637643,245485.0,1.6167993971118397,-0.003847631310177624,-0.0038175521330050532,-0.0013389838361685946,0.00793332910611566,234300.0,1
2025-12-31,25971.05078125,26187.94921875,25969.0,26129.599609375,246300,0.0073538342244390265,0.007326926621050068,0.008379356056854524,0.006104829159991692,26038.98984375,25987.11513671875,25938.1301171875,26001.18747567798,25847.805566259674,1.0054828891897634,1.0073817769948124,1.0018885331868541,0.010421460244580683,64.17239370648852,40.59615507648414,42.73957309112988,-2.1434180146457393,0.004387579171570707,0.004786333128470498,164.44266183035714,-0.3794406651549509,245060.0,1.00505998530972,-0.00012527898855285713,-0.003847631310177624,-0.0038175521330050532,0.00018148889399149937,396900.0,1
2026-01-01,26173.30078125,26197.55078125,26113.400390625,26146.55078125,425600,0.0006487344669803274,0.0006485241297397655,0.0032184126820026006,-0.0010220338742740135,26039.880078125,25995.14267578125,25944.198125,26015.031600018174,25859.521064886747,1.005824476801576,1.0077995340335846,1.0019636201718705,0.012704043800870535,60.44299841433807,47.64065800180833,43.71979007326557,3.920867928542762,0.004293465949218396,0.004764653954189181,154.05691964285714,0.7279740154283394,253055.0,1.681847819643951,0.0073538342244390265,-0.00012527898855285713,-0.003847631310177624,-0.0013389838361685946,246300.0,1
2026-01-02,26155.099609375,26340.0,26118.400390625,26328.55078125,357500,0.006960765170238581,0.00693665088228735,0.008416703646780786,0.006631638742175862,26097.130078125,26009.88271484375,25953.3971484375,26044.8905696593,25877.914387097073,1.0122518071265423,1.014454895082399,1.002176422842959,0.019871743366893124,61.53159551597052,67.1354604874432,48.4029241561011,18.732536331342097,0.004609494059074624,0.0049822883682772694,158.52483258928572,-0.16000939849624063,258525.0,1.3828449859781453,0.0006487344669803274,0.0073538342244390265,-0.00012527898855285713,-0.0038175521330050532,425600.0,0
2026-01-05,26333.69921875,26373.19921875,26210.05078125,26250.30078125,338800,-0.0029720587604740167,-0.002976484097528138,0.006215107356656776,-0.0031669852688458984,26158.7703125,26013.07529296875,25960.57515625,26064.453446953652,25892.51777510307,1.0091194710971128,1.011160215952698,1.0020223025261483,0.01093337491350943,58.71364987880749,75.40192442362604,53.8027242096061,21.599200214019945,0.004631215780836695,0.004879282836903759,160.0068359375,-0.05230769230769228,263000.0,1.288212927756654,0.006960765170238581,0.0006487344669803274,0.0073538342244390265,-0.003847631310177624,357500.0,0
2026-01-06,26189.69921875,26273.94921875,26124.75,26178.69921875,383000,-0.0027276473171363724,-0.0027313741255683985,0.005699260207823423,-0.0004200124601707822,26206.740234375,26023.98271484375,25968.2461328125,26075.333996648544,25903.74057681472,1.0059451508864552,1.008104247197179,1.0021463360192364,0.00024066681049461636,63.45435320161859,75.30741198703254,58.10366176509139,17.20375022194115,0.004080720385643532,0.004481142782448624,160.20675223214286,0.1304604486422669,266115.0,1.4392274016872404,-0.0029720587604740167,0.006960765170238581,0.0006487344669803274,-0.00012527898855285713,338800.0,0
2026-01-07,26143.099609375,26187.150390625,26067.900390625,26140.75,338200,-0.001449622016468255,-0.0014506737349826563,0.004561843099375496,-8.987493488176216e-05,26208.9703125,26039.0376953125,25971.7401171875,26081.564092205823,25913.035063998454,1.0039061468352883,1.0065074531798759,1.0025911847962958,-0.001390540608195323,63.64785576951715,71.34787155110462,60.75250372229404,10.59536782881058,0.00410628506014859,0.004344609635718694,157.38169642857142,-0.11697127937336815,269225.0,1.256198347107438,-0.0027276473171363724,-0.0029720587604740167,0.006960765170238581,0.0073538342244390265,383000.0,0
2026-01-08,26106.5,26133.19921875,25858.44921875,25876.849609375,328500,-0.010095364158449915,-0.010146667926064248,0.010617598515565048,-0.008796674798421849,26155.030078125,26044.98017578125,25970.553125,26062.067474793363,25911.616026562242,0.9935446076260565,0.9963919322328643,1.0028658246292645,-0.01014646887447701,52.12650773022996,46.38070333575888,57.87814364498701,-11.497440309228132,0.005193017628258138,0.004905564325137751,164.43178013392858,-0.0286812536960378,275255.0,1.1934388112840821,-0.001449622016468255,-0.0027276473171363724,-0.0029720587604740167,0.0006487344669803274,338200.0,0
2026-01-09,25840.400390625,25940.599609375,25623.0,25683.30078125,348800,-0.007479613285493514,-0.007507725861466694,0.012365996570303083,-0.006079612041615128,26025.980078125,26034.21767578125,25963.1411328125,26025.99445636066,25902.662487530393,0.9865209356815936,0.9892216296121106,1.0027375941379806,-0.013785264328813551,40.46161601139234,10.851184076323989,48.47275173125441,-37.62156765493042,0.005533485474239715,0.005034390832816843,174.41755022321428,0.061796042617960456,282390.0,1.2351712171110876,-0.010095364158449915,-0.001449622016468255,-0.0027276473171363724,0.006960765170238581,328500.0,1
2026-01-12,25669.05078125,25813.150390625,25473.400390625,25790.25,275800,0.004164153963733375,0.00415550786875295,0.013173583040102365,0.004721608904935829,25933.969921875,26021.38271484375,25961.389140625,26003.54260337393,25898.254154686063,0.9911175852038062,0.9934079359275426,1.0023108768908235,-0.0058534047614297036,36.20347062100283,-8.577432469686755,37.062714891066186,-45.64014736075294,0.005713572935471467,0.004945798512163939,183.37834821428572,-0.20928899082568808,285365.0,0.9664815236626776,-0.007479613285493514,-0.010095364158449915,-0.001449622016468255,-0.0029720587604740167,348800.0,0
2026-01-13,25897.349609375,25899.80078125,25603.30078125,25732.30078125,339500,-0.002246942885392733,-0.002249471049361169,0.011522483065954466,-0.006373193806104826,25844.690234375,26006.63271484375,25961.5931640625,25977.71004888594,25891.7461792572,0.9894514627632985,0.991168015716004,1.0017348531153933,-0.007962913977894726,34.533967647789794,-28.32426422260687,23.985319068331577,-52.30958329093845,0.005733947642259465,0.00496119653546223,196.37834821428572,0.2309644670050761,293260.0,1.1576757825820092,0.004164153963733375,-0.007479613285493514,-0.010095364158449915,-0.0027276473171363724,275800.0,0
2026-01-14,25648.55078125,25791.75,25603.94921875,25665.599609375,393100,-0.00259211846006413,-0.002595483815978393,0.007317217758723279,0.0006647092177022063,25749.66015625,25996.90771484375,25959.6381640625,25947.985245122993,25882.87768632064,0.9872558648473573,0.9886732414054,1.0014356729683869,-0.017757639111834034,33.79032022303193,-48.793536267228774,9.429548001219505,-58.223084268448275,0.0049804634717660915,0.0047931096428026785,201.69266183035714,0.15787923416789407,299695.0,1.3116668613089975,-0.002246942885392733,0.004164153963733375,-0.007479613285493514,-0.001449622016468255,339500.0,1
2026-01-16,25696.05078125,25873.5,25662.400390625,25694.349609375,434000,0.0011201764399650926,0.0011195495104741853,0.008215798904595619,-6.620363142500162e-05,25713.16015625,25990.69765625,25961.5721484375,25923.829470289853,25875.484428401207,0.9885979187325226,0.9897069970364417,1.001121869956333,-0.01729486905015709,37.56208450334492,-61.98121623076804,-4.852604845178005,-57.128611385590034,0.005008256068039555,0.004795058558664662,207.08551897321428,0.10404477232256415,311070.0,1.3951843636480534,-0.00259211846006413,-0.002246942885392733,0.004164153963733375,-0.010095364158449915,393100.0,0
2026-01-19,25653.099609375,25653.30078125,25494.349609375,25585.5,443100,-0.004236324757381116,-0.004245323404225256,0.006212548977936722,-0.002635143916499491,25693.6,25979.1951171875,25963.0881640625,25891.607615976533,25864.112490032534,0.9848457538652906,0.985456731430541,1.0006203789404102,-0.028222243883592957,37.331266505594726,-80.29026519814943,-19.940136915772293,-60.350128282377135,0.004001792930326589,0.004877579250363504,205.11774553571428,0.020967741935483897,323345.0,1.370362925049096,0.0011201764399650926,-0.00259211846006413,-0.002246942885392733,-0.007479613285493514,434000.0,0
2026-01-20,25580.30078125,25585.0,25171.349609375,25232.5,409800,-0.013796877137441155,-0.013892938636022806,0.016393555558307737,-0.013596430480791417,25582.05,25942.50009765625,25957.8921484375,25828.835462074003,25839.34337277636,0.9726317781638788,0.9720550442120099,0.9994070377250499,-0.0387729188222099,29.900707044097715,-121.87951706491731,-40.328012945601294,-81.55150411931601,0.0053110255972596545,0.005496402314908954,227.61063058035714,-0.07515233581584291,324690.0,1.262126951861776,-0.004236324757381116,0.0011201764399650926,-0.00259211846006413,0.004164153963733375,443100.0,0
2026-01-21,25141.0,25300.94921875,24919.80078125,25157.5,395600,-0.0029723570791637677,-0.0029767833055262707,0.015150489416674948,0.000656298476592021,25467.08984375,25891.755078125,25949.55515625,25764.898751400287,25812.604416981205,0.9716413554851928,0.9694771200708143,0.9977725984982413,-0.039008783829052374,20.38810228975116,-159.05765437289665,-64.07394123106036,-94.98371314183629,0.005305309982473574,0.00504354707932628,237.04268973214286,-0.034651049292337754,331820.0,1.192212645410162,-0.013796877137441155,-0.004236324757381116,0.0011201764399650926,-0.002246942885392733,409800.0,1
2026-01-22,25344.150390625,25435.75,25168.5,25289.900390625,486400,0.00526285960946038,0.005249059162526262,0.0105674595736672,-0.0021405333839901574,25391.95,25847.392578125,25941.4541796875,25719.66081227883,25792.106219869198,0.9784313955144623,0.9748836829057689,0.9963740813868426,-0.03254878338896172,25.61970056931186,-175.8113472637924,-86.42142243760678,-89.38992482618563,0.006033175320955322,0.005279491758424838,250.90694754464286,0.22952477249747227,345310.0,1.4085893834525498,-0.0029723570791637677,-0.013796877137441155,-0.004236324757381116,-0.00259211846006413,395600.0,0
2026-01-23,25344.599609375,25347.94921875,25025.30078125,25048.650390625,393900,-0.009539381186706164,-0.009585172530157553,0.012880871123529999,-0.011677012985461723,25262.81015625,25792.7201171875,25924.911171875,25655.75505783561,25762.9510893106,0.9711519481783283,0.9662000469185552,0.9949010025989632,-0.03200541144892499,14.762384617618252,-206.17892605564703,-110.37292316121484,-95.80600289443218,0.005964692247736086,0.005562266688409834,258.12472098214283,-0.19017269736842102,355565.0,1.1078143236820273,0.00526285960946038,-0.0029723570791637677,-0.013796877137441155,0.0011201764399650926,486400.0,1
2026-01-27,25063.349609375,25246.650390625,24932.55078125,25175.400390625,618700,0.005060152863462841,0.0050473933153695125,0.012476449410987986,0.00447070255956878,25180.790234375,25749.37509765625,25910.836171875,25610.00699429174,25739.909885440582,0.9777091791604878,0.9716166712501436,0.9937685888194528,-0.019775510747270908,21.17610705213815,-217.51046013980158,-131.8004305569322,-85.71002958286937,0.00628247703711655,0.005770417938054967,268.90694754464283,0.5707032241685708,379390.0,1.6307757189172092,-0.009539381186706164,0.00526285960946038,-0.0029723570791637677,-0.004236324757381116,393900.0,1
2026-01-28,25258.849609375,25372.099609375,25187.650390625,25342.75,574900,0.006647346488174222,0.006625350304204862,0.007278184835899814,0.0033216235862879432,25202.840234375,25719.4076171875,25899.49015625,25584.553947216336,25724.334987972325,0.9853551208179542,0.9785038179172167,0.9930468693408219,-0.01735151850020844,28.67854673417702,-210.55986461296925,-147.55231736813963,-63.007547244829624,0.006592158880688571,0.006033589561305667,272.2998046875,-0.07079359948278652,396420.0,1.4502295545128903,0.005060152863462841,-0.009539381186706164,0.00526285960946038,-0.013796877137441155,618700.0,1
2026-01-29,25345.0,25458.150390625,25159.80078125,25418.900390625,582400,0.0030048195489833507,0.003000314101836464,0.011737313762204967,0.002915777890116394,25255.1203125,25693.41015625,25887.5991796875,25568.777418017162,25712.35716062537,0.9893159466199458,0.9818948529831125,0.992498762743906,-0.012179260350219434,31.940656159693987,-196.64002368467845,-157.3698586314474,-39.27016505323104,0.0067550230528821325,0.00610212856633006,285.09263392857144,0.013045747086449788,405695.0,1.4355611974512874,0.006647346488174222,0.005060152863462841,-0.009539381186706164,-0.0029723570791637677,574900.0,0
2026-01-30,25247.55078125,25370.69921875,25213.650390625,25320.650390625,508400,-0.003865234077404689,-0.003872723399525638,0.0062024010324453396,0.0028953148766131865,25261.2703125,25652.9626953125,25875.811171875,25545.14627255124,25696.996110821437,0.9870458508580678,0.97854518347029,0.9913877684806759,-0.013440138707065286,34.82733119930438,-191.3308602943107,-164.16205896402008,-27.16880133029062,0.006795759105758866,0.005803120938525136,276.68540736607144,-0.12706043956043955,418800.0,1.2139446036294175,0.0030048195489833507,0.006647346488174222,0.005060152863462841,0.00526285960946038,582400.0,0
2026-02-02,24796.5,25108.099609375,24679.400390625,25088.400390625,449200,-0.00917235522852089,-0.00921468029121448,0.017087546917108187,0.011771838389490452,25269.2203125,25600.05517578125,25856.526171875,25501.64666474874,25673.129611990204,0.9800135280317561,0.9702927695644779,0.9900809956299264,-0.023582975555408114,34.10716726897425,-203.51791621018856,-172.0332304132538,-31.48468579693477,0.007154263117493215,0.006019509412413997,284.62109375,-0.11644374508261213,419980.0,1.0695747416543644,-0.003865234077404689,0.0030048195489833507,0.006647346488174222,-0.009539381186706164,508400.0,1
2026-02-03,26308.05078125,26341.19921875,25641.30078125,25727.55078125,637300,0.025475932330218942,0.025156829049839922,0.0272042388896995,-0.022065488805188407,25379.650390625,25570.00517578125,25847.2341796875,25523.161342510764,25675.263775490588,1.0061613442932726,0.9953695858672741,0.9892743261434094,0.005552003331965372,48.69583163382209,-159.76053095242605,-169.57869052108825,9.818159568662196,0.011202109862517007,0.008372499366210127,349.8388671875,0.41874443455031174,433970.0,1.468534691338111,-0.00917235522852089,-0.003865234077404689,0.0030048195489833507,0.005060152863462841,449200.0,1
2026-02-04,25675.05078125,25818.55078125,25563.94921875,25776.0,429800,0.0018831648283172964,0.0018813938963879184,0.00987746595670391,0.0039318021066474884,25466.300390625,25546.29013671875,25841.391171875,25547.241214652597,25679.21421566743,1.0089919069286337,0.9974695181292651,0.9885802961151168,0.021539680967006758,50.912567441238224,-119.79215148036019,-159.62138271294265,39.82923123258246,0.009986440507563307,0.008387314895612258,346.8461216517857,-0.32559234269574766,438520.0,0.9801149320441485,0.025475932330218942,-0.00917235522852089,-0.003865234077404689,0.006647346488174222,637300.0,0
2026-02-05,25755.900390625,25757.650390625,25579.5,25642.80078125,343800,-0.00516756745616076,-0.005180965509696233,0.006947384263705838,-0.004391211631497364,25511.08046875,25519.49521484375,25835.0571875,25556.342125757114,25677.78623784714,1.0048318183948453,0.9925583131148237,0.9877855129034153,0.019290501093113477,49.53675961105745,-97.73832003950884,-147.2447701782559,49.506450138747056,0.010134928194962322,0.008433047317259986,346.1568080357143,-0.20009306654257797,436560.0,0.7875206157229246,0.0018831648283172964,0.025475932330218942,-0.00917235522852089,0.0030048195489833507,429800.0,1
2026-02-06,25605.80078125,25703.94921875,25491.900390625,25693.69921875,375500,0.0019849016468285186,0.001982934332408332,0.008252950512095089,0.0034327548765576647,25585.690234375,25497.14267578125,25831.23515625,25569.423753661198,25678.41027631392,1.0077089635285075,0.9946755957789838,0.9870663373838741,0.01596680184136634,49.9869028506162,-75.28557594722224,-132.85293133204917,57.567355384826925,0.010067795811547627,0.008459032386983869,346.224609375,0.09220477021524132,438425.0,0.8564748816787364,-0.00516756745616076,0.0018831648283172964,0.025475932330218942,-0.003865234077404689,343800.0,1
2026-02-09,25888.69921875,25922.25,25780.900390625,25867.30078125,359400,0.006756581098813275,0.006733857702297746,0.00546441279553442,-0.000826555143585665,25741.4703125,25496.665234375,25824.47515625,25597.79299438394,25685.817747095727,1.0145366283577864,1.0016583347673433,0.987306231011798,0.032682415134485554,55.53049549915595,-42.98788170458283,-114.8799214065559,71.89203970197306,0.009353442382822022,0.00832500972147938,351.19601004464283,-0.042876165113182374,439970.0,0.816873877764393,0.0019849016468285186,-0.00516756745616076,0.0018831648283172964,-0.00917235522852089,375500.0,1
2026-02-10,25922.650390625,25989.44921875,25870.44921875,25935.150390625,460900,0.0026229876069705504,0.0026195535786092045,0.004588367455274751,0.00048220377976939657,25782.990234375,25509.25771484375,25818.8671484375,25629.922270216422,25695.595497822364,1.0166956122574051,1.0045038088433147,0.9880084036292627,0.030178268794601726,65.52785031400393,-11.781025562006107,-94.26014223764595,82.47911667563984,0.009332107788515485,0.008151692592918832,330.3744419642857,0.2824151363383416,445575.0,1.034393760870785,0.006756581098813275,0.0019849016468285186,-0.00516756745616076,0.025475932330218942,359400.0,1
2026-02-11,25997.44921875,26009.400390625,25899.80078125,25953.849609375,331400,0.0007209990483325601,0.0007207392533858182,0.004222865240592696,-0.0016770725853963737,25818.56015625,25517.4376953125,25813.88515625,25660.772492993427,25705.723110040115,1.0171024974871465,1.0054220607350581,0.9885159688615983,0.024113389800830554,68.04759919227973,14.294722775481205,-72.54916923502051,86.84389201050172,0.009261886629922705,0.008106413329562315,310.9780970982143,-0.2809720112822738,448355.0,0.7391464353023831,0.0026229876069705504,0.006756581098813275,0.0019849016468285186,0.0018831648283172964,460900.0,0
2026-02-12,25906.69921875,25906.69921875,25752.400390625,25807.19921875,419400,-0.00565042923620962,-0.005666453301894332,0.0059789063825607044,-0.0038407054159947467,25851.43984375,25521.1826171875,25806.514140625,25674.717895446433,25709.70256528364,1.0112070277405514,1.0000265467130225,0.9889434302563039,0.015275988424275466,61.64826127302873,22.86293065071368,-53.46674925787367,76.32967990858735,0.009597102974501689,0.008198813439638724,302.1244419642857,0.2655401327700664,452350.0,0.927158173980325,0.0007209990483325601,0.0026229876069705504,0.006756581098813275,-0.00516756745616076,331400.0,0
2026-02-13,25571.150390625,25630.349609375,25444.30078125,25471.099609375,453500,-0.01302348257655217,-0.013109031702560043,0.007304310806296014,-0.003912642948073272,25806.919921875,25511.4576171875,25795.2921484375,25655.325677725345,25700.345586620555,0.9984180438288516,0.9874321043856781,0.9889966537453156,0.0059417596479158785,59.12280316974536,2.504002960075013,-42.27259881428394,44.77660177435895,0.010568625682450577,0.00870519943289437,292.36732700892856,0.08130662851692905,455370.0,0.9958934492830006,-0.00565042923620962,0.0007209990483325601,0.0026229876069705504,0.0019849016468285186,419400.0,1
2026-02-16,25423.599609375,25697.0,25372.69921875,25682.75,275800,0.008309432803093486,0.008275099528577884,0.012627182885399733,0.010193300500588351,25770.009765625,25510.87763671875,25789.2271484375,25657.93751794198,25699.65556361583,1.006737218755417,0.9958712547753121,0.989206752489455,0.02369021540317484,60.56869122413293,3.4085323353865533,-33.13637258434984,36.544904919736396,0.010206304307582115,0.008914614049542894,293.09598214285717,-0.39184123484013234,447460.0,0.6163679435033299,-0.01302348257655217,-0.00565042923620962,0.0007209990483325601,0.006756581098813275,453500.0,1
2026-02-17,25637.94921875,25764.400390625,25570.30078125,25725.400390625,344100,0.00166066292063749,0.0016592855446634625,0.007545056886490089,0.003411004957098661,25728.059765625,25517.87265625,25783.06015625,25664.362553435603,25700.665164675014,1.008132642449102,0.9977636570183844,0.9897146615493694,-8.358318455126135e-05,58.40787035407838,7.480675886297831,-25.012962890220308,32.49363877651814,0.006344075521519111,0.0088650418947415,292.91029575892856,0.24764321972443804,442510.0,0.7776095455469932,0.008309432803093486,-0.01302348257655217,-0.00565042923620962,0.0026229876069705504,275800.0,1
2026-02-18,25752.650390625,25828.05078125,25645.150390625,25819.349609375,310200,0.003652002197183979,0.0036453498285502696,0.007083849647343127,0.0025899943399333063,25701.159765625,25547.21513671875,25775.7181640625,25679.12322542983,25705.319456624035,1.010652216736732,1.0016927344190678,0.9911349501150918,0.0016817818658829697,58.73066971897318,18.080376450270705,-16.394295022122108,34.474671472392814,0.0064264463566488265,0.008235104273722321,284.66392299107144,-0.0985178727114211,437530.0,0.7089799556601833,0.00166066292063749,0.008309432803093486,-0.01302348257655217,0.0007209990483325601,344100.0,0
2026-02-19,25873.349609375,25885.30078125,25388.75,25454.349609375,298200,-0.014136684522350174,-0.014237559265090531,0.019507502209646605,-0.016194269637518396,25630.58984375,25562.0576171875,25765.594140625,25657.71621437699,25695.477501829955,0.9957864108818815,0.9879201492676136,0.992100452940203,-0.007349086922392445,52.611213256330245,-2.937868138644262,-13.70300964542654,10.765141506782278,0.0077631615873543685,0.008890913606595644,308.9140625,-0.03868471953578334,432660.0,0.6892247954513937,0.003652002197183979,0.00166066292063749,0.008309432803093486,-0.00565042923620962,310200.0,1
2026-02-20,25406.55078125,25663.55078125,25379.75,25571.25,296600,0.004592550680687868,0.00458203709696536,0.011098432077039644,0.006482549330212419,25650.619921875,25576.12509765625,25760.2261328125,25649.481336817276,25690.605835091526,0.9998093887311844,0.9926640343979051,0.992853283422006,-0.004765729438470423,59.87524276769957,-10.046286520118883,-12.971665020365009,2.9253785002461257,0.00790655083848658,0.008873737720542693,298.56417410714283,-0.005365526492287054,423170.0,0.7009003473781222,-0.014136684522350174,0.003652002197183979,0.00166066292063749,-0.01302348257655217,298200.0,1
2026-02-23,25678.400390625,25771.44921875,25609.349609375,25713.0,313700,0.00554333479982394,0.00552802706402003,0.006304188907362035,0.0013474207446205282,25656.669921875,25609.342578125,25759.3261328125,25655.53073331087,25691.484037636958,1.0040476408778858,0.9982015782333106,0.99417750472531,-0.005965090155902408,49.626394876043335,-4.19338027745107,-11.216008071782223,7.022627794331154,0.0077927222202410565,0.008604355524848522,223.37848772321428,0.057653405259608936,419160.0,0.7484015650348316,0.004592550680687868,-0.014136684522350174,0.003652002197183979,0.008309432803093486,296600.0,0
2026-02-24,25641.80078125,25641.80078125,25327.599609375,25424.650390625,439100,-0.011214156627970318,-0.011277509359324957,0.012358131460909192,-0.008468609224348488,25596.519921875,25621.805078125,25749.848125,25633.542129245547,25681.019973048253,0.9923051991497538,0.9873708872846022,0.9950274251617551,-0.019683710806031596,41.96822669753927,-22.562230205247033,-13.485252498475187,-9.076977706771846,0.008372686438941668,0.008996426053873796,227.63560267857142,0.3997449792795664,410180.0,1.0705056316738992,0.00554333479982394,0.004592550680687868,-0.014136684522350174,0.00166066292063749,313700.0,1
2026-02-25,25512.599609375,25652.599609375,25428.19921875,25482.5,414200,0.002275335490801167,0.0022727508349003555,0.008806058692239773,-0.0011797938993225697,25529.15,25628.792578125,25738.559140625,25619.157164555498,25673.23487606597,0.9942918661626742,0.9900515355492125,0.9957353260568986,-0.018161067297112643,46.2048179400199,-32.08187620759054,-17.20457724029826,-14.87729896729228,0.008442569145151613,0.008892305786303019,231.19266183035714,-0.056706900478251,402145.0,1.0299767496798418,-0.011214156627970318,0.00554333479982394,0.004592550680687868,0.003652002197183979,439100.0,1
2026-02-26,25556.30078125,25572.94921875,25400.94921875,25496.55078125,405200,0.0005513894339252978,0.000551237474627977,0.006746010528078476,-0.002337975300550424,25537.590234375,25632.67509765625,25727.944140625,25607.48036614545,25666.306088033973,0.9946894221579433,0.991006146542054,0.9962970596310369,-0.012037278236465943,45.24955149817494,-38.05382284808729,-21.374426361856067,-16.679396486231227,0.008357388864936855,0.008869634268814031,228.33203125,-0.021728633510381457,393285.0,1.0302960957066758,0.002275335490801167,-0.011214156627970318,0.00554333479982394,-0.014136684522350174,414200.0,0
2026-02-27,25459.849609375,25476.400390625,25141.30078125,25178.650390625,438900,-0.012468368500212268,-0.012546750821351201,0.013308878918298605,-0.01104481067501887,25459.0703125,25625.57509765625,25714.31515625,25566.63941609588,25647.182335194408,0.982559427239074,0.9791686162991278,0.9965490016726274,-0.011481609480352373,34.48531074788768,-67.65861194279933,-30.631263478044723,-37.0273484647546,0.008269878712407145,0.009279418621511009,235.94266183035714,0.08316880552813433,389810.0,1.1259331469177292,0.0005513894339252978,0.002275335490801167,-0.011214156627970318,0.004592550680687868,405200.0,0
2026-03-02,24659.25,24989.349609375,24603.5,24865.69921875,519200,-0.012429227421638323,-0.012507116341135643,0.015517344032057212,0.008372080203169196,25289.61015625,25614.4400390625,25695.258125,25499.883206824845,25616.5359384711,0.9707687999749104,0.9677154865611999,0.996854747068726,-0.031813212418841386,28.30244753720679,-115.04697480825416,-47.514405744086616,-67.53256906416755,0.008248097043119225,0.009473421519232457,254.77845982142858,0.1829573934837092,393310.0,1.3200783097302382,-0.012468368500212268,0.0005513894339252978,0.002275335490801167,0.00554333479982394,438900.0,0
2026-03-04,24388.80078125,24602.44921875,24305.400390625,24480.5,599000,-0.015491187895474101,-0.015612430100429392,0.012134099717121791,0.0037598904338296923,25100.780078125,25552.0875,25668.557109375,25402.799091889145,25571.98550951145,0.9580626240419691,0.9537154696965384,0.9954625572104144,-0.048391876189366245,23.97783430508325,-181.59167570217687,-74.32985973570467,-107.2618159664722,0.008892966650624064,0.007935903866004713,268.16768973214283,0.15369799691833586,391395.0,1.530423229729557,-0.012429227421638323,-0.012468368500212268,0.0005513894339252978,-0.011214156627970318,519200.0,1
2026-03-05,24615.94921875,24854.19921875,24529.400390625,24765.900390625,504300,0.011658274570576665,0.011590840491558407,0.01311475952830493,0.006091626633710392,24957.46015625,25501.58251953125,25644.547109375,25342.14207272113,25540.37432837865,0.9711515107604478,0.9657374834890811,0.9944251466312117,-0.0408007651117398,32.46795270199614,-208.89143383756164,-101.24217455607607,-107.64925928148557,0.010029578567052666,0.008494360437413096,283.83914620535717,-0.15809682804674452,395120.0,1.2763211176351488,-0.015491187895474101,-0.012429227421638323,-0.012468368500212268,0.002275335490801167,599000.0,0
2026-03-06,24656.400390625,24700.900390625,24415.75,24450.44921875,433400,-0.012737318930444053,-0.012819134056590225,0.011662378391245688,-0.0083528482914038,24748.23984375,25441.96494140625,25610.1080859375,25257.2189437715,25497.632167216743,0.9610283354709533,0.95471870468894,0.9934345007851186,-0.039439247359722596,32.695284171625545,-253.0638001178486,-131.60649966843056,-121.45730044941803,0.009880228548186945,0.008810774854553645,290.91782924107144,-0.14059091810430302,399600.0,1.0845845845845845,0.011658274570576665,-0.015491187895474101,-0.012429227421638323,0.0005513894339252978,504300.0,0
2026-03-09,23868.05078125,24078.150390625,23697.80078125,24028.05078125,526900,-0.017275692308183932,-0.017426658301668632,0.01582939926495416,0.006703521852973894,24518.119921875,25358.68251953125,25567.12609375,25140.15530924564,25440.001524629814,0.9475275682300768,0.9398025688590695,0.9918472035748395,-0.06034899423180329,23.816399619734725,-318.48346329907145,-168.98189239455874,-149.5015709045127,0.010196447892624546,0.009356865565958328,294.9213169642857,0.2157360406091371,407170.0,1.2940540806051526,-0.012737318930444053,0.011658274570576665,-0.015491187895474101,-0.012468368500212268,433400.0,1
2026-03-10,24280.80078125,24303.80078125,24079.94921875,24261.599609375,444300,0.009719840791548862,0.009672907019832675,0.00922657887790304,-0.0007907964835256766,24397.3,25278.3974609375,25529.51609375,25056.48333782939,25393.7896848159,0.9597760161365549,0.9503352715453387,0.9901635960552352,-0.0564461708328472,28.156786305097242,-347.47806823963765,-204.68112756357453,-142.79694067606312,0.010794016069732397,0.009544782994167007,300.7534877232143,-0.156765989751376,411415.0,1.0799314560723356,-0.017275692308183932,-0.012737318930444053,0.011658274570576665,-0.012429227421638323,526900.0,0
2026-03-11,24231.849609375,24299.0,23834.30078125,23866.849609375,407400,-0.01627056774308744,-0.016404386958885315,0.019470488411988156,-0.015062820456709423,24274.569921875,25174.982421875,25486.0070703125,24943.1848875004,25333.909681857433,0.9480383822884683,0.9364687667051783,0.9877962582534242,-0.06127127639184449,23.264411885526485,-397.7248035265293,-243.28986275616552,-154.43494077036377,0.011196795299612162,0.009876038329336116,320.88197544642856,-0.08305199189736667,408740.0,0.9967216323335127,0.009719840791548862,-0.017275692308183932,-0.012737318930444053,-0.015491187895474101,444300.0,0
2026-03-12,23674.849609375,23833.150390625,23556.30078125,23639.150390625,501000,-0.009540396930332928,-0.009586198057198514,0.011711487291218181,-0.001507896326228973,24049.219921875,25059.2474609375,25439.9480859375,24818.99112589322,25267.44853318165,0.9433304183405287,0.9292137826213596,0.9850353222532541,-0.0723378636073776,24.17335919567381,-450.72346767122144,-284.7765837391767,-165.94688393204473,0.010806454212129299,0.00987711585586319,305.1890345982143,0.22974963181148755,417220.0,1.200805330521068,-0.01627056774308744,0.009719840791548862,-0.017275692308183932,0.011658274570576665,407400.0,0
2026-03-13,23462.5,23492.400390625,23112.0,23151.099609375,519800,-0.02064586811222946,-0.020861973679950938,0.016431201845417204,-0.01327225958977091,23789.35,24926.44248046875,25384.1930859375,24660.144314796245,25184.45445773825,0.9287767248581569,0.9120281874234717,0.9819671003951536,-0.09199092034048106,18.855436010373495,-526.0430136658215,-333.0298697245057,-193.01314394131578,0.011148028649356196,0.010521179112810235,312.08900669642856,0.0375249500998005,422240.0,1.2310534293292914,-0.009540396930332928,-0.01627056774308744,0.009719840791548862,-0.012737318930444053,501000.0,1
2026-03-16,23116.099609375,23502.0,22955.25,23408.80078125,540300,0.011131271353117311,0.011069774688696974,0.023356600156892116,0.01266222143100178,23665.5,24823.3275390625,25329.777109375,24540.968740172793,25114.82098022891,0.9430162311806679,0.9241613410244335,0.9800057628566713,-0.07029167893899446,21.20687315550704,-558.5019033562821,-378.12427645086103,-180.3776269054211,0.012839414186165677,0.010971926868750035,336.84263392857144,0.0394382454790303,426580.0,1.2665854001594075,-0.02064586811222946,-0.009540396930332928,-0.01627056774308744,-0.017275692308183932,519800.0,1
2026-03-17,23493.19921875,23656.80078125,23346.599609375,23581.150390625,458800,0.007362598835607637,0.007335627211391066,0.013154624211986054,0.0037436864624553084,23529.41015625,24718.24755859375,25278.4691015625,24449.55746878729,25054.67703553856,0.9539976624445847,0.9328551620702147,0.9778379956191998,-0.05165946940902366,26.275968016472348,-563.8192765441818,-415.2632764695252,-148.5560000746566,0.013461509836220265,0.010917485342995692,336.55691964285717,-0.15084212474551173,435730.0,1.052945631469029,0.011131271353117311,-0.02064586811222946,-0.009540396930332928,0.009719840791548862,540300.0,1
2026-03-18,23632.900390625,23862.25,23618.44921875,23777.80078125,382900,0.008339304375208911,0.008304724491583992,0.010253293964942681,0.006131299511696031,23511.600390625,24620.867578125,25227.4541015625,24385.580641402787,25004.60345693901,0.9657580386150144,0.9425366779193659,0.9759553016727149,-0.028704447162026914,28.81888426182087,-545.8728081196678,-441.3851827995537,-104.48762532011403,0.013550927199689452,0.011204742245379637,340.35337611607144,-0.1654315605928509,437670.0,0.8748600543788699,0.007362598835607637,0.011131271353117311,-0.02064586811222946,-0.01627056774308744,458800.0,0
2026-03-19,23197.75,23378.69921875,22930.349609375,23002.150390625,550100,-0.03262077926216955,-0.03316469831760482,0.01949163890162783,-0.008431835388130315,23384.200390625,24480.0076171875,25162.49109375,24253.82537942395,24926.07588571101,0.9396300340394955,0.9141444026715783,0.9728769510928106,-0.07121687369249285,23.939028984046303,-587.4666568042303,-470.6014776004891,-116.8651792037412,0.015481875152150559,0.012803054685713394,360.09263392857144,0.4366675372159834,449665.0,1.2233551644001646,0.008339304375208911,0.007362598835607637,0.011131271353117311,-0.009540396930332928,382900.0,1
2026-03-20,23110.150390625,23345.150390625,23067.599609375,23114.5,663300,0.004884308965338757,0.004872419427371909,0.012007648067230526,0.00018821207571044144,23376.88046875,24363.01513671875,25101.207109375,24145.31820043119,24855.0336941145,0.9487536690466095,0.920852128715635,0.9705913755685263,-0.05463904596589242,27.466347012861632,-604.3972912729987,-497.36064033499105,-107.03665093800765,0.015799851410836674,0.01285139511875863,360.65694754464283,0.20578076713324855,467920.0,1.4175500085484698,-0.03262077926216955,0.008339304375208911,0.007362598835607637,-0.02064586811222946,550100.0,0
2026-03-23,22824.349609375,22851.69921875,22471.25,22512.650390625,550300,-0.026037751600726855,-0.02638273543442679,0.016899352681656328,-0.013656433768521095,23197.650390625,24210.08515625,25028.6451171875,23989.826028068695,24763.17552535021,0.9298872864481935,0.899475392503978,0.9672950750188477,-0.0630679701995438,25.836668400888428,-658.7851100089465,-529.6455342697822,-129.13957573916434,0.01676773117342325,0.013507384113507277,360.27120535714283,-0.17036031961405096,480605.0,1.1450151371708575,0.004884308965338757,-0.03262077926216955,0.008339304375208911,0.011131271353117311,663300.0,1
2026-03-24,22878.44921875,23057.30078125,22624.19921875,22912.400390625,538100,0.017756683156527453,0.017600874978779452,0.018902496251645938,0.0014839804722068036,23063.900390625,24070.05517578125,24969.3561328125,23887.214062597868,24690.59610830216,0.9519047722698594,0.91762079361412,0.963983814710806,-0.05561048077920849,33.945248026018206,-662.0002373945572,-556.1164748947372,-105.88376249982002,0.01777527760399131,0.014312822146898451,377.95703125,-0.02216972560421593,491825.0,1.0940883444314542,-0.026037751600726855,0.004884308965338757,-0.03262077926216955,0.007362598835607637,550300.0,1
2026-03-25,23064.400390625,23465.349609375,23063.19921875,23306.44921875,505400,0.01719805962740728,0.0170518470014907,0.017254897425622032,0.010494477377499296,22969.630078125,23964.1451171875,24921.8191015625,23831.903125088545,24636.315838123646,0.97255500268333,0.9351825050880325,0.9615728699228477,-0.023480283313339845,35.38282595164142,-625.5409550411823,-570.0013709240262,-55.539584117156096,0.01866733410170791,0.015117828493916099,390.76060267857144,-0.06076937372235647,495140.0,1.0207214121258634,0.017756683156527453,-0.026037751600726855,0.004884308965338757,0.008339304375208911,538100.0,0
2026-03-27,23173.55078125,23186.099609375,22804.55078125,22819.599609375,612600,-0.02088905112938999,-0.0211103140979646,0.016720224484931275,-0.015273929110656023,22933.119921875,23831.00009765625,24862.40609375,23735.493266449157,24565.072064447228,0.9575594610324087,0.9178355273953743,0.9585154392457202,-0.03466921474364937,34.20835339609431,-628.6843242581526,-581.7379615908516,-46.94636266730106,0.019499089800730878,0.015478610846057176,397.64620535714283,0.21210922041946967,505060.0,1.2129251970062962,0.01719805962740728,0.017756683156527453,-0.026037751600726855,-0.03262077926216955,505400.0,0
2026-03-30,22549.650390625,22714.099609375,22283.849609375,22331.400390625,698600,-0.02139385559374285,-0.021626021374847804,0.0192665928904586,-0.009678642294637848,22776.5,23672.742578125,24794.3880859375,23601.770135418286,24477.477096846356,0.9433381162713492,0.9006635014836515,0.9547621218186604,-0.03540649181164868,33.77791854047672,-662.9272512172283,-597.9758195161269,-64.95143170110146,0.01957590129668899,0.015811679092305356,401.2105189732143,0.14038524322559587,519730.0,1.3441594674157735,-0.02088905112938999,0.01719805962740728,0.017756683156527453,0.004884308965338757,612600.0,1
2026-04-01,22899.0,22941.30078125,22618.599609375,22679.400390625,518000,0.015583438293735208,0.0154632634032261,0.014228822910520827,-0.009589921366653566,22809.85,23547.780078125,24734.6641015625,23513.925397818926,24406.964284837675,0.9631226517056403,0.9169075552229687,0.9520153571294092,-0.031159237820043928,35.196208000070186,-654.4403449747078,-609.2687246078431,-45.17162036686477,0.019986832526962744,0.016485893965352754,425.07840401785717,-0.2585170340681363,523685.0,0.9891442374709988,-0.02139385559374285,-0.02088905112938999,0.01719805962740728,-0.026037751600726855,698600.0,1
2026-04-02,22383.400390625,22782.30078125,22182.55078125,22713.099609375,495100,0.0014858954897207788,0.0014847926393626724,0.026405466903004677,0.014729630574275492,22769.98984375,23440.15009765625,24675.0391015625,23437.65627510998,24340.538219133257,0.9689826863201723,0.9204889003777399,0.949953919066817,-0.03681121433308465,38.422784724786354,-637.6447930613467,-614.9439382985438,-22.70085476280292,0.019729249514579106,0.016457549589381837,434.72488839285717,-0.04420849420849415,522480.0,0.9475960802327362,0.015583438293735208,-0.02139385559374285,-0.02088905112938999,0.017756683156527453,518000.0,1
2026-04-06,22780.30078125,22998.349609375,22542.94921875,22968.25,426400,0.01123362266767347,0.01117099412238686,0.019827387398909366,0.008250515239232361,22702.35,23364.53759765625,24622.6941015625,23392.950915575697,24286.722994853524,0.9830389282903677,0.9328081608479425,0.9489025653035095,-0.03404649524561465,43.30478666403147,-596.8654002239637,-611.3282306836278,14.462830459664133,0.019943506496900732,0.01659717878839598,447.478515625,-0.13875984649565742,513850.0,0.8298141480976938,0.0014858954897207788,0.015583438293735208,-0.02139385559374285,0.01719805962740728,495100.0,1
2026-04-07,22838.69921875,23153.849609375,22719.30078125,23123.650390625,477000,0.0067658785769486585,0.006743092740219248,0.018792397427924216,0.012476681318218956,22763.16015625,23282.42509765625,24580.517109375,23367.303246532774,24241.11230449162,0.993180491019931,0.9407308352274513,0.9471902073523238,0.005282114843033092,49.706591686861884,-545.717236210643,-598.2060317890309,52.48879557838791,0.01713501215664881,0.016404261335182156,451.3462611607143,0.11866791744840532,512485.0,0.930758949042411,0.01123362266767347,0.0014858954897207788,0.015583438293735208,-0.02088905112938999,426400.0,1
2026-04-08,23855.150390625,24025.150390625,23828.5,23997.349609375,639300,0.03778379295615997,0.03708747109816642,0.008194671237700974,0.005960944132462223,23096.35,23259.7701171875,24557.3141015625,23427.307662041556,24231.552983114496,1.0317105237270798,0.9771976491455199,0.9471626262135711,0.03819462282874375,55.55901144761169,-429.72808471917233,-564.5104423750593,134.78235765588693,0.020700224655323063,0.01855565040288095,476.685546875,0.34025157232704406,522780.0,1.2228853437392402,0.0067658785769486585,0.01123362266767347,0.0014858954897207788,-0.02139385559374285,477000.0,0
2026-04-09,23909.05078125,23990.75,23682.80078125,23775.099609375,466600,-0.009261439434677166,-0.009304593215623836,0.012952594260785743,-0.005602529899683321,23315.48984375,23247.12255859375,24527.0180859375,23460.430704644743,24213.652850810988,1.0227115011524759,0.9693432575485558,0.9478169126446898,0.0560773252746698,51.81479851573305,-351.68555195840236,-521.9454642917278,170.25991233332547,0.0185287321398967,0.01826228814417965,476.52469308035717,-0.27013921476615044,519765.0,0.8977133897049628,0.03778379295615997,0.0067658785769486585,0.01123362266767347,0.015583438293735208,639300.0,1
2026-04-10,23880.55078125,24074.05078125,23856.349609375,24050.599609375,481300,0.011587753764504383,0.011521129932275736,0.009051798101122577,0.007120808463869902,23582.98984375,23236.57255859375,24507.0570703125,23516.637267000006,24207.258606048792,1.0350321480815892,0.9813744481996393,0.9481584219568413,0.04967612294413781,52.515482120415655,-264.55609692408325,-470.46759081819897,205.91149389411572,0.01818246538249213,0.01832121103792571,477.7998046875,0.031504500642949074,521615.0,0.9227111950384862,-0.009261439434677166,0.03778379295615997,0.0067658785769486585,0.0014858954897207788,466600.0,0
2026-04-13,23589.599609375,23907.400390625,23555.599609375,23842.650390625,488800,-0.008646321593950623,-0.008683917902558702,0.01475510379451477,0.010727218157167548,23757.869921875,23235.36259765625,24480.4020703125,23547.686135916672,24192.960244659625,1.0261363596292663,0.9739484801819941,0.949141379742038,0.02300655783479999,58.65656798106215,-209.86593624849047,-418.34725990425727,208.4813236557668,0.018084287050992253,0.018046341953749472,470.90345982142856,0.015582796592561898,525685.0,0.9298344065362337,0.011587753764504383,-0.009261439434677166,0.03778379295615997,0.01123362266767347,481300.0,1
2026-04-15,24163.80078125,24280.900390625,24145.80078125,24231.30078125,460300,0.016300637062472756,0.01616920800628811,0.005575417126576179,0.0027934347171235125,23979.4,23264.9701171875,24458.1730859375,23612.792292615082,24194.46379511415,1.0415358652598743,0.9907240698685732,0.9512145504671383,0.06186353818824375,60.88288473470445,-133.62243519925323,-361.4022949632565,227.77985976400328,0.016501189708353983,0.018247901797059433,477.70703125,-0.05830605564648117,523650.0,0.8790222476845221,-0.008646321593950623,0.011587753764504383,-0.009261439434677166,0.0067658785769486585,488800.0,0
2026-04-16,24385.19921875,24400.94921875,24102.80078125,24196.75,508000,-0.0014258739785333319,-0.0014268915041919185,0.012321838160083483,-0.0077280163700733555,24019.280078125,23317.25263671875,24433.730078125,23668.407312366027,24194.553450207713,1.0377187388661846,0.9903011092711889,0.9543058944403331,0.08353034636189216,68.45104431071812,-75.12092336353089,-304.1460206433114,229.02509727978048,0.013750401374457813,0.017511764710595668,471.82840401785717,0.10362806865087992,523060.0,0.971207892020036,0.016300637062472756,-0.008646321593950623,0.011587753764504383,0.03778379295615997,460300.0,1
2026-04-17,24165.900390625,24371.900390625,24096.05078125,24353.55078125,498600,0.006480241406387144,0.0064593349128548826,0.011326874337658346,0.007765089965271798,24134.9703125,23364.49013671875,24414.3880859375,23733.65907130736,24200.788639660354,1.042331788057163,0.9975081372314819,0.9569967534912954,0.07381810637802588,66.6770935841459,-15.922002214589156,-246.50121695756692,230.57921474297777,0.01350157390944652,0.017419081417639315,452.6283482142857,-0.018503937007874005,520975.0,0.9570516819425117,-0.0014258739785333319,0.016300637062472756,-0.008646321593950623,-0.009261439434677166,508000.0,1
2026-04-20,24391.5,24480.650390625,24241.25,24364.849609375,415900,0.00046394992773279853,0.0004638423362418336,0.009825646144472181,-0.0010926097462230695,24197.8203125,23403.67509765625,24399.9170703125,23793.77245588523,24207.222403178577,1.0410693836633804,0.9985628040932908,0.95917027218636,0.07272235090794155,63.43830517469269,31.541697250700963,-190.89263411591338,222.43433136661434,0.013552700968006603,0.017375564871933667,430.2320033482143,-0.16586442037705573,518830.0,0.8016113177726808,0.006480241406387144,-0.0014258739785333319,0.016300637062472756,0.011587753764504383,498600.0,1
2026-04-21,24374.55078125,24601.69921875,24354.900390625,24576.599609375,425800,0.008690798564113589,0.00865325096320232,0.010042025017604796,0.008289335460509289,24344.61015625,23443.6150390625,24376.898046875,23868.327422884257,24221.70778381373,1.0483280658048977,1.0081922466966875,0.9617144475881276,0.0700249087054956,73.98373897037652,85.26064472634243,-135.66197834746222,220.92262307380466,0.013490259940213906,0.017382779744525213,420.6070033482143,0.023803798990141845,520975.0,0.8173136906761361,0.00046394992773279853,0.006480241406387144,-0.0014258739785333319,-0.008646321593950623,415900.0,0
2026-04-22,24470.849609375,24515.94921875,24352.900390625,24378.099609375,440500,-0.00807678861823835,-0.00810958257469758,0.006688332180835658,-0.0037902239391176124,24373.969921875,23512.4125,24348.9400390625,23916.877154930993,24227.84079658084,1.0368183022212205,1.0011975704184954,0.9656441907647528,0.05424961879109658,80.33765701375387,110.54175007362574,-86.42123266324464,196.96298273687037,0.014287412451743283,0.01554746854572966,401.52120535714283,0.0345232503522781,515495.0,0.854518472536106,0.008690798564113589,0.00046394992773279853,0.006480241406387144,0.016300637062472756,425800.0,0
2026-04-23,24202.349609375,24310.19921875,24134.80078125,24173.05078125,467500,-0.008411190019346093,-0.008446763696540498,0.007255949573235045,-0.001210577840494083,24369.230078125,23565.3400390625,24319.5450390625,23941.27464315185,24225.69216852865,1.0257883290111725,0.9939762747379854,0.9689877010943838,0.0073216907173099255,73.11974760065229,112.73197737479131,-46.590590655637456,159.32256803042878,0.009468133425939237,0.015742784775872792,370.4853515625,0.061293984108967026,505705.0,0.9244520026497661,-0.00807678861823835,0.008690798564113589,0.00046394992773279853,-0.0014258739785333319,440500.0,0
2026-04-24,24100.55078125,24206.0,23813.650390625,23897.94921875,438400,-0.011380506539678703,-0.011445760055327719,0.016417710397809697,-0.008406511715807844,24278.109765625,23634.60498046875,24283.6300390625,23937.148412256436,24212.839503831452,1.0111423160445827,0.9841176619931988,0.9732731450137507,0.005167154350283365,67.06464470867546,91.21784873752767,-19.02890277700443,110.24675151453211,0.009740553450760537,0.014628353866420876,355.67103794642856,-0.06224598930481284,500110.0,0.8766071464277859,-0.008411190019346093,-0.00807678861823835,0.008690798564113589,0.006480241406387144,467500.0,1
2026-04-27,23945.44921875,24130.69921875,23936.19921875,24092.69921875,430300,0.008149234824183171,0.008116209111611542,0.008072985024800855,0.006149393926788346,24223.6796875,23693.619921875,24248.1380078125,23951.962774779633,24208.128120102767,1.0168433231473655,0.9935896608221044,0.9771315188919314,0.0017504598662310134,66.48148360205204,88.85814283953005,2.5485063463024655,86.30963649322759,0.009365374709892776,0.014279186237751214,339.76743861607144,-0.01847627737226276,494720.0,0.8697849288486417,-0.011380506539678703,-0.008411190019346093,-0.00807678861823835,0.00046394992773279853,438400.0,0
2026-04-28,24049.900390625,24181.80078125,23957.05078125,23995.69921875,554100,-0.004026115924964935,-0.004034242549507945,0.009366261760123356,-0.0022536963145231323,24107.499609375,23728.082421875,24209.348984375,23956.12815039586,24199.797574951677,1.011278483954872,0.9911749066130241,0.980120631793502,0.006419119754621727,63.004592059343175,78.25885026600736,17.690575130243445,60.56827513576391,0.008984360082716136,0.01392310305813064,324.7818080357143,0.2877062514524751,497155.0,1.1145417425149098,0.008149234824183171,-0.011380506539678703,-0.008411190019346093,0.008690798564113589,430300.0,1
2026-04-29,24096.900390625,24334.69921875,24059.94921875,24177.650390625,531100,0.007582657634449097,0.0075540537904852266,0.01136380068207685,0.003351053400686178,24067.409765625,23795.9849609375,24173.825,23977.22550660816,24198.929057919257,1.0160390683686356,1.0001582451525566,0.9843698695153746,-0.0022140945345581198,53.38770950704742,83.5773458606418,30.867929276323117,52.70941658431868,0.007642657198236377,0.01291673408910045,284.60323660714283,-0.041508752932683635,493080.0,1.0771071631378275,-0.004026115924964935,0.008149234824183171,-0.011380506539678703,-0.00807678861823835,554100.0,0
2026-04-30,23996.94921875,24087.44921875,23796.849609375,23997.55078125,505500,-0.007449012061355398,-0.007476894502422098,0.012109552846620252,2.5068290744640553e-05,24032.309765625,23879.29248046875,24137.63203125,23979.16124705024,24191.031870598894,1.0049523368784052,0.9941965620397791,0.9892972288894458,-0.008232478277041322,54.24695149462713,72.42488957169917,39.17932133539833,33.24556823630084,0.00798065392694314,0.011846414355401336,283.36397879464283,-0.04820184522688764,483425.0,1.0456637534260744,0.007582657634449097,-0.004026115924964935,0.008149234824183171,-0.008411190019346093,531100.0,1
2026-05-04,24063.55078125,24290.19921875,24004.75,24119.30078125,419100,0.005073434414612388,0.005060607910890723,0.011834887807854867,0.002316781945723474,24076.580078125,23951.2875,24110.5960546875,23992.50786935498,24188.21888670286,1.00701479121947,1.000361033237949,0.9933925916088446,-0.00961872057607105,51.39341917931076,72.57410598838032,45.85827826599473,26.715827722385598,0.007849954742477105,0.011521958507520734,282.91378348214283,-0.17091988130563796,478480.0,0.8758986791506437,-0.007449012061355398,0.007582657634449097,-0.004026115924964935,-0.011380506539678703,505500.0,0
2026-05-05,24052.599609375,24081.69921875,23882.05078125,24032.80078125,363300,-0.0035863394542201554,-0.0035927857866665616,0.008307331272673073,-0.000823147121165356,24064.600390625,24017.27255859375,24077.5970703125,23996.345289535457,24182.124059038044,1.0006465439661545,0.998139503334503,0.9974945792330279,-0.01362819116261793,54.0565382862181,64.96367319816272,49.679357252428325,15.284315945734399,0.007872609007158787,0.011614475194790507,272.04575892857144,-0.13314244810307807,471890.0,0.7698828116722117,0.005073434414612388,-0.007449012061355398,0.007582657634449097,0.008149234824183171,419100.0,1
2026-05-06,24171.0,24356.5,23997.900390625,24330.94921875,429200,0.01240589643353629,0.012329573885162747,0.014738414278496571,0.006617401793471515,24131.650390625,24085.40751953125,24049.708046875,24028.212330413033,24187.96033981106,1.0101946250658054,1.0116941615809572,1.0014844035772354,-0.009995296116200425,52.21121574392544,82.04467758533428,56.15242131900952,25.892256266324765,0.00845694383125272,0.011661094592410761,266.3564453125,0.18139278832920458,472030.0,0.9092642416795542,-0.0035863394542201554,0.005073434414612388,-0.007449012061355398,-0.004026115924964935,363300.0,0
2026-05-07,24398.5,24482.099609375,24284.0,24326.650390625,440600,-0.00017668148029703623,-0.0001766970903084699,0.00814331632978717,-0.0029448371569973566,24161.450390625,24145.55751953125,24019.8540625,24056.63500281417,24193.399165333172,1.0075000492718906,1.0127726141602156,1.005233314769697,-0.0021104688049684572,52.921738748435,94.14932233926811,63.751801523061246,30.397520816206864,0.008080085327106017,0.01164314187184478,259.21010044642856,0.02656104380242308,470210.0,0.937028136364603,0.01240589643353629,-0.0035863394542201554,0.005073434414612388,0.007582657634449097,429200.0,0
2026-05-08,24233.650390625,24253.80078125,24126.650390625,24176.150390625,335900,-0.006186630612244115,-0.0062058471093194715,0.0052593315548825435,-0.0023727337430866123,24197.1703125,24154.49755859375,23994.290078125,24068.01742070092,24192.7227427956,1.000896430653493,1.007579316241817,1.0066769002103049,0.00012822582482652223,45.99854266579379,90.55439361555182,69.11231994155936,21.442073673992454,0.007854223472208969,0.008474660506065122,248.58872767857142,-0.23763050385837492,455040.0,0.7381768635724332,-0.00017668148029703623,0.01240589643353629,-0.0035863394542201554,-0.007449012061355398,440600.0,0
2026-05-11,23970.099609375,23997.44921875,23799.099609375,23815.849609375,390100,-0.014903149402549887,-0.015015317164036516,0.00832847085568262,-0.006435100500778517,24136.480078125,24156.53505859375,23959.1820703125,24044.00143866988,24177.943404230085,0.9858967584385597,0.9940176396457581,1.008237050317581,-0.0034354248820055444,39.30116211619944,57.963952451777004,66.8826464436029,-8.91869399182589,0.008488365407834002,0.008903194056971594,245.65652901785714,0.16135754688895498,451215.0,0.8645545914918609,-0.006186630612244115,-0.00017668148029703623,0.01240589643353629,0.005073434414612388,335900.0,0
2026-05-12,23722.599609375,23757.55078125,23348.400390625,23379.55078125,447500,-0.018319683541890175,-0.018489566950081734,0.017500352956017085,-0.014460844670220274,24005.830078125,24122.9826171875,23912.5130859375,23980.72042367751,24146.633889603418,0.9691815955043716,0.9777119910913536,1.0088016483459354,-0.029600188464769306,28.549419119463934,-3.034891757182777,52.899138803445766,-55.93403056062854,0.00963421984217451,0.009390099330273948,257.25306919642856,0.14714175852345557,449525.0,0.9954952449808131,-0.014903149402549887,-0.006186630612244115,-0.00017668148029703623,-0.0035863394542201554,390100.0,1
2026-05-13,23362.44921875,23582.94921875,23262.55078125,23412.599609375,415400,0.0014135784059419176,0.001412580244529267,0.013684872369820236,0.0021466238473297912,23822.16015625,24101.480078125,23872.2720703125,23926.613679458227,24117.848231555246,0.971417503550944,0.9807445030961611,1.0096014324542464,-0.02430017162906306,31.608100626834215,-48.155049600303755,32.68830112269586,-80.84335072299962,0.00972310805728023,0.009249081292934985,268.49232700892856,-0.07173184357541895,445855.0,0.9316930392167857,-0.018319683541890175,-0.014903149402549887,-0.006186630612244115,0.01240589643353629,447500.0,1
2026-05-14,23530.25,23777.19921875,23426.55078125,23689.599609375,428700,0.011831236369372666,0.011761794478008175,0.014801788264974865,0.0067721171417643245,23694.75,24074.39501953125,23836.4140625,23904.040910878874,24101.054167940336,0.9840164037416488,0.9938407491688956,1.009983924444644,-0.020186030212399952,41.03640452367761,-60.85995902611103,13.978649092934486,-74.83860811904552,0.010279739381208354,0.008865271127389995,282.00669642857144,0.03201733269138174,444275.0,0.964942884474706,0.0014135784059419176,-0.018319683541890175,-0.014903149402549887,-0.00017668148029703623,415400.0,0
2026-05-15,23731.400390625,23839.30078125,23610.30078125,23643.5,408900,-0.0019459851637491088,-0.0019478810528585342,0.009685537251252986,-0.003703969811226341,23588.219921875,24046.73251953125,23799.353046875,23879.227490795172,24083.110867236795,0.9832312968423573,0.9934513746416538,1.0103943780391431,-0.014753621504017378,44.84450164069882,-73.79784882238164,-3.5766504901287384,-70.2211983322529,0.010101929435521082,0.008866953283950952,270.3388671875,-0.04618614415675293,439320.0,0.9307566238732586,0.011831236369372666,0.0014135784059419176,-0.018319683541890175,-0.006186630612244115,428700.0,1
2026-05-18,23482.19921875,23695.650390625,23317.099609375,23649.94921875,392000,0.0002727692071817778,0.0002727320124251536,0.016006409897484253,0.0071437090894815106,23555.03984375,24011.55244140625,23768.7790234375,23857.391464886106,24066.124135923586,0.9849404479973277,0.9950005928125157,1.0102139625148334,-0.019459584121313656,40.28820745178549,-82.57890344826592,-19.377101081756173,-63.201802366509746,0.009867905912965002,0.00869350136588196,280.75320870535717,-0.04133039863047194,433990.0,0.9032466185856817,-0.0019459851637491088,0.011831236369372666,0.0014135784059419176,-0.014903149402549887,408900.0,0
2026-05-19,23675.30078125,23782.30078125,23587.19921875,23618.0,442000,-0.0013509212410769411,-0.0013518345578153919,0.008260714814971632,-0.002420276801525588,23602.7296875,23974.2099609375,23743.8250390625,23834.592277754095,24048.550640397174,0.985141952059405,0.9947007258158491,1.0097029405117321,-0.017259776961727313,41.47172706986426,-91.06623260303604,-33.71492738601215,-57.35130521702389,0.009852268982858337,0.00868176207693229,278.63546316964283,0.12755102040816335,435295.0,1.0154033471553774,0.0002727692071817778,-0.0019459851637491088,0.011831236369372666,-0.018319683541890175,392000.0,1
2026-05-20,23457.25,23690.900390625,23397.30078125,23659.0,344100,0.0017359640951817301,0.0017344590510618102,0.012409637320892683,0.008600752432616782,23652.009765625,23928.32998046875,23727.3950390625,23817.869203682276,24033.274144695322,0.9887443051525707,0.9971174653201542,1.0084684787805593,-0.02761705730050923,37.4930176346525,-93.40740236700003,-45.653422382209726,-47.753979984790305,0.008669717255199246,0.008386339565609292,275.392578125,-0.22149321266968325,431210.0,0.7979870596693026,-0.0013509212410769411,0.0002727692071817778,-0.0019459851637491088,0.0014135784059419176,442000.0,0
2026-05-21,23830.05078125,23859.900390625,23596.599609375,23654.69921875,348200,-0.00018178203854768427,-0.00018179856290503812,0.011131013707470586,-0.007358421688214379,23645.0296875,23892.1599609375,23705.171015625,23802.329205117298,24018.428069168054,0.9900611437988136,0.9978708528682736,1.007888107838971,-0.027622017872791726,40.966391311597235,-94.52026262517757,-55.426790430803294,-39.09347219437427,0.00866954585431901,0.00826398179786187,273.44266183035717,0.011915140947398983,426595.0,0.8162308512758002,0.0017359640951817301,-0.0013509212410769411,0.0002727692071817778,0.011831236369372666,344100.0,1
2026-05-22,23671.19921875,23835.650390625,23671.0,23719.30078125,336100,0.002731024474358801,0.0027273020029192283,0.0069416207561715055,0.002032071212594023,23660.18984375,23869.4724609375,23690.548046875,23794.421736177555,24006.697587288916,0.993708630136956,1.001213679578797,1.0075525654243402,-0.018896706133667895,39.13336460320863,-89.1616067006762,-62.17375368477788,-26.987853015898324,0.008739688946829582,0.008146946283437387,265.4642857142857,-0.034750143595634664,420025.0,0.8001904648532825,-0.00018178203854768427,0.0017359640951817301,-0.0013509212410769411,-0.0019459851637491088,348200.0,1
2026-05-25,23940.25,24054.44921875,23922.849609375,24031.69921875,351200,0.01317064277657587,0.013084663968970206,0.0054760842409480315,0.0038198940591681373,23736.53984375,23876.1599609375,23690.621015625,23817.019591660646,24007.678043424643,1.0065144168101976,1.014397182872498,1.0078317467992979,0.009063275630109446,49.973345784569666,-59.02646978887424,-61.54429690559716,2.51782711672292,0.00857284409619253,0.008327763748549606,275.14285714285717,0.04492710502826536,415665.0,0.8449111664441317,0.002731024474358801,-0.00018178203854768427,0.0017359640951817301,0.0002727692071817778,336100.0,0
2026-05-26,24004.099609375,24089.80078125,23885.44921875,23913.69921875,387900,-0.004910181295375682,-0.004922275842741698,0.008545376465209288,-0.0037660396388995727,23795.6796875,23867.2099609375,23683.6630078125,23826.227175192966,24003.992599319754,1.0019478295908315,1.0097128645540014,1.007749939401876,0.022846822100978104,38.939672257439234,-44.15675887747784,-58.0667892999733,13.91003042249546,0.005782333582162686,0.008191183000367766,264.12513950892856,0.1044988610478359,413545.0,0.9379874016128837,0.01317064277657587,0.002731024474358801,-0.00018178203854768427,-0.0013509212410769411,351200.0,0
2026-05-27,23880.349609375,23983.19921875,23858.25,23907.150390625,531600,-0.00027385257567613674,-0.0002738900801400246,0.0052264371415423,0.0011222943419336915,23845.309765625,23862.78251953125,23684.4690234375,23833.934148091255,24000.194865645448,1.0018592916001072,1.0094019995536796,1.0075287098865209,0.02112327505280409,38.89327858849324,-32.525903183337505,-52.95861207664615,20.432708893308643,0.005834124092399542,0.008145748731911425,258.90011160714283,0.37045630317092026,412420.0,1.288977256195141,-0.004910181295375682,0.01317064277657587,0.002731024474358801,0.0017359640951817301,387900.0,0
2026-05-29,23902.150390625,24002.80078125,23484.75,23547.75,1198000,-0.015033175629577955,-0.015147319219471595,0.02200001194381629,-0.014827134162958173,23823.919921875,23831.2875,23682.641015625,23806.678514939704,23982.451929737785,0.9881023003897713,0.9943042241135184,1.0062766008350559,-0.005987843260924719,35.01951358967172,-51.71286047358808,-52.709461756034536,0.9966012824464556,0.006972343516162733,0.008580664965108162,286.82156808035717,1.253574115876599,445765.0,2.6875147218826063,-0.00027385257567613674,-0.004910181295375682,0.01317064277657587,-0.00018178203854768427,531600.0,0
2026-06-01,23654.5,23733.69921875,23357.94921875,23382.599609375,421700,-0.007013425513053284,-0.007038135182494777,0.016069641796772123,-0.011494658125303854,23756.5796875,23800.53994140625,23687.271015625,23766.290047743067,23958.9283093314,0.9824398802270805,0.9871377582479203,1.0047818478416755,-0.0110347618002834,38.61214641408697,-79.33044665713169,-58.03365873625397,-21.29678792087772,0.00726145035874635,0.008564641012358236,299.49302455357144,-0.6479966611018364,441575.0,0.9549906584385438,-0.015033175629577955,-0.00027385257567613674,-0.004910181295375682,0.002731024474358801,1198000.0,1
2026-06-02,23229.150390625,23556.94921875,23229.150390625,23483.55078125,511900,0.00431736306319519,0.004308069989399964,0.013958656898969675,0.010951773368675286,23646.95,23768.75244140625,23688.766015625,23739.36249855325,23940.28605332821,0.9880009831875141,0.9913370230327895,1.0033765551877414,-0.007035889843183152,53.31865797779251,-92.01102101994184,-64.82913119299155,-27.181889826950282,0.007456316790219682,0.008536843604112667,293.6821986607143,0.21389613469290958,446215.0,1.1472048227872214,-0.007013425513053284,-0.015033175629577955,-0.00027385257567613674,0.01317064277657587,421700.0,0
2026-06-03,23415.94921875,23459.650390625,23151.5,23405.599609375,450100,-0.0033193946094914883,-0.003324916021661275,0.013165669573428568,-0.00044198974290193165,23545.330078125,23737.3923828125,23685.255,23707.57555672675,23919.31795748691,0.9860223579706362,0.9881928486467635,1.0022012590876688,-0.008993157364086679,49.78285157565902,-107.1157124108031,-73.28644743655386,-33.82926497424924,0.00750127363408709,0.00853332533190257,292.80733816964283,-0.12072670443445987,450555.0,0.9989901343898081,0.00431736306319519,-0.007013425513053284,-0.015033175629577955,-0.004910181295375682,511900.0,1
2026-06-04,23282.44921875,23465.30078125,23247.30078125,23416.55078125,412500,0.00046788683297016576,0.0004677774080569192,0.009309654612948207,0.0057597704279326555,23447.21015625,23691.6724609375,23678.03,23679.85891144325,23899.601597634482,0.988387409958452,0.988956884557119,1.0005761653709158,-0.01024765284881013,39.855157650302964,-116.85558269668036,-82.00027448857915,-34.855308208101206,0.007462375066019649,0.007925086091702263,282.3359375,-0.0835369917796045,449720.0,0.9172373921551188,-0.0033193946094914883,0.00431736306319519,-0.007013425513053284,-0.00027385257567613674,450100.0,0
2026-06-05,23478.94921875,23516.349609375,23282.650390625,23366.69921875,366200,-0.0021289028843615165,-0.0021311722194751305,0.010001379166231323,-0.004780878349971409,23411.0,23643.67490234375,23685.3209765625,23650.034178805796,23878.70346512921,0.9882854215878981,0.9865477120564341,0.998241692639084,-0.012175170664259216,39.7443504991707,-127.13161046827372,-91.02654168451807,-36.105068783755655,0.007463215721211399,0.007914562342061157,282.67159598214283,-0.11224242424242425,446000.0,0.8210762331838565,0.00046788683297016576,-0.0033193946094914883,0.00431736306319519,-0.015033175629577955,412500.0,0
2026-06-08,23080.69921875,23267.30078125,23070.150390625,23123.0,375700,-0.010429338627102713,-0.01048410529877786,0.00852615969489253,0.0018327339587544313,23359.080078125,23591.0173828125,23685.4909765625,23599.84044749096,23849.068035124143,0.9801612039354657,0.9762516649066256,0.9960113305718051,-0.02513989711371989,33.39537036353207,-153.174229614473,-103.45607927050905,-49.718150343963956,0.007845400553151128,0.008089726694321711,269.7144252232143,0.02594210813762965,447990.0,0.8386347909551553,-0.0021289028843615165,0.00046788683297016576,-0.0033193946094914883,-0.007013425513053284,366200.0,1
2026-06-09,23259.05078125,23279.400390625,23104.44921875,23242.099609375,402600,0.005150698844224255,0.005137479368527299,0.00752733938909853,-0.0007287989537674934,23310.78984375,23562.3298828125,23700.0799609375,23565.76989147992,23825.26535176143,0.9864092271422151,0.9806759997300708,0.994187780026395,-0.032856586718551295,38.77174784344703,-162.33159224765404,-115.23118186593805,-47.10041038171599,0.006345191907647547,0.007656491123043759,268.27511160714283,0.07159968059622046,448615.0,0.897428752939603,-0.010429338627102713,-0.0021289028843615165,0.00046788683297016576,0.00431736306319519,375700.0,0
2026-06-10,23233.94921875,23425.349609375,23184.599609375,23214.94921875,380000,-0.0011681556778996294,-0.0011688385035597795,0.010370472824707006,-0.0008177688528589377,23272.659765625,23554.0998046875,23706.1309375,23532.358398838973,23801.331385760983,0.9856012079107347,0.9792803929057435,0.9935868432848312,-0.02921965328777454,36.625417084339276,-169.82207456285323,-126.14936040532109,-43.67271415753214,0.006352261456256333,0.006491108806937595,264.50013950892856,-0.05613512170889223,445240.0,0.8534722846105471,0.005150698844224255,-0.010429338627102713,-0.0021289028843615165,-0.0033193946094914883,402600.0,0
2026-06-11,23104.400390625,23327.44921875,23072.05078125,23161.599609375,363000,-0.0022980713363744965,-0.0023007159547660506,0.011026804789278186,0.0024756850549218124,23221.66953125,23541.5498046875,23703.2339453125,23497.048037937642,23776.243865118395,0.9838604425594425,0.9771493485999783,0.9931788151356041,-0.031185263365489213,35.5743199616941,-178.01120106122107,-136.5217285365011,-41.489472524719986,0.006288855944892208,0.006491047688161057,263.93568638392856,-0.044736842105263186,442620.0,0.8201165785549681,-0.0011681556778996294,0.005150698844224255,-0.010429338627102713,0.00046788683297016576,380000.0,1
2026-06-12,23412.55078125,23645.349609375,23313.900390625,23622.900390625,351900,0.019916620139797336,0.019720878993895297,0.014030843514945318,0.008984480646314668,23272.909765625,23538.21484375,23719.2999609375,23509.03397628882,23770.23039553042,1.003597789698036,0.9959358172260034,0.9923654948718671,0.003191404300835643,47.711077370843775,-145.59964296380713,-138.33731142196228,-7.262331541844844,0.008264905926924046,0.007456981862780544,285.56417410714283,-0.03057851239669418,438780.0,0.8019964446875427,-0.0022980713363744965,-0.0011681556778996294,0.005150698844224255,-0.0021289028843615165,363000.0,1
2026-06-15,23984.849609375,24011.400390625,23817.80078125,23853.900390625,398900,0.009778646829145199,0.009731145278463154,0.008116056754017805,-0.005459663949646599,23419.08984375,23548.73486328125,23749.7499609375,23541.87839670179,23773.511571808638,1.0129588926587978,1.004385327418554,0.9915361173070507,0.020156047194215265,45.60861364502482,-100.11936647194307,-130.69372243195843,30.574355960015367,0.0083074967970706,0.0077592012646801045,289.375,0.1335606706450696,438280.0,0.9101487633476316,0.019916620139797336,-0.0022980713363744965,-0.0011681556778996294,-0.010429338627102713,351900.0,1
2026-06-16,23923.900390625,24002.599609375,23888.19921875,23989.150390625,327300,0.005669932287180934,0.005653918723145327,0.004768838777621231,0.002727398080355215,23568.5,23565.694921875,23775.9449609375,23584.475729456382,23781.967996075946,1.0179691483808917,1.0089672746987672,0.9911570270116318,0.021529947241994085,51.84779499620693,-52.556535984331276,-115.066285142433,62.50974915810173,0.00835985965921855,0.007845803339409051,285.3998325892857,-0.1794936074204061,435045.0,0.7523359652449747,0.009778646829145199,0.019916620139797336,-0.0022980713363744965,0.005150698844224255,398900.0,1
2026-06-17,24044.5,24108.19921875,23969.69921875,24085.69921875,352700,0.004024687267071059,0.004016609878660483,0.0057503001570401524,0.0017134570795816091,23742.65,23589.0798828125,23803.396953125,23632.2112998653,23793.879024416106,1.021052933747507,1.0118597470008557,0.9909963661600676,0.029057132512110062,54.18803434465785,-6.991374401623034,-93.45130299427102,86.45992859264798,0.008147232235044809,0.007863291202401824,286.3677455357143,0.07760464405743961,430580.0,0.8191276882344745,0.005669932287180934,0.009778646829145199,0.019916620139797336,-0.0011681556778996294,327300.0,1
2026-06-18,24073.80078125,24189.25,24036.94921875,24168.0,340000,0.0034169978003351087,0.0034111731281746415,0.006301753610145647,0.003912935045278248,23943.930078125,23614.5298828125,23827.391953125,23683.238795116224,23808.55043522332,1.023437693654462,1.0142948102564087,0.9910664973014565,0.03209051690702869,66.72234321750082,35.352804538120836,-67.69048148779265,103.04328602591349,0.008104086368525141,0.00788067227900436,260.2427455357143,-0.03600793875815145,430375.0,0.790008713331397,0.004024687267071059,0.005669932287180934,0.009778646829145199,-0.0022980713363744965,352700.0,0
2026-06-19,23991.19921875,24047.19921875,23901.900390625,24013.099609375,447900,-0.006409317718677587,-0.006429945583083175,0.006050815200394771,0.0009128510177967279,24021.969921875,23632.44990234375,23845.1809375,23714.654110759915,23816.57197146456,1.0161070777090064,1.0070420380669423,0.9910786571209572,0.027663316267892535,67.09316265021963,55.76883602750968,-42.99861798473219,98.76745401224187,0.008519238586646662,0.008054595979349224,243.78194754464286,0.3173529411764706,435360.0,1.0288037486218302,0.0034169978003351087,0.004024687267071059,0.005669932287180934,0.019916620139797336,340000.0,1
2026-06-22,24106.599609375,24168.05078125,24073.150390625,24102.900390625,252800,0.0037396580495980825,0.003732682912776634,0.003937301697596203,-0.0001534525320842589,24071.769921875,23651.6298828125,23847.291953125,23751.629946937544,23827.800536921834,1.0190798904789407,1.0107185519430228,0.9917952079969038,0.042377736047441994,66.89300269024852,78.29235508868805,-18.74042337004814,97.0327784587362,0.007144641969760608,0.008070694730603125,231.43568638392858,-0.43558830096003576,431195.0,0.5862776701956192,-0.006409317718677587,0.0034169978003351087,0.004024687267071059,0.009778646829145199,447900.0,0
2026-06-23,24071.30078125,24135.5,23784.94921875,23824.099609375,340100,-0.011567105067506356,-0.011634524429481118,0.01471412506653788,-0.010269539403851157,24038.759765625,23641.24990234375,23848.271953125,23758.531819550633,23827.655402508233,1.007734350247409,0.9989864110994074,0.9913192011904189,0.02504076696088342,60.28759086238849,72.80624809857181,-0.4310890763241506,73.23733717489597,0.008688907261747548,0.007983025329845456,234.46428571428572,0.34533227848101267,430640.0,0.7897547835779305,0.0037396580495980825,-0.006409317718677587,0.0034169978003351087,0.005669932287180934,252800.0,1
2026-06-24,23795.80078125,24090.05078125,23789.25,24021.650390625,395600,0.008292056551520766,0.008257866325424086,0.01252206973120358,0.009491153983477586,24025.95,23646.6474609375,23847.69296875,23783.590731081527,23835.26304910105,1.0158586087227366,1.0072945178430028,0.9915696034800535,0.03474921113432594,63.624665662224075,83.43735197413844,16.342599133768367,67.09475284037006,0.008760929069597084,0.008135555979982887,240.37862723214286,0.16318729785357244,431025.0,0.917812191868221,-0.011567105067506356,0.0037396580495980825,-0.006409317718677587,0.004024687267071059,340100.0,1
2026-06-25,24125.849609375,24261.599609375,24039.0,24056.0,448800,0.0014299437722400388,0.0014289223762208004,0.00925339247485035,-0.002895218635030259,24003.55,23654.08994140625,23851.9599609375,23809.534470978524,23843.919400116694,1.0169911444316533,1.0085544349142233,0.9917042448563849,0.03861565719592952,65.62968329831747,93.55585117751252,31.7852495425172,61.77060163499532,0.008567783317407141,0.00813896741923073,240.82505580357142,0.134479271991911,426885.0,1.0513370111388314,0.008292056551520766,-0.011567105067506356,0.0037396580495980825,0.0034169978003351087,395600.0,0
2026-06-29,24061.75,24120.0,23924.55078125,23946.25,588500,-0.004562271366810755,-0.004572710289054184,0.008161996920185833,-0.004800149615052937,23990.180078125,23674.01494140625,23846.2589453125,23822.554997551997,23847.932364818,1.0114993193705224,1.0041931547802452,0.9927768961873112,0.01368797243471942,69.87420197467065,91.66230096730578,43.76065982747492,47.901641139830865,0.00681282776346077,0.007391057189878456,240.70354352678572,0.3112745098039216,396410.0,1.4845740521177568,0.0014299437722400388,0.008292056551520766,-0.011567105067506356,-0.006409317718677587,448800.0,0
2026-06-30,24032.05078125,24035.55078125,23829.19921875,23865.75,449000,-0.0033616954637991636,-0.003367358657511833,0.008646347275907943,-0.006919957966290135,23942.75,23698.1724609375,23839.6389453125,23826.66880730895,23848.63109560945,1.0070713275185554,1.0010952789489553,0.9940659133009724,0.000496757728545516,65.34155498348656,82.71251318475697,51.551030498931325,31.161482685825646,0.006261288730810053,0.007228950311405594,242.94642857142858,-0.23704333050127446,397775.0,1.1287788322544152,-0.004562271366810755,0.0014299437722400388,0.008292056551520766,0.0037396580495980825,588500.0,1
2026-07-01,23897.650390625,24049.900390625,23895.099609375,24005.849609375,352100,0.0058703208311072785,0.005853157634003401,0.006448460844707854,0.004527609073754227,23979.1,23724.28740234375,23832.684921875,23843.733645600958,23854.796527521827,1.011868099650632,1.0072658488990076,0.9954517285867462,0.0006961154721230045,68.43159334982253,85.93401566213288,58.42762753157164,27.50638813056124,0.006281388090599407,0.0072740248108163095,238.90359933035714,-0.21581291759465482,389785.0,0.9033184960940005,-0.0033616954637991636,-0.004562271366810755,0.0014299437722400388,-0.011567105067506356,449000.0,1
2026-07-02,24062.19921875,24194.55078125,24058.80078125,24175.69921875,372900,0.007075342557701703,0.007050429763556748,0.0056151426592334535,0.0047169420786591,24009.909765625,23762.7923828125,23828.9019140625,23875.349414472294,23867.380946785677,1.0173761917070048,1.0145536418731422,0.997225657670319,0.00373665714175897,72.41597554710334,101.02793640609525,66.94768930647636,34.08024709961889,0.006560278575368731,0.007311726054106054,234.13950892857142,0.059074126668560156,385925.0,0.9662499190257174,0.0058703208311072785,-0.0033616954637991636,-0.004562271366810755,0.008292056551520766,352100.0,1
2026-07-03,24375.650390625,24378.150390625,24252.349609375,24270.849609375,326600,0.003935786500487426,0.003928061555321314,0.005183204678644931,-0.004299404511081555,24052.8796875,23805.50732421875,23822.7869140625,23913.016099701123,23883.203247279376,1.0195476735201872,1.0188081561124156,0.9992746612767816,0.004255611112835123,67.08860629087357,119.29268682336988,77.41668880985507,41.8759980135148,0.006588850649535526,0.007323989887238278,214.04673549107142,-0.12416197371949589,381630.0,0.8558027408746692,0.007075342557701703,0.0058703208311072785,-0.0033616954637991636,0.0014299437722400388,372900.0,1
2026-07-06,24306.849609375,24458.650390625,24287.099609375,24430.349609375,329400,0.006571669412775316,0.0065501701327115155,0.007022035459704122,0.005080872346055362,24149.699609375,23858.68984375,23823.8319140625,23962.2859577653,23904.659967361556,1.023960232911731,1.0254584441957253,1.0014631537786718,0.01737593258627479,65.79874270395732,144.96686237168615,90.9267235222213,54.04013884946485,0.006363127637406573,0.007336507354173257,199.71107700892858,0.008573178199632547,379790.0,0.8673214144658891,0.003935786500487426,0.007075342557701703,0.0058703208311072785,-0.004562271366810755,326600.0,0
2026-07-07,24464.44921875,24530.900390625,24348.94921875,24398.69921875,412600,-0.0012955357222089736,-0.0012963756541323145,0.0074574128007272415,-0.002687573278764355,24256.289453125,23922.4748046875,23828.3448828125,24003.849125478126,23924.0340556513,1.0199069877991547,1.0239359610893033,1.0039503340386389,0.012272333342922215,61.900286597996654,160.905095673108,104.92239795239863,55.98269772070938,0.006385311956383682,0.0067640977037706496,202.08621651785714,0.2525804493017607,381635.0,1.0811377363187338,0.006571669412775316,0.003935786500487426,0.007075342557701703,-0.0033616954637991636,329400.0,0
2026-07-08,24259.55078125,24300.0,23805.19921875,23882.05078125,420500,-0.02117524515827318,-0.021402656722269202,0.02071852144450142,-0.015560881708154568,24231.5296875,23954.47236328125,23828.0269140625,23992.249283170684,23922.387652733603,0.9969766989256561,1.002267240480395,1.0053065849587457,0.002432460106580381,45.24375157373854,130.34451882182475,110.00682212628385,20.3376966955409,0.00884401507645397,0.00860934109280082,227.53627232142858,0.0191468734852156,382530.0,1.0992601887433666,-0.0012955357222089736,0.006571669412775316,0.003935786500487426,0.0058703208311072785,412600.0,1
2026-07-09,23928.94921875,24134.69921875,23925.69921875,23962.80078125,384800,0.0033812004144717633,0.003375497008972435,0.00872185191989472,0.001414669829023455,24188.95,23991.86494140625,23825.4289453125,23989.444663940143,23923.972481302873,0.9987885827038777,1.005765765487489,1.0069856453151707,-0.002449857042210901,45.20405871515408,111.35723474948827,110.27690465092473,1.080330098563536,0.008479646509998363,0.00859910123759865,234.70396205357142,-0.08489892984542213,382770.0,1.0053034459335894,-0.02117524515827318,-0.0012955357222089736,0.006571669412775316,0.007075342557701703,420500.0,1
2026-07-10,24124.69921875,24228.44921875,24120.349609375,24206.900390625,313100,0.01018660596494203,0.010135072168571098,0.004465652670544532,0.003407344942610198,24176.16015625,24044.12998046875,23829.65296875,24010.154733148225,23935.067693433153,1.0067696527297294,1.015831007793933,1.009000425310432,0.006272879557075228,54.34823381759031,114.68446267999752,111.1584162567393,3.5260464232582223,0.009095229561437254,0.00875157447802484,243.30036272321428,-0.18633056133056136,380275.0,0.8233515219249228,0.0033812004144717633,-0.02117524515827318,-0.0012955357222089736,0.003935786500487426,384800.0,1
2026-07-13,24039.400390625,24259.80078125,24000.19921875,24211.0,322700,0.0001693570555851842,0.0001693427162979961,0.010722463446367354,0.007138264956139307,24132.290234375,24073.5349609375,23830.3199609375,24029.282853800774,23945.88856820048,1.0057102141121175,1.0159746088045192,1.010206115587146,0.011056010857649845,52.522392861993254,116.31135411210562,112.18900382781257,4.122350284293049,0.008915955823684062,0.007723913519371714,250.775390625,0.030661130629191957,378815.0,0.8518670063223474,0.01018660596494203,0.0033812004144717633,-0.02117524515827318,0.006571669412775316,313100.0,0
2026-07-14,24068.0,24157.099609375,24023.69921875,24052.05078125,355800,-0.006565165369047166,-0.0065868108566920726,0.00554632084549703,-0.000662673207163038,24062.960546875,24083.44248046875,23831.4099609375,24031.451227843558,23950.051792241637,0.9986965443480844,1.009258403958228,1.0105756444937317,0.007806198474801684,55.63413529725831,103.58078887672309,110.46736083759467,-6.886571960871578,0.009150219755769537,0.007639997588246135,235.2646484375,0.10257204834211331,376660.0,0.9446184888228111,0.0001693570555851842,0.01018660596494203,0.0033812004144717633,-0.0012955357222089736,322700.0,1
2026-07-15,24085.849609375,24220.349609375,24010.55078125,24078.5,306900,0.0010996658451518648,0.001099061655563571,0.00871311867952738,-0.0003051422098118263,24102.250390625,24087.9099609375,23830.5939453125,24035.93206328703,23955.08897685961,0.9996093492149065,1.0104028483409355,1.010797717262755,0.003026361982898962,51.534944549620576,94.53620064243296,107.28112879856234,-12.744928156129376,0.008979114636629629,0.007542837379224188,228.76450892857142,-0.13743676222596968,375640.0,0.8170056437014163,-0.006565165369047166,0.0001693570555851842,0.01018660596494203,-0.02117524515827318,355800.0,0
2026-07-16,24142.099609375,24186.5,24050.0,24072.75,264300,-0.00023880225097083763,-0.00023883076876853854,0.005670311867152693,-0.002872559160018947,24124.240234375,24087.2625,23831.3929296875,24039.43853345017,23959.70313462982,0.9993975031409236,1.0101276946347453,1.0107366602979282,-0.004258376058474234,50.4593455611236,85.91395971080783,103.00769498101144,-17.09373527020361,0.00866064515680118,0.007488918113225276,221.37527901785714,-0.13880742913000976,371220.0,0.7119767253919509,0.0010996658451518648,-0.006565165369047166,0.0001693570555851842,0.0033812004144717633,306900.0,1
2026-07-17,24127.599609375,24367.30078125,24099.05078125,24334.30078125,387800,0.010865014643113069,0.010806414450711182,0.011023534327589608,0.008567001078494537,24149.7203125,24095.5775390625,23831.4599609375,24067.520652288247,23974.39323841885,1.0099073467652102,1.0210998747511362,1.0110827275608762,0.0026142954571517496,59.82383725069817,99.04401606397005,102.21495919760318,-3.1709431336331306,0.00929485732277897,0.007841857007200359,228.45396205357142,0.46727203934922446,373610.0,1.0379807820989801,-0.00023880225097083763,0.0010996658451518648,-0.006565165369047166,0.01018660596494203,264300.0,0
2026-07-20,24190.05078125,24266.099609375,24135.849609375,24238.5,353100,-0.003936861885253551,-0.003944631725234211,0.0053736823648328075,0.00200285725681707,24155.2203125,24106.84755859375,23829.696953125,24083.80439968937,23984.75036632399,1.0054612052067886,1.0171551928536544,1.0116304712566815,-0.007852921159236304,59.363941993488105,100.56016295246809,101.88399994857616,-1.3238369961080707,0.009096218996310577,0.007748013292521686,223.01813616071428,-0.08947911294481692,368870.0,0.9572478108818825,0.010865014643113069,-0.00023880225097083763,0.0010996658451518648,0.0001693570555851842,387800.0,0
2026-07-21,24216.05078125,24262.19921875,24135.650390625,24187.69921875,315600,-0.002095871495760848,-0.002098070908085292,0.005231949801447049,-0.001170775646124431,24182.35,24111.0875,23829.9279296875,24093.69914436181,23992.7091448505,1.0031774476680075,1.0150135279518318,1.0117985908787508,-0.008648002014707834,54.782875817933565,96.5495585864519,100.81711167615131,-4.267553089699419,0.009104722465386504,0.0077283453997062925,218.90373883928572,-0.10620220900594735,372010.0,0.8483642912824924,-0.003936861885253551,0.010865014643113069,-0.00023880225097083763,-0.006565165369047166,353100.0,0
2026-07-22,24150.44921875,24166.30078125,23961.400390625,23996.25,304700,-0.0079151479856997,-0.007946639050547172,0.008538850471427828,-0.006384942050282126,24165.9,24119.69501953125,23833.5359375,24084.418273470208,23992.84800191519,0.9948819825693779,1.0068271054251745,1.0120065727041787,0.004781801186004353,45.33328050906343,77.03476496821895,96.06064233456485,-19.025877366345895,0.006292918499462308,0.007471457349019478,220.06082589285714,-0.034537389100126714,370240.0,0.8229796888504753,-0.002095871495760848,-0.003936861885253551,0.010865014643113069,0.0010996658451518648,315600.0,0
2026-07-23,23904.80078125,23990.75,23807.19921875,23869.599609375,344000,-0.0052779242850445884,-0.005291901730381726,0.0076897302113902565,-0.0014725565879892392,24125.269921875,24112.09248046875,23843.3369140625,24063.959353080187,23988.0147316195,0.9899431013177238,1.0011014689515632,1.011271726242636,-0.003889410621312983,39.73337970903246,50.76434262523253,87.00138239269839,-36.23703976746586,0.006444417677892883,0.007330608479880456,218.71079799107142,0.1289793239251722,367660.0,0.9356470652233041,-0.0079151479856997,-0.002095871495760848,-0.003936861885253551,-0.00023880225097083763,304700.0,0
2026-07-24,23666.349609375,23823.599609375,23606.30078125,23767.44921875,333900,-0.004279518395644999,-0.00428870174406507,0.009142707159065865,0.004271871709989073,24011.899609375,24097.66494140625,23850.43390625,24035.72029266779,23979.365103663833,0.9862967750834294,0.9965206214769009,1.0103658925505528,-0.01815396291072413,32.52581188906886,21.454842761067994,73.8920744663723,-52.43723170530431,0.005347912885148999,0.007370298022026408,220.81780133928572,-0.0293604651162791,361915.0,0.922592321401434,-0.0052779242850445884,-0.0079151479856997,-0.002095871495760848,0.010865014643113069,344000.0,1
2026-07-27,23928.400390625,24011.599609375,23891.55078125,23995.94921875,319400,0.009613989195766948,0.009568068885288541,0.005002878903877493,0.0028229562788269465,23963.389453125,24100.14990234375,23856.5608984375,24031.932571342284,23980.015461118193,0.9956763470760148,1.005842766730121,1.010210566600243,-0.008882358483747077,40.38162298917485,16.47497998702238,62.408655570502326,-45.933675583479946,0.006450887847394602,0.007642709306020342,225.26060267857142,-0.04342617550164718,348460.0,0.9166044883200367,-0.004279518395644999,-0.0052779242850445884,-0.0079151479856997,-0.003936861885253551,333900.0,0
2026-07-28,23971.25,24041.150390625,23954.599609375,23985.349609375,437800,-0.0004417249460887396,-0.0004418225352921867,0.0036084852903778583,0.0005881883245554571,23922.91953125,24106.1298828125,23863.397890625,24027.496098773972,23980.224643402773,0.994989644790572,1.0051104088072014,1.0101717279869376,-0.002773201024795724,53.2533022657289,11.54007615422961,52.23493968724779,-40.69486353301818,0.006133005393805688,0.0076006603559045285,196.09988839285714,0.37069505322479657,347900.0,1.2584075883874677,0.009613989195766948,-0.004279518395644999,-0.0052779242850445884,-0.002095871495760848,319400.0,1
2026-07-29,24176.650390625,24283.55078125,24136.75,24250.19921875,424200,0.011042140877174367,0.010981621540740824,0.006053590732421496,0.00304214301554032,23973.709375,24118.34736328125,23875.402890625,24048.70591972407,23990.811881651687,1.0054668694120181,1.0156980106196312,1.0101755130068044,0.007130810422160794,58.110813462534864,28.669791834756325,47.521910116749496,-18.85211828199317,0.007099563774102164,0.007880985061420102,199.35365513392858,-0.031064412973960676,351505.0,1.2068107139301005,-0.0004417249460887396,0.009613989195766948,-0.004279518395644999,-0.0079151479856997,437800.0,1
2026-07-30,24249.55078125,24342.94921875,24187.099609375,24317.150390625,400600,0.0027608503860552247,0.002757046238807193,0.006409040815698732,0.0027876643977779872,24063.21953125,24125.419921875,23889.3858984375,24074.27205980987,24003.60947023888,1.0079472386126698,1.0179060480669566,1.0098802884444567,0.010152574617565469,53.457086512904056,47.104622197453864,47.43845253289037,-0.33383033543650953,0.007118235918372346,0.0077507477050260025,191.51088169642858,-0.055634134842055594,352890.0,1.1351979370342034,0.011042140877174367,-0.0004417249460887396,0.009613989195766948,-0.0052779242850445884,424200.0,1
2026-07-31,24361.44921875,24429.400390625,24299.69921875,24383.599609375,411700,0.0027326071386892803,0.0027288803554812308,0.0053191970813502255,0.000909239447378679,24186.449609375,24131.057421875,23903.877890625,24103.73182643512,24018.51104432265,1.0104654422342498,1.020068782184423,1.0095038776674432,0.002025898692062933,55.20850892279328,66.3118529266576,51.213132611643815,15.098720315013779,0.006293611718016867,0.007725734577456606,182.23228236607142,0.027708437343983983,357145.0,1.1527530834814992,0.0027608503860552247,0.011042140877174367,-0.0004417249460887396,-0.004279518395644999,400600.0,1
2026-08-03,24572.69921875,24774.30078125,24515.150390625,24774.30078125,342300,0.01602311299947612,0.015896097912767627,0.010460452261124298,0.008204290489429404,24342.119921875,24148.25498046875,23926.269921875,24167.595536417488,24048.14985753549,1.0259250948479548,1.0354435046559294,1.009277879891792,0.02210536053179868,69.12077684360749,111.77160748883762,63.32482758708258,48.446779901755036,0.007790416910811398,0.008382735434176806,200.61090959821428,-0.16856934661161038,357790.0,0.9567064479163755,0.0027326071386892803,0.0027608503860552247,0.011042140877174367,0.009613989195766948,411700.0,0
2026-08-04,24703.900390625,24703.900390625,24427.94921875,24614.900390625,296500,-0.006434102501316152,-0.006454890555102032,0.011210736890899655,-0.003602669966795002,24468.030078125,24159.0650390625,23944.1819140625,24210.195998722967,24070.37536863704,1.0188680874373848,1.0280117516217409,1.0089743356349041,0.01766191848226062,63.266706020224895,133.39877312172757,77.33961669401158,56.05915642771599,0.008169270938768562,0.00852550744655254,205.33607700892858,-0.1338007595676307,351985.0,0.8423654417091637,0.01602311299947612,0.0027326071386892803,0.0027608503860552247,-0.0004417249460887396,342300.0,1
2026-08-05,24669.19921875,24677.599609375,24497.94921875,24624.650390625,355500,0.00039610154196334513,0.00039602311445705957,0.007295550912405879,-0.0018058481643433463,24542.9203125,24196.19501953125,23956.0409375,24249.667845570777,24092.111644009117,1.0177075515694884,1.0279098476609454,1.0100247817516173,0.02618744139709328,63.623110010616045,149.60069749938702,91.79183285508668,57.80886464430034,0.007464496602033227,0.006805934524412192,208.41824776785714,0.1989881956155144,348735.0,1.0193986838143576,-0.006434102501316152,0.01602311299947612,0.0027326071386892803,0.011042140877174367,296500.0,1
2026-08-06,24641.0,24677.05078125,24604.150390625,24636.0,344000,0.0004609043862535689,0.0004607982024527352,0.00295910012278779,-0.0002029138427823546,24606.690234375,24229.85498046875,23970.486953125,24286.461384087845,24113.440599146015,1.0167621729415481,1.0277638517805845,1.0108203069821216,0.03210780252568579,58.49664358651098,161.49504358587728,105.73247500124481,55.762568584632476,0.00699702474483165,0.006795558844919649,192.58607700892858,-0.03234880450070321,346695.0,0.9922265968646793,0.00039610154196334513,-0.006434102501316152,0.01602311299947612,0.0027608503860552247,355500.0,0
2026-08-07,24538.900390625,24630.400390625,24522.75,24570.650390625,254800,-0.0026526063230638552,-0.0026561307171494536,0.0043812593038267435,0.0012938640075384133,24644.100390625,24248.04248046875,23983.756953125,24313.527003758052,24131.37039489029,1.0133044929468473,1.0244704546767653,1.0110193548016801,0.033794168001897384,59.51746948506573,163.76050209567984,117.33808042013182,46.42242167554802,0.006820735284269442,0.006525282203514907,190.97181919642858,-0.2593023255813953,343780.0,0.741171679562511,0.0004609043862535689,0.00039610154196334513,-0.006434102501316152,0.0027326071386892803,344000.0,1
2026-08-10,24581.25,24620.94921875,24511.099609375,24583.80078125,269500,0.0005352072662276885,0.000535064093901079,0.0044683737210717235,0.00010376938723620645,24606.000390625,24266.68251953125,24004.47796875,24339.26736351919,24149.11276298283,1.0130680516986001,1.0241339475598754,1.0109231515520811,0.024497949930676777,61.60022788163882,164.71825143845126,126.81411462379572,37.904136814655544,0.006492083521173948,0.00652409423931001,189.77901785714286,0.05769230769230771,341120.0,0.7900445590994372,-0.0026526063230638552,0.0004609043862535689,0.00039610154196334513,0.01602311299947612,254800.0,0
2026-08-11,24575.099609375,24576.849609375,24429.25,24471.69921875,271800,-0.00455997685213505,-0.004570405260858804,0.006031440974148231,-0.004207526816516115,24577.36015625,24287.66494140625,24026.2599609375,24351.879921160216,24161.7632122286,1.0075772733932113,1.0185396836018883,1.010879969703722,0.020276944772358085,64.60266918772615,154.648918998304,132.38107549869738,22.267843499606613,0.006817443095198176,0.006419256973124296,185.68610491071428,0.008534322820037188,336920.0,0.8067196960702837,0.0005352072662276885,-0.0026526063230638552,0.0004609043862535689,-0.006434102501316152,269500.0,0
2026-08-12,24472.44921875,24473.30078125,24265.94921875,24435.94921875,317600,-0.0014608711753293369,-0.0014619392880015388,0.008485512907388785,-0.0014914731122226573,24539.619921875,24305.53740234375,24045.3079296875,24359.88652093067,24172.515604641205,1.0053655187395147,1.0162460505893625,1.0108224637179613,0.007659730888164518,68.42323287643381,142.14560818054815,134.33398203506755,7.811626145480602,0.006094747069392926,0.00643984926200734,187.38616071428572,0.16850625459896973,337455.0,0.9411625253737536,-0.00455997685213505,0.0005352072662276885,-0.0026526063230638552,0.00039610154196334513,271800.0,0
