Date,Open,High,Low,Close,Volume,Daily_Return,Log_Return,High_Low_Range,Open_Close_Change,SMA_5,SMA_20,SMA_50,EMA_20,EMA_50,Price_SMA20_Ratio,Price_SMA50_Ratio,SMA20_SMA50_Ratio,Momentum_10,RSI_14,MACD,MACD_Signal,MACD_Histogram,Volatility_10,Volatility_20,ATR_14,Volume_Change,Volume_SMA_20,Relative_Volume,Return_Lag_1,Return_Lag_2,Return_Lag_3,Return_Lag_5,Volume_Lag_1,Target
2021-10-26,18154.5,18310.44921875,18099.30078125,18268.400390625,341400,0.0078894808897,0.0078585216635523,0.0115581240275616,0.0062739480913823,18190.680078125,17987.130078125,17484.6519921875,18013.67062738837,17601.01555942454,1.0156373090803446,1.0448249355370467,1.028738237750572,0.0179679084089963,64.64540503246441,217.77985490962965,233.0663319643392,-15.286477054709536,0.0065839815901878,0.0066158985207717,225.45368303571428,-0.1846190589921185,397205.0,0.8595057967548243,0.0005796333280105,-0.0034766680845673,-0.0048449082967022,-0.0031553077349963,418700.0,0
2021-10-27,18295.849609375,18342.05078125,18167.900390625,18210.94921875,335200,-0.0031448386638428,-0.0031497940609639,0.0095629496591915,-0.0046404180422152,18179.55,18010.24755859375,17518.288984375,18032.459064660903,17624.93452645691,1.0111437479969831,1.0395392629378817,1.028082569859279,0.012172110833426,70.11709132789744,207.5407636197997,227.9612182954313,-20.420454675631618,0.0067542848519231,0.0064843088193983,218.50376674107144,-0.0181605155243116,394065.0,0.8506210904292439,0.0078894808897,0.0005796333280105,-0.0034766680845673,-0.00826062521208,341400.0,0
2021-10-28,18187.650390625,18190.69921875,17799.44921875,17857.25,374200,-0.0194223384240636,-0.0196134303875884,0.0219098685407887,-0.018166194287268,18115.380078125,18017.54501953125,17544.17296875,18015.77248707415,17634.044937184088,0.9911033928674806,1.017845072082204,1.026981725022002,-0.0167660054785468,52.07314253619057,168.93822434862886,216.15661950607085,-47.21839515744196,0.0087754973867835,0.0079764097855782,231.33942522321428,0.1163484486873507,384665.0,0.9727945095082734,-0.0031448386638428,0.0078894808897,0.0005796333280105,-0.0048449082967022,335200.0,0
2021-10-29,17833.05078125,17915.849609375,17613.099609375,17671.650390625,336500,-0.0103935157639054,-0.0104479055444702,0.0171319595684516,-0.0090506325925286,18026.730078125,18020.22001953125,17565.313984375,17982.998954078994,17635.51966084844,0.9806567495553076,1.0060537720159508,1.0258979734470393,-0.036366035603362,43.40272774327719,121.9631808743652,197.3179317797297,-75.35475090536451,0.0081633034486643,0.0082497160486369,242.1429966517857,-0.1007482629609833,382560.0,0.8796005855290673,-0.0194223384240636,-0.0031448386638428,0.0078894808897,-0.0034766680845673,374200.0,1
2021-11-01,17783.150390625,17954.099609375,17697.099609375,17929.650390625,281200,0.0145996550575078,0.014494106171593,0.0143337987300845,0.0082381353574579,17987.580078125,18040.1,17592.53,17977.918138511945,17647.05419927105,0.993877550048226,1.019162700909136,1.0254409115687169,-0.0296259612589518,49.571422261801686,104.35067466661349,178.7244803571065,-74.37380569049301,0.0094281221546505,0.008749415426903,247.82868303571428,-0.1643387815750371,381330.0,0.737419033383159,-0.0103935157639054,-0.0194223384240636,-0.0031448386638428,0.0005796333280105,336500.0,0
2021-11-02,17970.900390625,18012.25,17847.599609375,17888.94921875,296400,-0.0022700482713416,-0.0022726287368459,0.0092040280628906,-0.0045602151307761,17911.68984375,18049.9849609375,17621.298984375,17969.444908058427,17656.540278466302,0.991078344799954,1.01518901839259,1.0243277170963745,-0.0287642093654564,47.28404624372719,86.11570395921444,160.2027250775281,-74.08702111831366,0.0094307007206715,0.0085744878022632,249.32505580357144,0.0540540540540539,381360.0,0.777218376337319,0.0145996550575078,-0.0103935157639054,-0.0194223384240636,0.0078894808897,281200.0,0
2021-11-03,17947.94921875,17988.75,17757.94921875,17829.19921875,331000,-0.0033400508475575,-0.0033456412690553,0.0129451008100957,-0.0066163548020262,17835.33984375,18050.3298828125,17647.953984375,17956.088175743338,17663.311217300958,0.9877492175767346,1.0102700423253297,1.0228001443563233,-0.0239453647629366,40.69086177297132,66.08128868749918,141.37843779952232,-75.29714911202313,0.0092452444715043,0.0084598309061048,251.1071428571429,0.1167341430499324,376560.0,0.879009985128532,-0.0022700482713416,0.0145996550575078,-0.0103935157639054,-0.0031448386638428,296400.0,1
2021-11-04,17935.05078125,17947.55078125,17900.599609375,17916.80078125,48500,0.0049133761659847,0.0049013449265533,0.0026205109075128,-0.0010175605423475,17847.25,18063.869921875,17673.7980078125,17952.346519124927,17673.251984514645,0.9918583813290804,1.0137493239048043,1.022070633255516,-0.0143743754154719,37.57331614566548,56.619905198975175,124.4267312794129,-67.80682608043773,0.0094720953872772,0.0081866646720473,246.06082589285717,-0.8534743202416919,359195.0,0.1350241512270493,-0.0033400508475575,-0.0022700482713416,0.0145996550575078,-0.0194223384240636,331000.0,1
2021-11-08,18040.19921875,18087.80078125,17836.099609375,18068.55078125,338900,0.0084697040421863,0.0084340373482947,0.0139303464302291,0.0015715770184252,17926.630078125,18077.77998046875,17702.476015625,17963.413591708268,17688.75389811211,0.9994894727544688,1.020679297365063,1.0212006481190816,-0.0025586455556215,38.05697422638027,60.6673123780638,111.67484749914308,-51.007535121079286,0.0099263723950107,0.008200532183113,249.4252232142857,5.9876288659793815,355145.0,0.9542581199228484,0.0049133761659847,-0.0033400508475575,-0.0022700482713416,-0.0103935157639054,48500.0,0
2021-11-09,18084.349609375,18112.599609375,17983.05078125,18044.25,270200,-0.0013449214352717,-0.0013458266538282,0.0071795074954625,-0.0022173653043188,17949.55,18085.23251953125,17730.6230078125,17971.11229725986,17702.69492171556,0.9977339235485642,1.0176884361056748,1.019999833709312,-0.0044771640281653,38.828919526086665,61.2084686451235,101.58157172833916,-40.37310308321567,0.0099270344907316,0.0081227567357389,242.48228236607144,-0.2027146650929477,352450.0,0.7666335650446872,0.0084697040421863,0.0049133761659847,-0.0033400508475575,0.0145996550575078,338900.0,0
2021-11-10,17973.44921875,18061.25,17915.0,18017.19921875,261400,-0.0014991358050348,-0.0015002606334366,0.0081172438748305,0.0024341460265934,17975.2,18088.79501953125,17756.8630078125,17975.50152787797,17715.02842356005,0.9960419806458116,1.0146611600721906,1.01869316734452,-0.0137505838772786,41.96054975981061,58.777021989455534,93.02066178056243,-34.243639791106915,0.009488302073234,0.0081126614360951,235.146484375,-0.0325684678016284,346730.0,0.7539007296743864,-0.0013449214352717,0.0084697040421863,0.0049133761659847,-0.0022700482713416,270200.0,0
2021-11-11,17967.44921875,17971.349609375,17798.19921875,17873.599609375,232100,-0.007970140510272,-0.0080020718582044,0.0096874940923584,-0.0052233129050429,17984.080078125,18082.8775390625,17775.713984375,17965.796583258638,17721.246901435145,0.988426735223118,1.0055067056707845,1.0172799559532462,-0.0185245483540015,40.52112415731977,44.746979309205926,83.36592528629114,-38.61894597708522,0.0097100832526555,0.0082926003398676,223.50013950892856,-0.1120887528691659,340555.0,0.6815345538899737,-0.0014991358050348,-0.0013449214352717,0.0084697040421863,-0.0033400508475575,261400.0,1
2021-11-12,17977.599609375,18123.0,17905.900390625,18102.75,249100,0.0128206066843303,0.0127391184530934,0.0119926314717377,0.0069614627839267,18021.269921875,18079.9275390625,17795.125,17978.839765805435,17736.207807261217,1.00126230931447,1.0172870378825662,1.0160045259059716,0.0137479175124948,49.6571858712747,51.52464678269462,76.99766958557184,-25.473022802877225,0.008449119469788,0.008529440772504,221.32156808035717,0.0732442912537698,327675.0,0.7602044708934157,-0.007970140510272,-0.0014991358050348,-0.0013449214352717,0.0049133761659847,232100.0,1
2021-11-15,18140.94921875,18210.150390625,18071.30078125,18109.44921875,280400,0.0003700663573213,0.0003699978996557,0.0076672464025708,-0.001736403074622,18029.449609375,18068.4724609375,17815.788984375,17991.278761323963,17750.844725358817,1.0022678595493386,1.0164831450705072,1.0141831201965914,0.024774077035683,49.54898238010508,56.78202026725194,72.95453972190786,-16.172519454655927,0.0073953583292331,0.0082116353843685,211.7465122767857,0.125652348454436,314760.0,0.8908374634642268,0.0128206066843303,-0.007970140510272,-0.0014991358050348,0.0084697040421863,249100.0,0
2021-11-16,18127.05078125,18132.650390625,17958.80078125,17999.19921875,267400,-0.0060879819517564,-0.0061065892730084,0.009658741328553,-0.0070530812785191,18020.439453125,18044.5798828125,17831.0899609375,17992.033090602636,17760.584117256512,0.9974850805972088,1.0094278733482236,1.0119729036386833,0.0038789840632567,42.24473880550826,51.45908473216332,68.65544872395895,-17.196363991795636,0.0064792244425549,0.0080637010187684,209.08231026785717,-0.0463623395149785,304635.0,0.8777717596467904,0.0003700663573213,0.0128206066843303,-0.007970140510272,-0.0013449214352717,280400.0,0
2021-11-17,17939.349609375,18022.650390625,17879.25,17898.650390625,295700,-0.005586294529162,-0.0056019562269169,0.0080117990739743,-0.0022687120568033,17996.7296875,18018.57490234375,17842.5909765625,17983.139500128575,17765.99848091802,0.9933443953049168,1.0031418875283382,1.009863137366788,0.0005422997044919,41.22115527152339,38.68127618920698,62.660614217008565,-23.97933802780158,0.006712423469671,0.0081115281168271,206.88588169642856,0.1058339566192969,301010.0,0.9823593900534866,-0.0060879819517564,0.0003700663573213,0.0128206066843303,-0.0014991358050348,267400.0,0
2021-11-18,17890.55078125,17945.599609375,17688.5,17764.80078125,278400,-0.0074781956434608,-0.0075062975371328,0.0144724172559456,-0.0070288501196839,17974.969921875,17993.4849609375,17850.3309765625,17962.345336425853,17765.95151230359,0.9872907232710084,0.995208481264308,1.008019682355636,-0.0036119646603238,47.03470102689781,17.55189864911881,53.63887110343062,-36.086972454311805,0.007066201894301,0.008078259726424,197.3037109375,-0.0585052417991207,296365.0,0.939382180756837,-0.005586294529162,-0.0060879819517564,0.0003700663573213,-0.007970140510272,295700.0,0
2021-11-22,17796.25,17805.25,17280.44921875,17416.55078125,356400,-0.0196033721001568,-0.0197980668487385,0.0301323027642752,-0.0213359117089274,17837.730078125,17955.40751953125,17851.42,17910.364902599584,17752.24952285051,0.9699891669016644,0.9756395167023127,1.0058251679435728,-0.0279207212329732,42.59078362031701,-26.983105391111167,37.51447580452226,-64.49758119563343,0.0090580846374325,0.0090481216607574,213.1644810267857,0.2801724137931034,295890.0,1.20450167291899,-0.0074781956434608,-0.005586294529162,-0.0060879819517564,0.0128206066843303,278400.0,1
2021-11-23,17281.75,17553.69921875,17216.099609375,17503.349609375,308800,0.0049836979327988,0.0049713204170886,0.0192877144609039,0.0128227528679097,17716.51015625,17924.82998046875,17854.4169921875,17871.6015413401,17742.488741929905,0.9764862276767478,0.98033722507063,1.0039437293478728,-0.0312809355170596,36.25102991606972,-54.64357975577877,19.082864692462056,-73.72644444824083,0.0086359113947278,0.0091786168981267,217.10379464285717,-0.1335578002244668,295095.0,1.046442671004253,-0.0196033721001568,-0.0074781956434608,-0.005586294529162,0.0003700663573213,356400.0,0
2021-11-24,17550.05078125,17600.599609375,17354.0,17415.05078125,298100,-0.0050446817378146,-0.0050574491010214,0.0141601429977168,-0.0076922854345373,17599.68046875,17889.3125,17855.3330078125,17828.120516569616,17729.64803758952,0.97348910313071,0.9753416961548766,1.0019030444390271,-0.0348697905842581,35.17119654233343,-82.73595388330068,-1.280899022690491,-81.45505486061019,0.0086281714095232,0.0091909217808545,222.95731026785717,-0.0346502590673575,289065.0,1.031255945894522,0.0049836979327988,-0.0196033721001568,-0.0074781956434608,-0.0060879819517564,308800.0,1
2021-11-25,17417.30078125,17564.349609375,17351.69921875,17536.25,255900,0.006959452503032,0.0069353472882373,0.0121263320621569,0.0068293715681852,17527.200390625,17852.70498046875,17858.9519921875,17800.323324515364,17722.063800821306,0.9822741158376304,0.9819305190848452,0.9996502027822526,-0.026693894700875,41.172759438126334,-94.13447509280375,-19.851614236713147,-74.28286085609062,0.0092413331035928,0.0091409923590031,221.6608537946429,-0.1415632338141563,284790.0,0.8985568313494153,-0.0050446817378146,0.0049836979327988,-0.0196033721001568,-0.005586294529162,298100.0,0
2021-11-26,17338.75,17355.400390625,16985.69921875,17026.44921875,356300,-0.0290712541877539,-0.0295021956571138,0.0217133453443642,-0.0180117241006416,17379.530078125,17793.47998046875,17851.8809765625,17726.621028728187,17694.784797602824,0.9568925942221144,0.953762196885796,0.9967285802448256,-0.0473967420743079,28.613223339013203,-142.6600514667116,-44.41330168271284,-98.24674978399877,0.0125272890962686,0.0110156460090079,239.61439732142856,0.3923407581086362,285845.0,1.246479735520999,0.006959452503032,-0.0050446817378146,0.0049836979327988,-0.0074781956434608,255900.0,1
2021-11-29,17055.80078125,17160.69921875,16782.400390625,17053.94921875,348900,0.0016151341742889,0.0016138312478338,0.022182476520399,-0.0001085591068837,17307.009765625,17753.31494140625,17842.5709765625,17662.557046825503,17669.65399058899,0.960606471244133,0.9558011141528644,0.994997579929849,-0.0579359921144577,24.081561784029304,-176.8591776688736,-70.902476879945,-105.9567007889286,0.0112165416337879,0.0103712575981858,248.65708705357144,-0.0207690148751052,284580.0,1.2260172886358844,-0.0290712541877539,0.006959452503032,-0.0050446817378146,-0.0196033721001568,356300.0,0
2021-11-30,17051.150390625,17324.650390625,16931.400390625,16983.19921875,498000,-0.004148599194972,-0.0041572285072535,0.0231552368275724,-0.0039851370915337,17202.9796875,17718.8923828125,17829.6449609375,17597.8563012945,17642.734195614914,0.9584797317931604,0.9525259339688504,0.9937882903239158,-0.0621912895525234,23.523322526751656,-207.2817503039696,-98.17833156474993,-109.10341873921968,0.0110219704374399,0.010205252724619,267.49288504464283,0.4273430782459158,292655.0,1.7016623669508466,0.0016151341742889,-0.0290712541877539,0.006959452503032,0.0049836979327988,348900.0,1
2021-12-01,17104.400390625,17213.05078125,17064.25,17166.900390625,295500,0.0108166411704213,0.0107585597624502,0.0086678886615583,0.0036540304583992,17153.349609375,17680.7548828125,17821.2799609375,17556.81288123074,17624.074046399623,0.970937072789408,0.9632810004810634,0.9921147595215934,-0.0462408809419689,30.320769028399184,-214.10068950891215,-121.36280315358238,-92.7378863553298,0.0122924871853607,0.0099178793310447,273.4644252232143,-0.4066265060240963,293370.0,1.0072604560793537,-0.004148599194972,0.0016151341742889,-0.0290712541877539,-0.0050446817378146,498000.0,1
2021-12-02,17183.19921875,17420.349609375,17149.30078125,17401.650390625,279900,0.0136745711024337,0.0135819178616608,0.0155760414696657,0.0127130675198498,17126.4296875,17656.38994140625,17821.3749609375,17542.03550117305,17615.351550094736,0.9855723875816846,0.976448249855441,0.9907422957042944,-0.0277674567161957,39.51944496491995,-198.2767736209462,-136.74559724705514,-61.53117637389104,0.0135723593016041,0.0105246115580093,280.45717075892856,-0.0527918781725887,292545.0,0.9567758806337486,0.0108166411704213,-0.004148599194972,0.0016151341742889,0.006959452503032,295500.0,0
2021-12-03,17424.900390625,17489.80078125,17180.80078125,17196.69921875,292500,-0.0117776858673942,-0.011847592241934,0.0179685645523816,-0.0130962683722299,17160.4796875,17624.76494140625,17814.0689453125,17509.146331418473,17598.93381161063,0.9757122591944142,0.9653436994962932,0.9893733428063292,-0.0319790561963186,29.66076874645958,-199.9689355834089,-149.3902649143259,-50.57867066908298,0.0138064650310926,0.0107768238365597,284.7142857142857,0.045016077170418,290620.0,1.0064689284976946,0.0136745711024337,0.0108166411704213,-0.004148599194972,-0.0290712541877539,279900.0,0
2021-12-06,17209.05078125,17216.75,16891.69921875,16912.25,231700,-0.0165409195759996,-0.016679248094838,0.019219842495824,-0.0172467839756378,17132.13984375,17574.53740234375,17801.3809375,17452.29906175957,17572.00503468472,0.962315514361395,0.9500526986854724,0.987256969784946,-0.0289552614397629,26.104739554502142,-221.706961003194,-163.85360413209955,-57.85335687109446,0.0134209651302724,0.0111440272253889,298.01436941964283,-0.2078632478632478,299780.0,0.7729001267596237,-0.0117776858673942,0.0136745711024337,0.0108166411704213,0.0016151341742889,292500.0,1
2021-12-07,17044.099609375,17251.650390625,16987.75,17176.69921875,254100,0.0156365485816494,0.0155155573824794,0.0153638593343316,0.0077797954960357,17170.83984375,17529.94482421875,17788.4559375,17426.051457663423,17556.502845824536,0.97984901783714,0.965609341198617,0.9854674787857062,-0.018662164552209,34.53538588090132,-215.11593827222168,-174.106070960124,-41.0098673120977,0.0144835725124468,0.0116247252018786,309.8394252232143,0.0966767371601209,295540.0,0.8597820937944103,-0.0165409195759996,-0.0117776858673942,0.0136745711024337,-0.004148599194972,231700.0,1
2021-12-08,17315.25,17484.599609375,17308.94921875,17469.75,257800,0.0170609485278816,0.0169170449933063,0.0100545451780935,0.0089227703902629,17231.409765625,17501.21982421875,17780.786953125,17430.21322360024,17553.100773439262,0.9982018496690612,0.9825071323364384,0.9842770103683676,0.0031409164082882,42.48017801264416,-184.1232975910061,-176.10951628630042,-8.013781304705702,0.0155744767595234,0.0124132655992113,321.5894252232143,0.0145611963793781,294920.0,0.8741353587413536,0.0156365485816494,-0.0165409195759996,-0.0117776858673942,0.0108166411704213,254100.0,1
2021-12-09,17524.400390625,17543.25,17379.599609375,17516.849609375,237200,0.0026960665936832,0.0026924387253313,0.0093424556512384,-0.0004308724453727,17254.449609375,17476.20234375,17774.021953125,17438.46430795974,17551.679159162235,1.002325863756066,0.9855309988685602,0.9832441070366384,-0.0011063021241713,45.51633285183,-153.98580915738785,-171.68477486051793,17.698965703130085,0.0154311735031505,0.0124507019653267,314.9144810267857,-0.0799069045771916,293710.0,0.8075993326750877,0.0170609485278816,0.0156365485816494,-0.0165409195759996,0.0136745711024337,257800.0,0
2021-12-10,17476.05078125,17534.349609375,17405.25,17511.30078125,204500,-0.0003167708948091,-0.0003168210773069,0.007372359768569,0.0020170460958959,17317.369921875,17458.08740234375,17769.2759765625,17445.401114939767,17550.095693361753,1.0030480646407525,0.985481952351195,0.9824872676506794,0.0284763755654977,51.95574734608245,-129.06163431871755,-163.16014675215789,34.098512433440334,0.0115185521961216,0.0123547094790231,286.65011160714283,-0.1378583473861719,292330.0,0.6995518763041768,0.0026960665936832,0.0170609485278816,0.0156365485816494,-0.0117776858673942,237200.0,0
2021-12-13,17619.099609375,17639.5,17355.94921875,17368.25,256600,-0.0081690551168631,-0.0082026046847206,0.016325811826177,-0.0142373682501644,17408.569921875,17421.36240234375,17762.4149609375,17438.053389707406,17542.96448970051,0.9969513060392678,0.9778090444455704,0.9807992010464917,0.0184297946017359,47.274678635790906,-119.47481738735225,-154.42308087919676,34.94826349184453,0.0120381869895809,0.0120094760068202,282.7894810267857,0.2547677261613692,292705.0,0.8766505526041578,-0.0003167708948091,0.0026960665936832,0.0170609485278816,-0.0165409195759996,204500.0,0
2021-12-14,17283.19921875,17376.19921875,17225.80078125,17324.900390625,271000,-0.0024959111813221,-0.002499031160176,0.0086810564048832,0.0024128155526761,17438.21015625,17382.1349609375,17756.5499609375,17427.27691360432,17534.41295640343,0.9967072761521458,0.9756906847747968,0.9789139781757338,0.0201199531062292,48.147836045549504,-114.06033059768016,-146.35053082289346,32.29020022521331,0.0119577624811925,0.011995911428679,275.91796875,0.0561184723304755,292235.0,0.9273358769483464,-0.0081690551168631,-0.0003167708948091,0.0026960665936832,0.0156365485816494,256600.0,0
2021-12-15,17323.650390625,17351.19921875,17192.19921875,17221.400390625,215000,-0.0059740603216401,-0.0059919764101691,0.009232698642008,-0.0059023356910581,17388.540234375,17343.24501953125,17750.336953125,17407.66962570153,17522.137953823887,0.9929745195452736,0.9702013227187284,0.97706567854634,0.0031747140578599,43.48394096204669,-116.77478874710869,-140.4353824077365,23.660593660627825,0.0117649515132765,0.0119939814526903,272.08579799107144,-0.2066420664206641,289615.0,0.7423648636983582,-0.0024959111813221,-0.0081690551168631,-0.0003167708948091,0.0170609485278816,271000.0,1
2021-12-16,17373.0,17379.349609375,17184.94921875,17248.400390625,219500,0.0015678167505297,0.0015665890089298,0.0112706329991424,-0.007172026096529,17334.850390625,17310.73251953125,17741.4799609375,17392.50112712281,17511.40314742393,0.9963992206086066,0.9722075288308448,0.9757208844834449,-0.0088066359546311,55.74065972702832,-115.41688799527036,-135.43168352524327,20.0147955299729,0.0108366282927565,0.0119943534311429,259.56431361607144,0.0209302325581395,285805.0,0.7680061580448208,-0.0059740603216401,-0.0024959111813221,-0.0081690551168631,0.0026960665936832,215000.0,0
2021-12-17,17276.0,17298.150390625,16966.44921875,16985.19921875,354600,-0.01525945397337,-0.0153770775563578,0.0195288361121389,-0.0168326453606158,17229.630078125,17271.75244140625,17724.7379296875,17353.710469182544,17490.76769924064,0.9834091402347056,0.958276465701711,0.9744433181422368,-0.0122988718538146,48.41505981348136,-134.0338183478707,-135.15211048976877,1.1182921418980527,0.0112817051832468,0.012314543796638,256.2359095982143,0.6154897494305238,289615.0,1.2243840961276178,0.0015678167505297,-0.0059740603216401,-0.0024959111813221,-0.0003167708948091,219500.0,0
2021-12-20,16824.25,16840.099609375,16410.19921875,16614.19921875,330600,-0.0218425462793778,-0.0220846262813664,0.0258754806635419,-0.0124850011887602,17078.819921875,17231.63486328125,17704.1019140625,17283.280826284208,17456.392464711596,0.9641684814337066,0.9384378433538736,0.973313130873588,-0.0176233665686115,42.52764637947128,-176.6877231158869,-143.45923301499238,-33.22849010089453,0.0121961969750415,0.0124953808689575,258.8537946428572,-0.0676818950930626,288325.0,1.1466227347611202,-0.01525945397337,0.0015678167505297,-0.0059740603216401,-0.0081690551168631,354600.0,1
2021-12-21,16773.150390625,16936.400390625,16688.25,16770.849609375,241000,0.009428705444209,0.0093845326454953,0.0147965306710688,-0.0001371704895274,16968.009765625,17195.00986328125,17683.7119140625,17234.477853245236,17429.508431168982,0.9753323634427208,0.9483783546619774,0.9723642834063236,-0.0236279161791443,41.89102077051659,-195.5961618088841,-153.88661877377072,-41.70954303511334,0.0113553728145396,0.0126693830341931,265.4501953125,-0.2710223835450696,284935.0,0.845806938424553,-0.0218425462793778,-0.01525945397337,0.0015678167505297,-0.0024959111813221,330600.0,1
2021-12-22,16865.55078125,16971.0,16819.5,16955.44921875,207900,0.0110071709945933,0.0109470329850817,0.0089351805455242,0.0053302995357817,16914.81953125,17172.02978515625,17664.9169140625,17207.903697579022,17410.917873819217,0.9873875966256788,0.9598374734076606,0.9720979650623842,-0.0294395043575322,40.67266401176497,-193.4555547742348,-161.80040597386355,-31.655148800371222,0.0103389071792755,0.0129769509073883,260.3860212053572,-0.1373443983402489,280425.0,0.741374699117411,0.009428705444209,-0.0218425462793778,-0.01525945397337,-0.0059740603216401,241000.0,1
2021-12-23,17066.80078125,17118.650390625,17015.55078125,17072.599609375,197000,0.0069093062126275,0.006885546336514,0.0060388934159965,0.0003397724154236,16879.659375,17148.847265625,17647.449921875,17195.017593940545,17397.650490899836,0.9955537736695084,0.9674258708739872,0.9717464756405428,-0.0253612955472448,47.306982543852286,-180.22848898755183,-165.4860225766012,-14.742466410950612,0.0106744743697109,0.0129752846620358,249.97181919642856,-0.0524290524290523,277480.0,0.7099610782759118,0.0110071709945933,0.009428705444209,-0.0218425462793778,0.0015678167505297,207900.0,0
2021-12-24,17149.5,17155.599609375,16909.599609375,17003.75,182600,-0.0040327548791804,-0.004040908363189,0.0144673968977431,-0.0084987900521881,16883.36953125,17147.7123046875,17627.6859375,17176.801632612875,17382.203412825333,0.9916045766263442,0.9646047734392252,0.972771602891368,-0.0289841849894699,52.190567392865695,-173.30379387419453,-167.04957683611988,-6.254217038074643,0.0106521156693297,0.0111934242343676,244.32533482142856,-0.0730964467005076,268795.0,0.6793281125020927,0.0069093062126275,0.0110071709945933,0.009428705444209,-0.01525945397337,197000.0,1
2021-12-27,16937.75,17112.05078125,16833.19921875,17086.25,144800,0.0048518709108285,0.0048401385192229,0.0163202319116248,0.0087673982671842,16977.7796875,17149.32734375,17606.1759375,17168.177667602125,17370.597396636105,0.9963218765094604,0.9704691161018906,0.9740517989044434,-0.0162365235415197,47.62793575603849,-159.3222943537694,-165.5041203396498,6.181825985880408,0.0107344979413927,0.0112420606423337,240.0004185267857,-0.2070098576122672,258590.0,0.5599597818941181,-0.0040327548791804,0.0069093062126275,0.0110071709945933,-0.0218425462793778,182600.0,1
2021-12-28,17177.599609375,17250.25,17161.150390625,17233.25,176000,0.0086034091740434,0.0085666107599145,0.0051702151001697,0.0032397070539837,17070.259765625,17161.8298828125,17584.069921875,17174.375032592397,17365.211224219005,1.0041615677159828,0.980048991875392,0.9759873544100718,-0.0052900962521317,43.28315819369498,-134.82599365424903,-159.36849500256966,24.542501348320627,0.0111961811937765,0.0113483048313192,229.72181919642856,0.2154696132596685,242490.0,0.7258031259020991,0.0048518709108285,-0.0040327548791804,0.0069093062126275,0.009428705444209,144800.0,0
2021-12-29,17220.099609375,17285.94921875,17176.650390625,17213.599609375,161700,-0.0011402602889762,-0.0011409108803489,0.0063495625903528,-0.0003774658769372,17121.88984375,17164.16484375,17558.8008984375,17178.110706571693,17359.265670695713,1.0028801148249866,0.980340269756506,0.977524885841002,-0.0004529702041099,41.25097766087171,-115.66480923975904,-150.62775785000755,34.9629486102485,0.0110372149119998,0.0111042049714949,225.8395647321429,-0.08125,235800.0,0.6857506361323156,0.0086034091740434,0.0048518709108285,-0.0040327548791804,0.0110071709945933,176000.0,0
2021-12-30,17201.44921875,17264.05078125,17146.349609375,17203.94921875,320800,-0.0005606259494814,-0.0005607831589689,0.0068415205356873,0.000145336591598,17148.159765625,17154.27978515625,17534.5048828125,17180.571517255343,17353.17482944294,1.0028954543248578,0.981148274999968,0.9783156068450528,-0.0025771185077058,41.15358064001116,-100.10419951485164,-140.52304618297637,40.41884666812473,0.0110231874378683,0.0106436321512831,225.025390625,0.983920841063698,237845.0,1.3487775652210474,-0.0011402602889762,0.0086034091740434,0.0048518709108285,0.0069093062126275,161700.0,1
2021-12-31,17244.5,17400.80078125,17238.5,17354.05078125,167000,0.0087248317576065,0.0086869903602652,0.009352328358135,0.0063527954565223,17218.219921875,17162.14736328125,17516.25390625,17197.0933519215,17353.2091804942,1.0111817836024024,0.9907398507769904,0.979784116805797,0.0217160574774315,49.59295971476946,-74.79813620314235,-127.37806418700958,52.57992798386724,0.0099281670189587,0.010487910592783,218.83258928571428,-0.479426433915212,231570.0,0.7211642267996718,-0.0005606259494814,-0.0011402602889762,0.0086034091740434,-0.0040327548791804,320800.0,1
2022-01-03,17387.150390625,17646.650390625,17383.30078125,17625.69921875,200500,0.0156533158122078,0.0155320663316478,0.0149412290602832,0.0137198346345254,17326.109765625,17197.81982421875,17505.2058984375,17237.912958286117,17363.89506434737,1.0248798626165796,1.0068832849502931,0.9824403051296764,0.0608816583142008,57.62480431637723,-32.44908718453007,-108.39226878651368,75.94318160198361,0.0061237311202415,0.0101870887725402,228.98981584821428,0.2005988023952096,230010.0,0.8717012303812878,0.0087248317576065,-0.0005606259494814,-0.0011402602889762,0.0048518709108285,167000.0,1
2022-01-04,17681.400390625,17827.599609375,17593.55078125,17805.25,247400,0.0101868742352642,0.0101353377336508,0.0131449335519018,0.0070045135927506,17440.509765625,17229.24736328125,17499.012890625,17291.945057496963,17381.20310103963,1.0334316772273129,1.0175002505163628,0.9845839574477784,0.0616784727499293,64.2502948442069,15.423296587137884,-83.62915571178337,99.05245229892124,0.0061754480642365,0.0098796306983771,234.35044642857144,0.2339152119700749,229675.0,1.0771742679873737,0.0156533158122078,0.0087248317576065,-0.0005606259494814,0.0086034091740434,200500.0,1
2022-01-05,17820.099609375,17944.69921875,17748.849609375,17925.25,251500,0.006739585234692,0.0067169757589339,0.0109259067167821,0.005900662338031,17582.83984375,17252.02236328125,17495.0098828125,17352.259813925823,17402.53827354788,1.0390231140756945,1.0245921619975864,0.9861110384527436,0.0571969971858696,65.8027770811008,62.32703547847632,-54.43791747373144,116.76495295220776,0.0059381165734625,0.0093045627257758,234.45396205357144,0.0165723524656427,229360.0,1.096529473317056,0.0101868742352642,0.0156533158122078,0.0087248317576065,-0.0011402602889762,247400.0,0
2022-01-06,17768.5,17797.94921875,17655.55078125,17745.900390625,236500,-0.0100054174627969,-0.0100558080531172,0.0080243005069062,-0.0012718917958747,17691.230078125,17263.47490234375,17484.5598828125,17389.749392659076,17416.00345460973,1.02794486573591,1.014946930867239,0.9873554163244292,0.0394375078579287,68.4842479139437,84.0576081015679,-26.73881235867157,110.79642046023946,0.0076798282942548,0.0096340416100178,220.9323381696429,-0.0596421471172962,229325.0,1.0312874741087976,0.006739585234692,0.0101868742352642,0.0156533158122078,-0.0005606259494814,251500.0,1
2022-01-07,17797.599609375,17905.0,17704.55078125,17812.69921875,239300,0.0037641836511315,0.0037571168401497,0.0112531636159332,0.0008484070721001,17782.959765625,17278.54482421875,17476.5948828125,17430.03032847726,17431.560151242684,1.030914315989304,1.0192316831849233,0.988667697573712,0.0475747537307946,84.17450812660394,105.45374549884582,-0.3003007871680907,105.7540462860139,0.0071662702321852,0.0096555779790588,204.54296875,0.0118393234672304,231065.0,1.0356393222686258,-0.0100054174627969,0.006739585234692,0.0101868742352642,0.0087248317576065,236500.0,1
2022-01-10,17913.30078125,18017.44921875,17879.150390625,18003.30078125,232400,0.0107003189218717,0.0106434756439645,0.0076818595548342,0.0050241996770468,17858.480078125,17310.29736328125,17479.5158984375,17484.627514455617,17453.98135241944,1.040034171766382,1.0299656401158868,0.9903190376587389,0.0536718578535371,84.47510039063567,136.22003197250524,27.003765764766577,109.21626620773868,0.0074142687509504,0.0096448907004233,196.15359933035717,-0.0288340994567488,229855.0,1.011072197689848,0.0037641836511315,-0.0100054174627969,0.006739585234692,0.0156533158122078,239300.0,1
2022-01-11,17997.75,18081.25,17964.400390625,18055.75,220200,0.0029133112526023,0.0029090757855369,0.0064716009789125,0.0032226250503535,17908.580078125,17346.83984375,17487.197890625,17539.02013212651,17477.580122912794,1.0408668185465155,1.0325124764373943,0.9919736685229458,0.0477275035179087,83.23567516288816,162.95629059748535,54.19427073131033,108.76201986617502,0.0073467601304833,0.0095938258372868,190.2035435267857,-0.0524956970740103,227315.0,0.9686998218331392,0.0107003189218717,0.0037641836511315,-0.0100054174627969,0.0101868742352642,232400.0,1
2022-01-12,18170.400390625,18227.94921875,18128.80078125,18212.349609375,245000,0.0086731157318304,0.0086357203311153,0.0054440223050057,0.0023086568181317,17966.0,17396.3873046875,17492.851875,17603.146749007316,17506.394612577977,1.0469041238503374,1.0411309567768805,0.9944854863574096,0.0580209847251269,83.62590352559374,194.5387265575373,82.26316189655573,112.27556466098156,0.0071361791192098,0.0095043509042493,190.84626116071428,0.1126248864668484,228815.0,1.070733999082228,0.0029133112526023,0.0107003189218717,0.0037641836511315,0.006739585234692,220200.0,1
2022-01-13,18257.0,18272.25,18163.80078125,18257.80078125,303700,0.0024956237305924,0.0024925148330414,0.0059398840007813,4.386160102974202e-05,18068.380078125,17446.85732421875,17500.22890625,17665.494752078048,17535.86152115335,1.046480775417676,1.043289255189653,0.9969502352045128,0.0612563748648735,87.51606811478361,220.6915692791481,109.9488433730742,110.74272590607389,0.0069028984064805,0.0095002944892538,181.0212053571429,0.2395918367346938,233025.0,1.3032936380216715,0.0086731157318304,0.0029133112526023,0.0107003189218717,-0.0100054174627969,245000.0,0
2022-01-14,18185.0,18286.94921875,18119.650390625,18255.75,229500,-0.0001123235637506,-0.0001123298725145,0.0091641717335633,0.0038905691503986,18156.990234375,17510.38486328125,17508.759921875,17721.709537594426,17564.092441892433,1.0425670333655406,1.042663791236964,1.0000928073383553,0.0519590054285326,86.7558701699851,238.5030894966003,135.65969259777944,102.84339689882086,0.0070733151665496,0.0085222574199258,173.05315290178572,-0.2443200526835692,226770.0,1.0120386294483397,0.0024956237305924,0.0086731157318304,0.0029133112526023,0.0037641836511315,303700.0,1
2022-01-17,18235.650390625,18321.55078125,18228.75,18308.099609375,266700,0.0028675682661627,0.0028634646353713,0.0050688374670235,0.0039729440517924,18217.95,17595.0798828125,17516.5858984375,17777.556211097337,17593.269193558415,1.040523812981321,1.0451865286721258,1.0044811234809177,0.0387162167103742,85.91806871597129,253.91603754308017,159.3109615868396,94.60507595624055,0.0060510285957367,0.0060233184974526,167.96749441964286,0.1620915032679739,223575.0,1.1928882925192887,-0.0001123235637506,0.0024956237305924,0.0086731157318304,0.0107003189218717,229500.0,0
2022-01-18,18337.19921875,18350.94921875,18085.900390625,18113.05078125,227500,-0.0106536905679234,-0.0107108474462168,0.0146330306984712,-0.0122237008403554,18229.41015625,17662.18994140625,17517.4758984375,17809.5080749214,17613.652785232596,1.0255268933999389,1.0339988983724318,1.008261124137277,0.017287080004493,76.90308861587714,247.5386283553562,176.95649494054294,70.58213341481326,0.0071215330539209,0.0068475360834248,179.09249441964286,-0.1469816272965879,222900.0,1.0206370569762224,0.0028675682661627,-0.0001123235637506,0.0024956237305924,0.0029133112526023,266700.0,0
2022-01-19,18129.19921875,18129.19921875,17884.900390625,17938.400390625,276700,-0.0096422404339412,-0.0096890278340564,0.0136187632567659,-0.0105243935941565,18174.6203125,17711.3375,17515.35890625,17821.78353355984,17626.387985444064,1.012820200090761,1.0241526015332776,1.011188956777818,0.0007336238336983,69.99431071977371,225.78890477260572,186.7229769069555,39.06592786565025,0.0077066174613444,0.007263867527294,188.1351841517857,0.2162637362637363,226340.0,1.222497128214191,-0.0106536905679234,0.0028675682661627,-0.0001123235637506,0.0086731157318304,227500.0,0
2022-01-20,17921.0,17943.69921875,17648.44921875,17757.0,258100,-0.010112406160797,-0.0101638838763968,0.0166272455932871,-0.0091512750404553,18074.46015625,17745.55751953125,17510.154921875,17815.613673220807,17631.510025230575,1.000644808169941,1.0140972526643166,1.0134437758378805,0.0006254745676845,60.785871872353326,191.7047436847206,187.7193302625085,3.985413422212076,0.007722460155352,0.0077458048521073,195.16364397321428,-0.067220816769064,229395.0,1.1251335033457572,-0.0096422404339412,-0.0106536905679234,0.0028675682661627,0.0024956237305924,276700.0,0
2022-01-21,17613.69921875,17707.599609375,17485.849609375,17617.150390625,277600,-0.0078757453046686,-0.0079069227919098,0.0125871662035651,0.00019593680079,17946.740234375,17776.2275390625,17505.0259375,17796.712408211682,17630.946902304866,0.9910511300506288,1.0064052720358905,1.0154927849025075,-0.0109780570436602,49.753799320290376,151.6598652334178,180.5074372566904,-28.84757202327259,0.0079790328889922,0.0079491506089859,190.1029575892857,0.0755521115846571,234145.0,1.1855901257767625,-0.010112406160797,-0.0096422404339412,-0.0106536905679234,-0.0001123235637506,258100.0,0
2022-01-24,17575.150390625,17599.400390625,16997.849609375,17149.099609375,323800,-0.0265679051873833,-0.0269272102621386,0.0350776889138335,-0.0242416577827559,17714.940234375,17779.37001953125,17485.9529296875,17735.034998798666,17612.050930033107,0.9645504644166876,0.9807357756441976,1.0167801601104385,-0.0474469199983943,33.79595821423645,81.2199709028173,160.64994398591577,-79.42997308309847,0.0103315770871279,0.0101679595464083,216.35309709821428,0.1664265129682998,243095.0,1.331989551409943,-0.0078757453046686,-0.010112406160797,-0.0096422404339412,0.0028675682661627,277600.0,1
2022-01-25,17001.55078125,17309.150390625,16836.80078125,17277.94921875,326500,0.0075134912216943,0.0074854055398087,0.0273382913327703,0.0162572485919827,17547.919921875,17781.60498046875,17469.3229296875,17691.50301974641,17598.948902139655,0.971675461114339,0.9890451558021016,1.017876024848711,-0.0430777332013347,34.08407225842144,35.38503710786608,135.59696261030584,-100.21192550243975,0.0108045167098583,0.0101238219050851,236.10309709821428,0.0083384805435453,250620.0,1.302769132551273,-0.0265679051873833,-0.0078757453046686,-0.010112406160797,-0.0106536905679234,323800.0,0
2022-01-27,17062.0,17182.5,16866.75,17110.150390625,395600,-0.0097117329146276,-0.0097591993637289,0.0184539581939037,0.0028220836141718,17382.269921875,17776.43251953125,17451.541953125,17636.13610268723,17579.780333060648,0.9625187940170676,0.9804377422111478,1.018616725517946,-0.0605193312444777,34.27878420228005,-14.31443334666983,105.61468341891072,-119.92911676558056,0.0098627813422466,0.0103613722863555,248.4853515625,0.2116385911179172,262315.0,1.5081104778605874,0.0075134912216943,-0.0265679051873833,-0.0078757453046686,-0.0096422404339412,326500.0,0
2022-01-28,17208.30078125,17373.5,17077.099609375,17101.94921875,355300,-0.0004793161771092,-0.0004794310858279,0.0173313805832165,-0.0061802477683258,17251.259765625,17771.33251953125,17435.6079296875,17585.261161359875,17561.041857989643,0.962333533512719,0.9808633738334191,1.0192551123653173,-0.0633072721270466,31.89957383141869,-53.74386199085711,73.74297433695715,-127.48683632781426,0.0096118996292209,0.0103612810652326,255.33900669642856,-0.101870576339737,264040.0,1.3456294500833208,-0.0097117329146276,0.0075134912216943,-0.0265679051873833,-0.010112406160797,395600.0,1
2022-01-31,17301.05078125,17410.0,17264.150390625,17339.849609375,321700,0.0139107178709299,0.0138148518554594,0.0084112384282816,0.0022425706169851,17195.799609375,17770.6224609375,17427.10890625,17561.88863259941,17552.367652161618,0.9757592705314964,0.9949928988597928,1.0197114482118317,-0.050170515625214,33.50157802250321,-65.04558988740973,45.98526149208377,-111.0308513794935,0.0114751223324378,0.0106545953379269,262.71763392857144,-0.0945679707289613,271775.0,1.1836997516327843,-0.0004793161771092,-0.0097117329146276,0.0075134912216943,-0.0078757453046686,355300.0,1
2022-02-01,17529.44921875,17622.400390625,17244.55078125,17576.849609375,386400,0.0136679386118703,0.0135753748226512,0.0214970041715248,0.0027040433520466,17281.349609375,17768.17998046875,17430.3148828125,17563.313487530417,17553.327728915083,0.9892318531608716,1.008406889235661,1.0193837632841278,-0.0399413382930006,39.09210698407304,-54.25297681619122,25.937613830428777,-80.19059064662,0.0127366364226179,0.0105121026337298,281.36049107142856,0.2011190550202051,281070.0,1.3747465044295015,0.0139107178709299,-0.0004793161771092,-0.0097117329146276,-0.0265679051873833,321700.0,1
2022-02-02,17706.19921875,17794.599609375,17674.80078125,17780.0,271200,0.0115578385853996,0.011491556994747,0.0067378418517997,0.0041680758438461,17381.759765625,17766.91748046875,17435.847890625,17583.950298241805,17562.216837585078,1.0007363415485906,1.019738191772139,1.0189878686669298,-0.0183873376866343,40.35688117116827,-28.973229125735088,14.955445239196006,-43.9286743649311,0.013370922323809,0.0105859812373499,284.61411830357144,-0.2981366459627329,282260.0,0.9608162686884432,0.0136679386118703,0.0139107178709299,-0.0004793161771092,0.0075134912216943,386400.0,0
2022-02-03,17767.75,17781.150390625,17511.150390625,17560.19921875,226600,-0.0123622486642295,-0.0124392969118211,0.0153756797765543,-0.0116813204401232,17471.76953125,17748.66494140625,17438.750859375,17581.688290671158,17562.13771527782,0.9893814141357432,1.006964280891123,1.0177715757585148,-0.0210833275899369,35.563488445035105,-26.3709452044277,6.690167150471266,-33.06111235489897,0.0135766480782235,0.0108038703156604,296.15345982142856,-0.1644542772861357,281015.0,0.806362649680622,0.0115578385853996,0.0136679386118703,0.0139107178709299,-0.0097117329146276,271200.0,0
2022-02-04,17590.19921875,17617.80078125,17462.55078125,17516.30078125,261400,-0.0024998826581151,-0.0025030125821506,0.0088631727634058,-0.0042011143012655,17554.63984375,17737.1849609375,17438.351875,17575.460908821526,17560.3401884532,0.987546829997322,1.0044699698004,1.017136544100014,-0.0135551736639072,34.95800456109403,-27.53346483640053,-0.1545592469030925,-27.378905589497435,0.0132860357979287,0.0106018429418884,295.29282924107144,0.1535745807590467,282260.0,0.9260965067668108,-0.0123622486642295,0.0115578385853996,0.0136679386118703,-0.0004793161771092,226600.0,0
2022-02-07,17456.30078125,17536.75,17119.400390625,17213.599609375,265000,-0.0172811129276234,-0.0174321742274954,0.0242453419880697,-0.0139033564393945,17529.38984375,17707.22998046875,17442.0948828125,17540.997927921857,17546.74251868543,0.9721226656208662,0.986899780389186,1.0152008746333283,-0.0229067001360645,29.793603288501075,-52.2776011667338,-10.579167630869234,-41.69843353586457,0.0141223111456896,0.0111810551564848,318.4748883928572,0.0137719969395562,283545.0,0.9345959195189476,-0.0024998826581151,-0.0123622486642295,0.0115578385853996,0.0139107178709299,261400.0,1
2022-02-08,17279.849609375,17306.44921875,17043.650390625,17266.75,268500,0.0030876976246183,0.0030829404762161,0.0152199358955796,-0.0007580858439817,17467.369921875,17670.40244140625,17446.3508984375,17514.879077643585,17535.76241991345,0.9771565790453992,0.9897055321492138,1.0128423155233464,0.0068604412654227,33.5119231536121,-66.8283594250679,-21.829005989708968,-44.99935343535893,0.0111972807205594,0.0108647201462862,318.31417410714283,0.0132075471698114,285350.0,0.9409497108813738,-0.0172811129276234,-0.0024998826581151,-0.0123622486642295,0.0136679386118703,265000.0,1
2022-02-09,17370.099609375,17477.150390625,17339.0,17463.80078125,236400,0.0114121523303458,0.0113475249468573,0.0079106714715461,0.0053943946196156,17404.130078125,17640.80498046875,17455.9629296875,17510.014477987053,17532.940394867826,0.9899662062238812,1.0004490071154524,1.010589049227808,0.0107565753404526,40.833608079265645,-61.74779876507091,-29.81276454478136,-31.935034220289552,0.0115199065170023,0.011226832088405,315.8928571428572,-0.1195530726256983,286160.0,0.8261112664243779,0.0030876976246183,-0.0172811129276234,-0.0024998826581151,0.0115578385853996,268500.0,1
2022-02-10,17554.099609375,17639.44921875,17427.150390625,17605.849609375,273600,0.008133901085124,0.00810099920504,0.0120584256275796,0.0029480293009367,17413.26015625,17610.47998046875,17464.7419140625,17519.141633357332,17535.799579750463,0.9997370672974908,1.0080795751810614,1.0083447019786136,0.0289710614713007,47.03562883862106,-45.73209345436044,-32.99663032669718,-12.73546312766326,0.0110284582744277,0.0112016145542149,309.9677734375,0.1573604060913704,287590.0,0.9513543586355576,0.0114121523303458,0.0030876976246183,-0.0172811129276234,-0.0123622486642295,236400.0,0
2022-02-11,17451.0,17454.75,17303.0,17374.75,253100,-0.0131262969128136,-0.0132132081342731,0.0087339386178218,-0.0043693771130594,17384.95,17566.32744140625,17464.20390625,17505.390049228063,17529.483909956325,0.9890940526956888,0.994877870945037,1.0058475917771266,0.01595144376589,45.410302513463,-51.09830920432432,-36.61696610222261,-14.481343102101713,0.0121358961190478,0.0114406861901802,304.9677734375,-0.0749269005847953,285060.0,0.8878832526485653,0.008133901085124,0.0114121523303458,0.0030876976246183,-0.0024998826581151,273600.0,0
2022-02-14,17076.150390625,17099.5,16809.650390625,16842.80078125,305500,-0.0306162228952934,-0.0310946906967536,0.0172091098825838,-0.0136652350815035,17310.790234375,17495.67998046875,17457.1259375,17442.286309420626,17502.55515981098,0.9626834052778978,0.9648094904940592,1.0022084988735709,-0.0286651175945761,44.33744597419761,-97.15498789213962,-48.72457046020601,-48.430417431933606,0.0150628550788664,0.0130830852466047,282.7034040178572,0.2070327933623073,288860.0,1.0576057605760576,-0.0131262969128136,0.008133901085124,0.0114121523303458,-0.0172811129276234,253100.0,1
2022-02-15,16933.25,17375.0,16839.25,17352.44921875,298700,0.0302591263839775,0.0298103496144214,0.0308746041118565,0.0247559812056161,17327.930078125,17447.8974609375,17465.929921875,17433.730396023424,17496.668652318396,0.9945295275604874,0.9935027391251084,0.9989675636500228,-0.0127668151922578,51.207299502951145,-91.476385150203,-57.274933398205405,-34.20145175199758,0.0176837988826879,0.0150672204372487,287.2320033482143,-0.0222585924713584,290460.0,1.0283687943262412,-0.0306162228952934,-0.0131262969128136,0.008133901085124,0.0030876976246183,305500.0,0
2022-02-16,17408.44921875,17490.599609375,17257.69921875,17322.19921875,244500,-0.0017432697608654,-0.0017447910238332,0.0134451975574153,-0.0049544907140323,17299.609765625,17408.3548828125,17468.839921875,17423.10837914024,17489.826713747087,0.9950509014411488,0.9916055843558697,0.9965375468930392,-0.0257480754358829,53.59666971223064,-88.3979769033831,-63.49954209924094,-24.898434804142155,0.0171071921583489,0.0149486330603665,281.31417410714283,-0.1814529628389688,291310.0,0.8393120730493289,0.0302591263839775,-0.0306162228952934,-0.0131262969128136,0.0114121523303458,298700.0,0
2022-02-17,17396.55078125,17442.900390625,17235.849609375,17304.599609375,232100,-0.0010160147191904,-0.0010165312120177,0.0119650720573637,-0.0052855978769139,17239.359765625,17376.66484375,17465.5369140625,17411.82182963879,17482.562905732495,0.9958527579933776,0.9907854361718522,0.9949115752496024,-0.0145556212768976,53.426334000611575,-86.38269168119223,-68.0761720156312,-18.306519665561023,0.0167555857083819,0.0148463779072549,274.9320591517857,-0.0507157464212678,289080.0,0.8028919330289194,-0.0017432697608654,0.0302591263839775,-0.0306162228952934,0.008133901085124,244500.0,0
2022-02-18,17236.05078125,17380.80078125,17219.19921875,17276.30078125,189600,-0.0016353356196504,-0.0016366742405402,0.0093539447215104,0.0023352217112162,17219.669921875,17352.6298828125,17460.7259375,17398.915063125572,17474.474194968476,0.995601294900083,0.9894377154243104,0.9938091889721868,-0.0137015231125114,48.84357706702114,-86.07680274863742,-71.67629816223246,-14.400504586404963,0.0167518688896358,0.0147153622331074,264.47140066964283,-0.1831107281344248,285655.0,0.6637377255780574,-0.0010160147191904,-0.0017432697608654,0.0302591263839775,-0.0131262969128136,232100.0,0
2022-02-21,17192.25,17351.05078125,17070.69921875,17206.650390625,215200,-0.004031556958107,-0.0040397055923562,0.0162932096680914,0.0008376094243045,17292.43984375,17332.1048828125,17454.6329296875,17380.604141935044,17463.9713006805,0.9927617278434596,0.9857927382339434,0.9929801991615302,-0.0004037051463783,42.82642198390447,-90.41237046958486,-75.42351262370295,-14.98885784588191,0.0158362519635518,0.0146502399779854,257.5072544642857,0.1350210970464134,282535.0,0.7616755446227901,-0.0016353356196504,-0.0010160147191904,-0.0017432697608654,-0.0306162228952934,189600.0,0
2022-02-22,16847.94921875,17148.55078125,16843.80078125,17092.19921875,300100,-0.0066515660675804,-0.0066737863209561,0.0178297711195462,0.0144973134016913,17240.38984375,17329.25986328125,17449.1119140625,17353.137006393612,17449.392003349894,0.9863202094952966,0.9795455094178828,0.9931313380662852,-0.0101090698162653,36.1975953556406,-101.90885039517887,-80.72058017799814,-21.188270217180744,0.0159227631924882,0.0134255591837473,263.72154017857144,0.3945167286245352,281350.0,1.066642971387951,-0.004031556958107,-0.0016353356196504,-0.0010160147191904,0.0302591263839775,215200.0,0
2022-02-23,17194.5,17220.69921875,17027.849609375,17063.25,200200,-0.0016937094155936,-0.001695145363,0.01130204441563,-0.0076332548198551,17188.6,17318.52490234375,17443.87890625,17325.52872007041,17434.24917968911,0.9852600089336012,0.978179801161448,0.9928138687169322,-0.0229360599257437,39.200259426714496,-112.06404897910032,-86.98927393821859,-25.074775040881747,0.0153202897935477,0.0133065952984421,258.21079799107144,-0.3328890369876708,275035.0,0.7279073572454415,-0.0066515660675804,-0.004031556958107,-0.0016353356196504,-0.0017432697608654,300100.0,0
2022-02-24,16548.900390625,16705.25,16203.25,16247.9501953125,458000,-0.0477810384708364,-0.0489602690308219,0.0308962049960508,-0.0181855101069427,16977.2701171875,17275.414892578126,17424.40990234375,17222.90219390299,17387.72765089003,0.9405244560750292,0.9324820918685456,0.9914490642380044,-0.0771277413013585,29.357263899851205,-183.7814790244338,-106.34771495546164,-77.43376406897215,0.0206921450954668,0.0170760784656318,282.97865513392856,1.2877122877122875,278155.0,1.64656396613399,-0.0016937094155936,-0.0066515660675804,-0.004031556958107,-0.0010160147191904,200200.0,1
2022-02-25,16515.650390625,16748.80078125,16478.30078125,16658.400390625,329800,0.0252616601096495,0.0249478581682029,0.0162380536940528,0.0086433168917786,16853.6900390625,17253.237451171874,17412.60990234375,17169.140117400326,17359.12658186003,0.9655231626974176,0.9566860157122552,0.9908472967541516,-0.0412293477244276,41.27016836117036,-205.1335071657959,-126.10487339752852,-79.02863376826738,0.023017527844414,0.0181536819246645,288.94301060267856,-0.2799126637554585,276880.0,1.1911297312915343,-0.0477810384708364,-0.0016937094155936,-0.0066515660675804,-0.0016353356196504,458000.0,1
2022-02-28,16481.599609375,16815.900390625,16356.2998046875,16793.900390625,404200,0.0081340342903666,0.0081011313355374,0.0273671139668106,0.0189484509180988,16771.1400390625,17225.939990234376,17408.78392578125,17133.40300056458,17336.96084887042,0.9749192438929716,0.9646796963086176,0.989497029986334,-0.002903340795875,42.75269866548523,-208.71548354816696,-142.6269954276562,-66.08848812051076,0.0211959952928167,0.0179468493508389,303.0002790178572,0.225591267434809,281005.0,1.43840856924254,0.0252616601096495,-0.0477810384708364,-0.0016937094155936,-0.004031556958107,329800.0,0
2022-03-02,16593.099609375,16678.5,16478.650390625,16605.94921875,517700,-0.0111916331229355,-0.0112547306669936,0.012034819975804,0.0007743947591166,16673.8900390625,17177.394970703124,17408.61892578125,17083.16930705843,17308.293726120603,0.9667326883425716,0.9538923960336372,0.9867178461390927,-0.0430198636854892,36.81504865181606,-224.1366071477678,-158.92891777167853,-65.20768937608926,0.0185260477808658,0.0176989662634941,302.2466517857143,0.2808015833745669,287570.0,1.8002573286504155,0.0081340342903666,0.0252616601096495,-0.0477810384708364,-0.0066515660675804,404200.0,0
2022-03-03,16723.19921875,16768.94921875,16442.94921875,16498.05078125,442100,-0.006497577228417,-0.0065187783706088,0.0197599100840748,-0.0134632395724595,16560.8501953125,17113.297509765624,17403.16294921875,17027.443733171913,17276.51949298842,0.9640486161030896,0.9479915133467516,0.9833440943868116,-0.0475775868348125,32.79279011434805,-242.2717034762536,-175.59747491259355,-66.67422856366005,0.0185116063546288,0.0173867720479262,310.3681640625,-0.1460305196059493,296115.0,1.4930010300052343,-0.0111916331229355,0.0081340342903666,0.0252616601096495,-0.0016937094155936,517700.0,0
2022-03-04,16339.4501953125,16456.0,16133.7998046875,16245.349609375,456100,-0.0153170320073322,-0.0154355495239856,0.0198333802017139,-0.0057591035691332,16560.330078125,17047.555029296876,17388.96095703125,16952.958578524587,17236.081458336914,0.952943080779428,0.9342334858027368,0.9803665136417294,-0.0612120490453957,32.57419602142255,-273.87767922818966,-195.2535157757128,-78.62416345247689,0.018737877441456,0.017478327411407,322.54317801339283,0.0316670436552815,307590.0,1.4828180369973016,-0.006497577228417,-0.0111916331229355,0.0081340342903666,-0.0477810384708364,442100.0,0
2022-03-07,15867.9501953125,15944.599609375,15711.4501953125,15863.150390625,585400,-0.0235266847399477,-0.0238078559614201,0.0146975479851902,-0.0003024842294323,16401.280078125,16964.897509765626,17364.77197265625,16849.16732253415,17182.241024308998,0.9350572487392618,0.9135248315154496,0.9769720867328237,-0.0817970472104013,34.15239928367143,-326.00790925630645,-221.40439447183152,-104.60351478447492,0.0194218096563144,0.0180297837152554,318.4931640625,0.2834904626178469,323790.0,1.8079619506470244,-0.0153170320073322,-0.006497577228417,-0.0111916331229355,0.0252616601096495,456100.0,1
2022-03-08,15747.75,16028.75,15671.4501953125,16013.4501953125,543600,0.0094747765094835,0.0094301723362427,0.0223124810911823,0.0168722639940626,16245.1900390625,16904.8900390625,17344.9659765625,16769.57521517971,17136.406089838547,0.9472673385221596,0.9232333010598452,0.9746280310901356,-0.0693452919786533,25.48966681027008,-351.1457642120258,-247.3526684198704,-103.7930957921554,0.0202188600650432,0.0180520472920817,305.74672154017856,-0.0714041680901947,337720.0,1.609617434561175,-0.0235266847399477,-0.0153170320073322,-0.006497577228417,0.0081340342903666,585400.0,1
2022-03-09,16078.0,16418.05078125,15990.0,16345.349609375,462200,0.0207262900882942,0.0205144230156611,0.0261879244849243,0.0166282876834805,16193.0701171875,16858.82001953125,17330.14796875,16729.172776531643,17105.38426707527,0.9695429211794548,0.9431742671123868,0.9728030049097874,-0.0436953489610461,33.89710181510034,-340.3626971528356,-265.95467416646346,-74.40802298637215,0.0220413493505971,0.0187977807090473,319.68603515625,-0.1497424576894775,347405.0,1.3304356586692765,0.0094747765094835,-0.0235266847399477,-0.0153170320073322,-0.0111916331229355,543600.0,1
2022-03-10,16757.099609375,16757.30078125,16447.900390625,16594.900390625,486400,0.0152673871904744,0.015152013456311,0.0186443053794881,-0.0096794327497615,16212.4400390625,16815.375,17317.3809765625,16716.38493025482,17085.3652915282,0.9868885107007724,0.9582800316678768,0.9710114377432754,-0.0274478548561968,39.13204337300678,-308.1284632357747,-274.3894319803257,-33.73903125544899,0.0229038061565589,0.0189663575385907,334.32177734375,0.0523582864560796,359905.0,1.3514677484336144,0.0207262900882942,0.0094747765094835,-0.0235266847399477,-0.006497577228417,462200.0,1
2022-03-11,16528.80078125,16694.400390625,16470.900390625,16630.44921875,343700,0.0021421537513466,0.0021398626113986,0.0134392040202987,0.0061497769163815,16289.4599609375,16766.60498046875,17305.71796875,16708.20057677817,17067.5254455369,0.9918793481520346,0.9609800210994208,0.9688476959317864,0.0235413709938532,40.13168457536305,-276.52648213139764,-274.8168420105401,-1.7096401208575571,0.0161659700368443,0.0188365339180144,338.7430943080357,-0.2933799342105263,363410.0,0.9457637379268594,0.0152673871904744,0.0207262900882942,0.0094747765094835,-0.0153170320073322,486400.0,1
2022-03-14,16633.69921875,16887.94921875,16606.5,16871.30078125,314700,0.014482565042708,0.0143786943723374,0.0166821291611841,0.0142843488616271,16491.0900390625,16741.43251953125,17299.065,16723.73392958501,17059.830360662905,1.0077572968482382,0.9752724081474924,0.9677651664717862,0.0127803621976103,45.13075847173555,-229.40256622761444,-265.73398685395495,36.3314206263405,0.0148114580386142,0.0190468122299837,338.82149832589283,-0.0843759092231597,366490.0,0.8586864580206827,0.0021421537513466,0.0152673871904744,0.0207262900882942,-0.0235266847399477,343700.0,0
2022-03-15,16900.650390625,16927.75,16555.0,16663.0,381600,-0.0123464565033122,-0.0124233072084706,0.0223699213827041,-0.0140616121351653,16621.0,16732.44248046875,17285.243984375,16717.94974581501,17044.268385734948,0.9958498300203448,0.9640014346955428,0.9680188775810192,-0.0077945198899758,43.93340912315884,-206.48443157390648,-253.8840757979453,47.39964422403878,0.0151772055616854,0.0179440198989527,343.6786411830357,0.2125834127740704,370295.0,1.030529712796554,0.014482565042708,0.0021421537513466,0.0152673871904744,0.0094747765094835,314700.0,1
2022-03-16,16876.650390625,16987.900390625,16837.849609375,16975.349609375,260000,0.0187451004846066,0.018571576221107,0.00883933378121,0.0058482706263102,16747.0,16713.5875,17272.2369921875,16742.46401853501,17041.565688622795,1.0156616351441603,0.9828112952047388,0.9676562165954424,0.0222450632456412,48.8497124600639,-161.2587511791353,-235.3590108741833,74.10025969504801,0.0158081562795222,0.0170997660839858,353.11083984375,-0.3186582809224318,368360.0,0.7058312520360517,-0.0123464565033122,0.014482565042708,0.0021421537513466,0.0207262900882942,381600.0,1
2022-03-17,17202.900390625,17344.599609375,17175.75,17287.05078125,448300,0.0183619883565082,0.0181954426985114,0.0097674040246436,0.0048916397069216,16885.430078125,16711.830078125,17261.8730078125,16794.32942450787,17051.192555000333,1.0344199707893116,1.0014585771443287,0.9681353854568066,0.0478238314611503,65.66230424677235,-99.12276848460532,-208.1117623962677,108.9889939116624,0.0162201242628357,0.0176331008509944,343.6286969866072,0.7242307692307692,378550.0,1.184255712587505,0.0187451004846066,-0.0123464565033122,0.014482565042708,0.0152673871904744,260000.0,0
2022-03-21,17329.5,17353.349609375,17096.400390625,17117.599609375,285500,-0.0098022024704637,-0.009850560325581,0.0150108207116419,-0.012227726744857,16982.86015625,16702.480078125,17245.72,16825.11706116188,17053.796753211103,1.0248537659861467,0.9925708876970634,0.9685000149674818,0.0536922886225013,57.46373370175288,-62.828598962005344,-179.05512970941527,116.22653074740992,0.0155324353738267,0.0177673599826253,326.20717075892856,-0.3631496765558777,381220.0,0.7489113897487015,0.0183619883565082,0.0187451004846066,-0.0123464565033122,0.0021421537513466,448300.0,1
2022-03-22,17120.400390625,17334.400390625,17006.30078125,17315.5,338300,0.0115612232521558,0.0114949029834435,0.0189483185224221,0.0113957387049099,17071.7,16704.4400390625,17237.1119921875,16871.82019819408,17064.059625634196,1.0365806910922224,1.004547630011804,0.969097378182237,0.0915549291036998,58.30942179823455,-17.89007488205243,-146.8221187439427,128.93204386189026,0.0117507878363899,0.0179663463414243,316.8142438616072,0.184938704028021,388655.0,0.8704377918719687,-0.0098022024704637,0.0183619883565082,0.0187451004846066,0.014482565042708,285500.0,0
2022-03-23,17405.05078125,17442.400390625,17199.599609375,17245.650390625,292100,-0.004033935455228,-0.0040420937201906,0.0140789576357172,-0.0091582835711526,17188.230078125,16706.3900390625,17225.771015625,16907.423073663693,17071.180832104423,1.032278687993134,1.0011540484882775,0.9698486078741332,0.0769478270006542,60.58931895761841,11.949997365856689,-115.0676955219828,127.0176928878395,0.0124187675490965,0.0179663754035253,319.88218470982144,-0.1365651788353532,392500.0,0.7442038216560509,0.0115612232521558,-0.0098022024704637,0.0183619883565082,-0.0123464565033122,338300.0,0
2022-03-24,17094.94921875,17291.75,17091.150390625,17222.75,290300,-0.0013278937068936,-0.0013287761390126,0.0116473623187353,0.0074759380454798,17237.71015625,16712.917578125,17210.16,16937.454209505246,17077.124721041506,1.0305052914604391,1.000731544622479,0.9711076235273236,0.0536789002128017,62.34369365353319,33.36597725534375,-85.3809609665175,118.74693822186126,0.0117619683027011,0.0178997352412972,310.92501395089283,-0.0061622731941115,392010.0,0.7405423331037474,-0.004033935455228,0.0115612232521558,-0.0098022024704637,0.0187451004846066,292100.0,0
2022-03-25,17289.0,17294.900390625,17076.55078125,17153.0,237100,-0.0040498758909001,-0.0040580988470762,0.0127295289089372,-0.007866273352999,17210.9,16717.405078125,17192.105,16957.982380028556,17080.100222177134,1.0260563717777578,0.9977254094248494,0.9723884933302236,0.0336307899558281,66.48742963740335,44.20053725702019,-59.46466132180997,103.66519857883016,0.0115275882951436,0.0179219409154104,303.5071149553572,-0.1832586978987255,393855.0,0.6019981973061151,-0.0013278937068936,-0.004033935455228,0.0115612232521558,0.0183619883565082,290300.0,1
2022-03-28,17181.849609375,17235.099609375,17003.900390625,17222.0,253200,0.0040226199498629,0.0040145508462854,0.0134246439873417,0.0023367909472966,17231.780078125,16766.107568359374,17172.2980078125,16983.126915263932,17085.66491934666,1.0271913101942023,1.0028943122326952,0.976346180384924,0.035570342897476,77.85265851527964,57.68971632093235,-36.03378579326152,93.72350211419386,0.0115217269853453,0.0136759961834841,303.36781529017856,0.0679038380430199,383615.0,0.660036755601319,-0.0040498758909001,-0.0013278937068936,-0.004033935455228,-0.0098022024704637,237100.0,1
2022-03-29,17297.19921875,17343.650390625,17235.69921875,17325.30078125,235100,0.005998187274997,0.0059802697624021,0.0062308396972725,0.0016246307939575,17233.740234375,16799.452587890624,17153.6480078125,17015.714902500702,17095.062404127184,1.031301507629982,1.010006779511817,0.9793515979947496,0.02690960263743,77.41756270279957,75.8412469542418,-13.658779243760854,89.50002619800264,0.0109312196060354,0.0126894797974064,286.5357142857143,-0.0714849921011058,378880.0,0.6205130912162162,0.0040226199498629,-0.0040498758909001,-0.0013278937068936,0.0115612232521558,253200.0,1
2022-03-30,17468.150390625,17522.5,17387.19921875,17498.25,505000,0.0099824655821947,0.0099329698927592,0.0077322464389296,0.0017231137070559,17284.26015625,16834.670068359374,17138.4980078125,17061.670626072064,17110.873682396705,1.039417459857905,1.0209908704965571,0.9822721956547984,0.0501260277260997,75.81038265750068,102.99476279852388,9.671929164696094,93.32283363382778,0.0097241953545742,0.0127426186365009,270.0463169642857,1.148022118247554,383920.0,1.3153782037924568,0.005998187274997,0.0040226199498629,-0.0040498758909001,-0.004033935455228,235100.0,0
2022-03-31,17519.19921875,17559.80078125,17435.19921875,17464.75,281100,-0.0019144771620018,-0.0019163121157625,0.0071344601268268,-0.0031079741756532,17332.66015625,16877.610107421875,17121.631015625,17100.059137874723,17124.751185047815,1.0347880943356982,1.020040087539667,0.9857478000793012,0.0288300625251758,71.55917648140887,120.42279073579994,31.822101478916863,88.60068925688307,0.008616821434319,0.0123956449051081,249.52134486607144,-0.4433663366336633,372090.0,0.7554623881319036,0.0099824655821947,0.005998187274997,0.0040226199498629,-0.0013278937068936,505000.0,1
2022-04-01,17436.900390625,17703.69921875,17422.69921875,17670.44921875,291800,0.0117779652585923,0.0117091448747648,0.0159022555975448,0.013393941749565,17436.15,16936.230029296876,17112.778984375,17154.382002719987,17146.151107938098,1.0433519849566903,1.0325879411452803,0.9896832095336868,0.0221783601119425,73.77138612252477,149.11394357000972,55.28046989713543,93.83347367287428,0.0075051118247893,0.0123660684515544,253.62848772321428,0.0380647456421201,364575.0,0.8003840087773435,-0.0019144771620018,0.0099824655821947,0.005998187274997,-0.0040498758909001,281100.0,1
2022-04-04,17809.099609375,18114.650390625,17791.400390625,18053.400390625,345500,0.0216718413399843,0.0214403456403388,0.0179052141428083,0.0137177502854437,17602.430078125,17026.632568359375,17115.078984375,17240.002801568084,17181.72951118072,1.0603036342120675,1.0548242521759106,0.9948322519518392,0.0546689257024961,75.37126170712057,200.44227424700875,84.31283076711011,116.12944347989864,0.0083957905401704,0.0121520098871796,265.25362723214283,0.1840301576422207,359045.0,0.9622749237560752,0.0117779652585923,-0.0019144771620018,0.0099824655821947,0.0040226199498629,291800.0,0
2022-04-05,18080.599609375,18095.44921875,17921.55078125,17957.400390625,283500,-0.005317557796472,-0.0053317463281753,0.0096839427599323,-0.0068138901038503,17728.85,17131.345068359376,17119.0869921875,17308.326381478266,17212.147977041284,1.0482189413014218,1.048969515653497,1.0007160473089174,0.0370708550503884,79.1886256792503,230.7144162389959,113.59314786148728,117.12126837750864,0.0087019211639801,0.0104007267163816,251.04994419642856,-0.1794500723589001,343950.0,0.8242477104230266,0.0216718413399843,0.0117779652585923,-0.0019144771620018,0.005998187274997,345500.0,0
2022-04-06,17842.75,17901.0,17779.849609375,17807.650390625,328800,-0.0083391803235717,-0.0083741458125089,0.0068032776906256,-0.001967163658909,17790.730078125,17221.055078125,17122.8969921875,17355.88104901605,17235.5010128681,1.0340626814001148,1.0399905108784997,1.005732563010937,0.0325879272321043,70.2535532049186,239.85681334110632,138.84588095741108,101.01093238369523,0.0092193008628333,0.0108614611288631,236.49637276785717,0.1597883597883598,333210.0,0.9867651030881426,-0.005317557796472,0.0216718413399843,0.0117779652585923,0.0099824655821947,283500.0,0
2022-04-07,17723.30078125,17787.5,17623.69921875,17639.55078125,308800,-0.0094397411049521,-0.0094845778489411,0.0092859950506286,-0.0047254177443403,17825.690234375,17285.76513671875,17132.706015625,17382.897213990713,17251.346101824252,1.0204668779040469,1.0295834624818028,1.0089337388357775,0.0242005940543756,59.22242979956749,230.8765936465643,157.25202349524173,73.62457015132256,0.0099933745571718,0.0107217460743838,221.82142857142856,-0.0608272506082725,325540.0,0.9485777477422128,-0.0083391803235717,-0.005317557796472,0.0216718413399843,-0.0019144771620018,328800.0,1
2022-04-08,17698.150390625,17842.75,17600.55078125,17784.349609375,274400,0.0082087593907955,0.0081752507766337,0.0136186717012313,0.0048705213170558,17848.4703125,17345.23759765625,17142.8340234375,17421.130775455884,17272.248200159578,1.025315998656489,1.0374217929812788,1.0118068910859213,0.0368069497682621,67.67208980164868,232.7606403614227,172.35374686847794,60.40689349294476,0.0098640939213379,0.0104431831988311,220.76785714285717,-0.1113989637305699,314940.0,0.8712770686479965,-0.0094397411049521,-0.0083391803235717,-0.005317557796472,0.0117779652585923,308800.0,0
2022-04-11,17740.900390625,17779.05078125,17650.94921875,17674.94921875,251700,-0.006151497975913,-0.0061704963921376,0.0072476339770247,-0.0037174647522315,17772.780078125,17397.46259765625,17154.13,17445.303960531513,17288.040396967044,1.0159498328871897,1.0303611561035155,1.0141850736619256,0.0263006165805366,59.996089294443536,222.85710573931283,182.45441864264487,40.402687096667904,0.0103328884964012,0.0106615676385792,206.48228236607144,-0.0827259475218659,310340.0,0.8110459496036605,0.0082087593907955,-0.0094397411049521,-0.0083391803235717,0.0216718413399843,274400.0,0
2022-04-12,17584.849609375,17595.30078125,17442.349609375,17530.30078125,266000,-0.0081838106412522,-0.0082174818512636,0.0087249599298714,-0.0031020355213,17687.36015625,17430.41259765625,17162.69703125,17453.398895838036,17297.540804193828,1.0057306838282865,1.0214187635737355,1.0155986885929869,0.0118324064088894,57.59980476551525,201.01933738023217,186.1674023901624,14.851934990069791,0.0107818765094561,0.0105944434949843,200.064453125,0.0568136670639649,307905.0,0.8639028271707182,-0.006151497975913,0.0082087593907955,-0.0094397411049521,-0.005317557796472,251700.0,0
2022-04-13,17599.900390625,17663.650390625,17457.400390625,17475.650390625,245100,-0.0031174816283502,-0.003122351097155,0.0118021358513011,-0.0070596990461482,17620.96015625,17471.0451171875,17165.413046875,17455.51808581775,17304.525493857796,1.0002635946164988,1.01807339811182,1.0178051101641354,-0.0012915354035403,56.63955500085632,177.25958072562207,184.38583805725432,-7.126257331632246,0.0103869288276964,0.0101256558226091,200.46805245535717,-0.0785714285714286,301080.0,0.8140693503387804,-0.0081838106412522,-0.006151497975913,0.0082087593907955,-0.0083391803235717,266000.0,0
2022-04-18,17183.44921875,17237.75,17067.849609375,17173.650390625,376100,-0.0172811880101475,-0.0174322506303487,0.0098930854396423,-0.0005702480334569,17527.780078125,17480.96015625,17157.3490625,17428.673543418437,17299.393136868275,0.982420315424429,1.0009501076224314,1.018861369117756,-0.0166678371791751,50.4832200655384,132.53316647228712,174.0153037402609,-41.48213726797377,0.0117526395247571,0.0102947551859709,197.00739397321428,0.5344757241942064,306885.0,1.2255405119181453,-0.0031174816283502,-0.0081838106412522,-0.006151497975913,-0.0094397411049521,245100.0,0
2022-04-19,17258.94921875,17275.650390625,16824.69921875,16958.650390625,401400,-0.0125191788064678,-0.0125982039716312,0.0265912181386965,-0.017399600886406,17362.640234375,17464.54013671875,17140.9220703125,17383.909433628585,17286.030676231283,0.971033319965286,0.9893662850259854,1.0188798516835187,-0.0402818750849703,44.231741655950245,78.82975739663016,154.97819447153475,-76.14843707490459,0.0111750400771961,0.009813121120155,212.70396205357144,0.0672693432597713,304540.0,1.3180534576738687,-0.0172811880101475,-0.0031174816283502,-0.0081838106412522,0.0082087593907955,376100.0,1
2022-04-20,17045.25,17186.900390625,16978.94921875,17136.55078125,286100,0.010490244596548,0.0104356037788649,0.0121349491230481,0.0053563767765213,17254.960546875,17465.4876953125,17132.4491015625,17360.351466735385,17280.16871956535,0.981166462694839,1.0002394100028074,1.0194390534462248,-0.0507854248804625,45.996559957977134,50.04757623454134,133.99207082413608,-83.94449458959474,0.0086316164172256,0.0098937769242071,220.31821986607144,-0.2872446437468858,304570.0,0.9393571264405556,-0.0125191788064678,-0.0172811880101475,-0.0031174816283502,-0.006151497975913,401400.0,1
2022-04-21,17234.599609375,17414.69921875,17215.5,17392.599609375,285200,0.014941678252146,0.0148311509927678,0.0114531020792675,0.0091676049099541,17227.4203125,17469.34267578125,17129.975078125,17363.42271841535,17284.57777406769,0.9956069860308688,1.0153312850749778,1.019811330495724,-0.0314522575074321,47.83542975680848,47.35263909205969,116.6641844777208,-69.31154538566112,0.0107061983499876,0.0101222895662976,226.1003069196429,-0.0031457532331352,301915.0,0.9446367355050262,0.010490244596548,-0.0125191788064678,-0.0172811880101475,-0.0081838106412522,286100.0,0
2022-04-22,17242.75,17315.30078125,17149.19921875,17171.94921875,262700,-0.0126864526051679,-0.0127676127989613,0.0096728426333007,-0.0041061188760493,17166.680078125,17465.6576171875,17129.1420703125,17345.18714701865,17280.1609679768,0.9831836621972672,1.0024990830399902,1.0196457911023011,-0.0356982059918287,44.42835586807698,27.099849325531977,98.75131744728304,-71.65146812175107,0.0110276353122113,0.0104968601510061,229.06459263392856,-0.0788920056100981,300445.0,0.8743696849672985,0.014941678252146,0.010490244596548,-0.0125191788064678,-0.0031174816283502,285200.0,0
2022-04-25,17009.05078125,17054.30078125,16888.69921875,16953.94921875,275700,-0.0126951225643019,-0.0127763942010033,0.0097677278823541,-0.0032395436528851,17122.73984375,17452.217578125,17122.8860546875,17307.926391945442,17267.368350360066,0.9714495675323496,0.9901338573767328,1.0192334120770103,-0.0388672915201877,36.42940217278719,-6.4668645864258,77.70768104054129,-84.17454562696709,0.0112681554670582,0.0108664448356532,220.82184709821428,0.049486105824134,299715.0,0.9198738801861768,-0.0126864526051679,0.014941678252146,0.010490244596548,-0.0172811880101475,262700.0,1
2022-04-26,17121.30078125,17223.849609375,17064.44921875,17200.80078125,261100,0.0145601216162072,0.0144551408404643,0.0092670331255017,0.004643338786914,17171.169921875,17454.6076171875,17117.6260546875,17297.72395283159,17264.757857453787,0.9854590351439596,1.0048590106067732,1.0196862322744644,-0.0328124919348966,32.97387953461342,-13.000013069169654,59.566142218599104,-72.56615528776877,0.0121596102140722,0.0113508191488257,208.3717912946429,-0.0529561117156329,300915.0,0.8676868883239452,-0.0126951225643019,-0.0126864526051679,0.014941678252146,-0.0125191788064678,275700.0,0
2022-04-27,17073.349609375,17110.69921875,16958.44921875,17038.400390625,265100,-0.0094414436101153,-0.0094862965799431,0.008935697982762,-0.0020470042229328,17151.53984375,17445.42763671875,17106.2770703125,17273.02647071668,17255.881094048735,0.9766685429231298,0.9960320600789696,1.0198260886931871,-0.0360141814410269,32.122008416784325,-30.925445314122044,41.46782471205488,-72.39327002617692,0.0122899936266676,0.0115085722309169,206.82547433035717,0.0153198008425889,301510.0,0.8792411528639182,0.0145601216162072,-0.0126951225643019,-0.0126864526051679,0.010490244596548,261100.0,1
2022-04-28,17189.5,17322.5,17071.05078125,17245.05078125,312900,0.0121285088909346,0.0120555478734457,0.0145809497426005,0.0032316694057418,17122.030078125,17441.41513671875,17103.6830859375,17270.3621193389,17255.456375899765,0.9887414894990172,1.008265336454271,1.019746159297054,-0.0162718257695325,39.292381465717526,-28.1322292132827,27.547813926987363,-55.68004314027006,0.0131014112900686,0.0117668940091983,218.46470424107144,0.1803093172387777,305400.0,1.024557956777996,-0.0094414436101153,0.0145601216162072,-0.0126951225643019,0.014941678252146,265100.0,0
2022-04-29,17329.25,17377.650390625,17053.25,17102.55078125,336200,-0.0082632403816946,-0.0082975702003302,0.0189679536564013,-0.0130818828714456,17108.150390625,17421.63017578125,17108.8780859375,17254.380087139958,17249.460078070366,0.9816848715469336,0.9996301741905156,1.0182801051169343,-0.0213496837619934,39.67903132807996,-36.9907382030724,14.640103500975414,-51.63084170404781,0.0132676068456631,0.0116434764397725,229.93610491071428,0.0744646852029402,296960.0,1.1321390086206895,0.0121285088909346,-0.0094414436101153,0.0145601216162072,-0.0126864526051679,312900.0,0
2022-05-02,16924.44921875,17092.25,16917.25,17069.099609375,278200,-0.0019559171203674,-0.001957832424116,0.0102524447103163,0.0085468300182405,17131.18046875,17401.84765625,17103.21109375,17236.73432735282,17242.387118513685,0.9808785794791456,0.998005550876498,1.017460847607098,-0.0060878601154634,35.63842887373545,-46.17808815144599,2.4764651704911333,-48.65455332193712,0.0121429395773365,0.011643625153267,225.1361607142857,-0.1725163593099345,296815.0,0.9372841669053114,-0.0082632403816946,0.0121285088909346,-0.0094414436101153,-0.0126951225643019,336200.0,0
2022-05-04,17096.599609375,17132.849609375,16623.94921875,16677.599609375,310600,-0.0229361834519363,-0.0232033101901817,0.0305140069641035,-0.0245077974318495,17026.540234375,17352.20517578125,17090.3191015625,17183.483401831123,17220.23858874354,0.9611227760637704,0.9758506854240206,1.0153236503462832,-0.0165727091942038,32.01192340669567,-84.08067756226592,-14.834963376060276,-69.24571418620565,0.0136729210132675,0.0122178699477257,252.33607700892856,0.1164629762760602,297755.0,1.043139493879196,-0.0019559171203674,-0.0082632403816946,0.0121285088909346,0.0145601216162072,278200.0,1
2022-05-05,16854.75,16945.69921875,16651.849609375,16682.650390625,265800,0.0003028482136697,0.0003028023644061,0.0176140842428809,-0.0102107482682923,16955.390234375,17283.66767578125,17077.8801171875,17135.78501981149,17199.156698621246,0.9652262878209336,0.976857213901816,1.0120499474865527,-0.0264872666862246,33.90122106743803,-112.4153428121972,-34.35103926328766,-78.06430354890954,0.0130366765021074,0.0108387256433805,262.40025111607144,-0.1442369607211847,293770.0,0.9047894611430712,-0.0229361834519363,-0.0019559171203674,-0.0082632403816946,-0.0094414436101153,310600.0,0
2022-05-06,16415.55078125,16484.19921875,16340.900390625,16411.25,300500,-0.0162684216398562,-0.016402205362178,0.0087317436590753,-0.0002619943313088,16788.630078125,17206.36015625,17060.5791015625,17066.781684591348,17168.25839671453,0.9537897527989854,0.9619397971371892,1.0085449065837484,-0.0564234002630653,31.3224049708855,-154.98395395174884,-58.4776222009799,-96.50633175076894,0.0120803949170394,0.0111900823977805,257.9037388392857,0.1305492851768246,294620.0,1.019957911886498,0.0003028482136697,-0.0229361834519363,-0.0019559171203674,0.0121285088909346,265800.0,0
2022-05-09,16227.7001953125,16403.69921875,16142.099609375,16301.849609375,288400,-0.0066661826871809,-0.0066885009232451,0.0160472348625126,0.0045693113115263,16628.48984375,17131.0701171875,17042.4830859375,16993.93101076122,17134.281581524745,0.9515955219294474,0.9565419268525708,1.0051980119800206,-0.0506698219457195,33.593058508370305,-195.2963276983828,-85.8413633004605,-109.45496439792232,0.0118418477561445,0.0111657025066681,264.4536830357143,-0.0402662229617304,292600.0,0.985645933014354,-0.0162684216398562,0.0003028482136697,-0.0229361834519363,-0.0082632403816946,300500.0,0
2022-05-10,16248.900390625,16404.55078125,16197.2998046875,16240.0498046875,283100,-0.0037909688880922,-0.0037981728230063,0.0127617205030171,-0.0005446883004222,16462.6798828125,17061.095068359376,17025.44009765625,16922.132800658957,17099.213668707598,0.9518761685353628,0.9538696040476,1.002094217271249,-0.042108148659132,35.648679969621924,-229.5843960766797,-114.58996985570434,-114.99442622097536,0.0115400956515013,0.0111021018176781,247.04652622767856,-0.018377253814147,291315.0,0.9718002849149546,-0.0066661826871809,-0.0162684216398562,0.0003028482136697,-0.0019559171203674,288400.0,0
2022-05-11,16270.0498046875,16318.75,15992.599609375,16167.099609375,284300,-0.0044919933245182,-0.0045021126418402,0.0201737107153018,-0.0063275894387759,16360.5798828125,16980.232568359374,17007.51708984375,16850.22487767953,17062.660176184752,0.952112966903672,0.9505855277975516,0.998395737523576,-0.0600961074441256,29.791769636457943,-259.6513097190582,-143.6022378283751,-116.04907189068308,0.0094917199506686,0.0107176195939608,254.03941127232144,0.0042387848816671,291810.0,0.974264075939824,-0.0037909688880922,-0.0066661826871809,-0.0162684216398562,-0.0229361834519363,283100.0,0
2022-05-12,16021.099609375,16041.9501953125,15735.75,15808.0,314900,-0.0222117521417858,-0.0224621478725792,0.0193699516265498,-0.0133011849729903,16185.6498046875,16886.885107421876,16998.7180859375,16750.965365519576,17013.457816334372,0.9361110648554304,0.9299524775975582,0.9934210934053822,-0.0722133746370933,18.32960800953724,-308.89514184235304,-176.6608186311707,-132.23432321118233,0.0107894658751549,0.0114256329923853,256.04310825892856,0.1076327822722476,294970.0,1.067566193172187,-0.0044919933245182,-0.0037909688880922,-0.0066661826871809,0.0003028482136697,284300.0,0
2022-05-13,15977.0,16083.599609375,15740.849609375,15782.150390625,369100,-0.0016352232651188,-0.0016365617019766,0.0217175727968985,-0.0121956318066595,16059.8298828125,16799.477587890626,16981.1930859375,16658.697272672474,16965.17125062028,0.939442926606305,0.9293899616331756,0.989299014673041,-0.0848301584716448,19.87740605434604,-346.01839634103453,-210.53233417314348,-135.48606216789105,0.0086990009963936,0.0114404795052986,268.66085379464283,0.1721181327405525,300125.0,1.2298209079550186,-0.0222117521417858,-0.0044919933245182,-0.0037909688880922,-0.0162684216398562,314900.0,1
2022-05-16,15845.099609375,15977.9501953125,15739.650390625,15842.2998046875,217600,0.0038112305721171,0.003803986233609,0.0150419956461744,-0.0001766984592412,15967.919921875,16717.81005859375,16962.16107421875,16580.94513286438,16921.137076269973,0.9476300872639598,0.9339788565483346,0.9855943464658876,-0.0736878956058501,24.13630454174279,-366.3620937997912,-241.69828609847303,-124.66380770131816,0.0095834313788861,0.0116119073207982,273.8535853794643,-0.4104578704958006,298750.0,0.7283682008368201,-0.0016352232651188,-0.0222117521417858,-0.0044919933245182,-0.0066661826871809,369100.0,1
2022-05-17,15912.599609375,16284.25,15900.7998046875,16259.2998046875,295700,0.0263219359020472,0.0259814752129634,0.0235834383964033,0.0217877784789004,15971.769921875,16672.092529296875,16955.2280859375,16550.312244466582,16895.18267346282,0.9752404970231542,0.9589549442966684,0.9833009880371084,-0.0474424441370491,29.702050181420987,-344.8608642441177,-262.330801727602,-82.53006251651573,0.014327287291716,0.0131084634751739,286.1428571428572,0.3589154411764705,294730.0,1.0032911478302176,0.0038112305721171,-0.0016352232651188,-0.0222117521417858,-0.0037909688880922,217600.0,0
2022-05-18,16318.150390625,16399.80078125,16211.2001953125,16240.2998046875,290400,-0.0011685620062508,-0.0011692453072036,0.0116131221840537,-0.0047707971843565,15986.4099609375,16636.175,16950.07306640625,16520.787250201905,16869.500992334375,0.976203953414021,0.9581256517928842,0.9814810198648422,-0.0262207880588331,31.65962080249693,-325.60080274899883,-274.9848019318813,-50.61600081711748,0.0128064914634922,0.0129033961995504,288.7393275669643,-0.0179235711870138,289180.0,1.004218825644927,0.0263219359020472,0.0038112305721171,-0.0016352232651188,-0.0044919933245182,295700.0,0
2022-05-19,15917.400390625,15984.75,15775.2001953125,15809.400390625,313900,-0.0265327253341793,-0.0268910708974037,0.0132547597954292,-0.0067850275390201,15986.6900390625,16569.81748046875,16941.35408203125,16453.036120718392,16827.928419718322,0.9541083001825412,0.9331839895485776,0.9780692499688344,-0.0523448001098634,20.09124969686513,-341.1742029529778,-288.2226821361007,-52.95152081687712,0.0148347616790083,0.0136622041142711,283.4143415178572,0.0809228650137741,290570.0,1.0802904635716006,-0.0011685620062508,0.0263219359020472,0.0038112305721171,-0.0222117521417858,290400.0,1
2022-05-20,16043.7998046875,16283.0498046875,16003.849609375,16266.150390625,252400,0.0288910387942893,0.0284815608605715,0.0171644912045948,0.013858972852088,16083.4900390625,16513.49501953125,16949.41408203125,16435.237479757117,16805.897908773488,0.9850216669085676,0.9596880642540556,0.974281172175613,-0.0088414721227816,34.59270990888824,-313.05166233839736,-293.18847817656,-19.863184161837356,0.0176508553812018,0.0149356773191462,294.0749860491072,-0.1959222682382924,288930.0,0.8735679922472571,-0.0265327253341793,-0.0011685620062508,0.0263219359020472,-0.0016352232651188,313900.0,0
2022-05-23,16290.9501953125,16414.69921875,16185.75,16214.7001953125,293800,-0.0031630222318707,-0.0031680351601504,0.0141198551926471,-0.0046805127439368,16157.9701171875,16465.632568359375,16953.43908203125,16414.23392885763,16782.713684716193,0.9847602348707166,0.9564254259478402,0.9712266926308246,-0.0053459831952064,34.36483045168208,-291.55508157026634,-292.8617988553013,1.306717285034949,0.0175571707375902,0.0147703631961011,297.9285016741072,0.1640253565768621,290485.0,1.0114119489818751,0.0288910387942893,-0.0265327253341793,-0.0011685620062508,0.0038112305721171,252400.0,0
2022-05-24,16225.5498046875,16262.7998046875,16078.599609375,16125.150390625,249800,-0.0055227542667355,-0.0055380610571896,0.0114231613876663,-0.0061877357174975,16131.140234375,16424.192626953125,16949.03509765625,16386.702163311667,16756.92688886948,0.9817925761636904,0.9513904654581086,0.9690340796582748,-0.0070750653750665,38.63436732273118,-278.5340402418733,-289.99624713261574,11.462206890742436,0.017601654619784,0.0146025258483037,274.7356305803572,-0.1497617426820966,289190.0,0.8637919706767178,-0.0031630222318707,0.0288910387942893,-0.0265327253341793,0.0263219359020472,293800.0,0
2022-05-25,16196.349609375,16223.349609375,16006.9501953125,16025.7998046875,243300,-0.0061612191843656,-0.0061802778185587,0.0135031896504287,-0.0105301385065669,16088.240234375,16365.442578125,16937.6530859375,16352.330510109365,16728.255238509402,0.9792463435182936,0.946164130495324,0.9662166591257216,-0.0087399600485892,36.991251492607454,-273.083595455475,-286.61371679718764,13.53012134171263,0.0176497602571375,0.0140599640587184,269.20347377232144,-0.0260208166533226,288300.0,0.8439125910509886,-0.0055227542667355,-0.0031630222318707,0.0288910387942893,-0.0011685620062508,249800.0,1
2022-05-26,16105.0,16204.4501953125,15903.7001953125,16170.150390625,314300,0.0090073873189953,0.0089670627708302,0.0185990849024116,0.0040453517929214,16160.390234375,16322.030078125,16928.447109375,16334.980022539425,16706.368773886486,0.9906948040915846,0.9552057720444982,0.964177633817684,0.0229093111478364,44.97206271572072,-254.1860937337333,-280.1281921844968,25.942098450763524,0.0161103363262025,0.0142532173792463,280.4499860491072,0.2918207973695026,290760.0,1.0809602421240887,-0.0061612191843656,-0.0055227542667355,-0.0031630222318707,-0.0265327253341793,243300.0,1
2022-05-27,16296.599609375,16370.599609375,16221.9501953125,16352.4501953125,274100,0.0112738471989222,0.0112107710150345,0.0090903450117286,0.0034271312590493,16177.6501953125,16277.400048828124,16918.07009765625,16336.643848517811,16692.48961394241,1.0046106961959065,0.966567114388413,0.9621310205519906,0.0361357477005335,51.02409645698004,-221.9412165836948,-268.4907970643364,46.54958048064162,0.0162760339412872,0.0142086351967287,276.0821010044643,-0.1279032771237671,288820.0,0.9490340004154836,0.0090073873189953,-0.0061612191843656,-0.0055227542667355,0.0288910387942893,314300.0,1
2022-05-30,16527.900390625,16695.5,16506.150390625,16661.400390625,251400,0.0188932050929628,0.018716945110386,0.0113645674994727,0.0080772510025365,16266.990234375,16255.342529296877,16918.03810546875,16367.573043004211,16691.270428714277,1.0249799633933454,0.9848305274380016,0.9608290528700454,0.0517033887778806,57.75211445150391,-169.50329193598373,-248.6932960386659,79.19000410268217,0.0169703043872499,0.0149109309590451,285.7820172991072,-0.0828164903319956,284580.0,0.8834071262913767,0.0112738471989222,0.0090073873189953,-0.0061612191843656,-0.0031630222318707,274100.0,0
2022-05-31,16578.44921875,16690.75,16521.900390625,16584.55078125,651600,-0.0046124339835348,-0.00462310407988,0.0101811385549192,0.0003680418125658,16358.8703125,16231.115087890625,16910.22212890625,16388.237589503813,16687.085344499992,1.0217751948307645,0.9807411549550524,0.9598404423171496,0.0200039965108911,57.6693676696332,-132.61823956172884,-225.4782847432785,92.86004518154964,0.0154673683084002,0.0149289563974127,274.54624720982144,1.5918854415274462,303250.0,2.148722176422094,0.0188932050929628,0.0112738471989222,0.0090073873189953,-0.0055227542667355,251400.0,0
2022-06-01,16594.400390625,16649.19921875,16438.849609375,16522.75,249600,-0.0037264067061659,-0.0037333670564133,0.0127309079526713,-0.0043177450789652,16458.2603515625,16223.372607421876,16894.93611328125,16401.048295265355,16680.640821186265,1.0184534621636665,0.9779705521947094,0.960250604006046,0.0173919323355702,64.74167268227286,-107.13835213675156,-201.8102982219731,94.67194608522156,0.0155464395467629,0.0140436565016046,267.6997767857143,-0.6169429097605893,300200.0,0.8314457028647568,-0.0046124339835348,0.0188932050929628,0.0112738471989222,-0.0061612191843656,651600.0,1
2022-06-02,16481.650390625,16646.400390625,16443.05078125,16628.0,236000,0.0063700049931154,0.0063498022602603,0.0122293486513711,0.0088795482191665,16549.8302734375,16220.640087890624,16885.14412109375,16422.66274333532,16678.576475257392,1.0251136767662754,0.984770984526421,0.9606456404258348,0.0517792951755735,66.89232675101746,-77.5585160956798,-176.95994179671447,99.40142570103468,0.0118663395525778,0.0141259415299667,257.7426060267857,-0.0544871794871795,298710.0,0.7900639416156138,-0.0037264067061659,-0.0046124339835348,0.0188932050929628,0.0090073873189953,249600.0,0
2022-06-03,16761.650390625,16793.849609375,16567.900390625,16584.30078125,245500,-0.0026280502014673,-0.0026315095876877,0.0136242836963892,-0.0105806770360867,16596.200390625,16229.292626953124,16870.52013671875,16438.056842184338,16674.879389217887,1.0218745303604475,0.983034349080572,0.961991242441305,0.0195590464236925,64.9163902841619,-56.9855507091379,-152.96506357919915,95.97951287006126,0.0086945156533464,0.0136193200216426,256.8604213169643,0.0402542372881356,295960.0,0.8295039870252737,0.0063700049931154,-0.0037264067061659,-0.0046124339835348,0.0112738471989222,236000.0,0
2022-06-06,16530.69921875,16610.94921875,16444.55078125,16569.55078125,233600,-0.0008893953501298,-0.0008897910968418,0.0100424229779539,0.0023502673411377,16577.83046875,16242.677685546874,16856.99814453125,16450.580074476304,16670.74885557209,1.020124335533296,0.9829478913851276,0.96355694805699,0.0218844987365283,57.44024910666987,-41.39436072584067,-130.65092300852746,89.25656228268679,0.0085749094143373,0.0135190384100736,237.1781529017857,-0.0484725050916496,293220.0,0.7966714412386604,-0.0026280502014673,0.0063700049931154,-0.0037264067061659,0.0188932050929628,245500.0,0
2022-06-07,16469.599609375,16487.25,16347.099609375,16416.349609375,233800,-0.0092459460064759,-0.0092889550768917,0.0085372445129313,-0.0032332297847537,16544.190234375,16251.49267578125,16840.87013671875,16447.32003018094,16660.772414544754,1.010144110260064,0.974792245062317,0.9650031467404728,0.0180586978537142,53.96660199233325,-40.92848643578691,-112.70643569397936,71.77794925819245,0.0090197900468682,0.0136725198708689,233.71742466517856,0.0008561643835616,290755.0,0.8041134288318343,-0.0008893953501298,-0.0026280502014673,0.0063700049931154,-0.0046124339835348,233600.0,0
2022-06-08,16474.94921875,16514.30078125,16293.349609375,16356.25,243500,-0.0036609606157923,-0.0036676783326505,0.013508669277799,-0.007204830629457,16510.890234375,16260.9501953125,16824.93513671875,16438.64669397323,16648.83035907241,1.0058606541157091,0.9721434208863076,0.9664792204651412,0.0206198878895169,64.79290034616994,-44.89133454687544,-99.1434154645586,54.252080917683145,0.0088055559415208,0.0136575894762656,234.53180803571428,0.0414884516680924,288715.0,0.8433922726564259,-0.0092459460064759,-0.0008893953501298,-0.0026280502014673,-0.0037264067061659,233800.0,1
2022-06-09,16263.849609375,16492.80078125,16243.849609375,16478.099609375,205000,0.0074497277416889,0.0074221155706157,0.0151080026081018,0.0131733879214241,16480.91015625,16294.45517578125,16810.05712890625,16442.404114487686,16642.135035554864,1.0112703635446925,0.980252445486314,0.969327769134206,0.0190443014635497,57.00218225367053,-37.7643511561655,-86.86760260287997,49.10325144671447,0.0086832390679866,0.0125973905721818,218.48193359375,-0.1581108829568788,283220.0,0.7238189393404421,-0.0036609606157923,-0.0092459460064759,-0.0008893953501298,0.0063700049931154,243500.0,0
2022-06-10,16283.9501953125,16324.7001953125,16172.599609375,16201.7998046875,189700,-0.0167676984141,-0.0169098677448552,0.0093878820730456,-0.0050448686982994,16404.4099609375,16315.437646484375,16787.587109375,16419.48941831624,16624.866987285557,0.9930349498273274,0.9651059261303628,0.9718750848579693,-0.0092127105617594,49.628936753519625,-53.79117934471651,-80.25231795124728,26.461138606530767,0.0098085757874409,0.0132787941079286,212.99274553571428,-0.0746341463414633,274250.0,0.6917046490428441,0.0074497277416889,-0.0036609606157923,-0.0092459460064759,-0.0026280502014673,205000.0,0
2022-06-13,15877.5498046875,15886.150390625,15684.0,15774.400390625,225500,-0.0263797491152091,-0.0267339375202159,0.0128150918969409,-0.0064965574242473,16245.3798828125,16312.04267578125,16753.1101171875,16358.05236805993,16591.515356043965,0.9670401619317428,0.941580415832257,0.9736725038920536,-0.0532368215878837,41.55287589993876,-99.82934637668768,-84.16772363633537,-15.661622740352314,0.0102173122561168,0.0146609863217274,214.27490234375,0.1887190300474432,274645.0,0.8210599137067851,-0.0167676984141,0.0074497277416889,-0.0036609606157923,-0.0008893953501298,189700.0,0
2022-06-14,15674.25,15858.0,15659.4501953125,15732.099609375,225400,-0.0026816094559853,-0.0026852114114221,0.0126206806222597,0.0036907417819034,16108.5298828125,16285.682666015626,16718.457109375,16298.437819613746,16557.81277774322,0.9660079919280372,0.9410018823180226,0.974113972328422,-0.0514003172662811,42.72695482934223,-138.13590028918043,-94.96135896690438,-43.17454132227604,0.0102534868786551,0.0133035757267951,212.9999302455357,-0.0004434589800443,271130.0,0.831335521705455,-0.0263797491152091,-0.0167676984141,0.0074497277416889,-0.0092459460064759,225500.0,0
2022-06-15,15729.25,15783.650390625,15678.900390625,15692.150390625,183000,-0.002539344381356,-0.0025425739848417,0.0066753120122135,-0.0023586381661554,15975.7099609375,16258.2751953125,16678.8911328125,16240.696159710056,16523.865233150347,0.9651792826799536,0.9408389482052392,0.974781540682131,-0.0502700585178012,37.51762168911158,-169.76079159909025,-109.92124549334156,-59.83954610574867,0.0102802834031189,0.0133045182581283,198.9999302455357,-0.1881100266193434,265760.0,0.688591210114389,-0.0026816094559853,-0.0263797491152091,-0.0167676984141,-0.0036609606157923,225400.0,0
2022-06-16,15832.25,15863.150390625,15335.099609375,15360.599609375,264700,-0.0211284478542902,-0.021354848179315,0.0343769640950549,-0.0297904840199592,15752.2099609375,16235.83515625,16625.0351171875,16156.877440630527,16478.246973394453,0.946092360605295,0.9239438895076204,0.9765895254840614,-0.0762208558230094,25.9720319756232,-219.05202755016944,-131.74740190470715,-87.3046256454623,0.0105636952393273,0.0128012540428797,222.40004185267856,0.446448087431694,263300.0,1.0053171287504747,-0.002539344381356,-0.0026816094559853,-0.0263797491152091,0.0074497277416889,183000.0,0
2022-06-17,15272.650390625,15400.400390625,15183.400390625,15293.5,342600,-0.0043682936266399,-0.004377862497838,0.0141890345571648,0.0013651598669343,15570.55,16187.20263671875,16571.757109375,16074.651017713331,16431.78630777114,0.9447895564925164,0.9228653243625043,0.9767945867105003,-0.0778326923923957,12.4636220877572,-260.52687324488943,-157.5032961727436,-103.02357707214584,0.0104805100400773,0.0106941143639643,213.396484375,0.2942954287873063,267810.0,1.2792651506665174,-0.0211284478542902,-0.002539344381356,-0.0026816094559853,-0.0167676984141,264700.0,1
2022-06-20,15334.5,15382.5,15191.099609375,15350.150390625,260000,0.0037042135956451,0.0036973698916184,0.0124689586586654,0.001020599995109,15485.7,16143.975146484376,16522.607109375,16005.650957990634,16389.3692129811,0.950828420593038,0.9290392423551158,0.977084006150834,-0.0735928454985554,15.74726336018938,-285.533323773574,-183.1093016929097,-102.42402208066432,0.010922365859034,0.0108008916410452,215.0072544642857,-0.2410974897840047,266120.0,0.9770028558545018,-0.0043682936266399,-0.0211284478542902,-0.002539344381356,-0.0263797491152091,342600.0,1
2022-06-21,15455.9501953125,15707.25,15419.849609375,15638.7998046875,262800,0.018804337854487,0.0186297219218027,0.0183773943150583,0.0118303699911283,15467.0400390625,16119.6576171875,16482.59208984375,15970.712752914143,16359.935118538211,0.9701694772978746,0.9488070638066582,0.9779807404880276,-0.047364354633594,28.214402444548316,-278.8451670970626,-202.25647477374028,-76.5886923233223,0.01367620849805,0.0117789749321643,225.48939732142856,0.0107692307692308,266770.0,0.9851182666716648,0.0037042135956451,-0.0043682936266399,-0.0211284478542902,-0.0026816094559853,260000.0,0
2022-06-22,15545.650390625,15565.400390625,15385.9501953125,15413.2998046875,220900,-0.0144192650853174,-0.0145242329496379,0.0116425552987638,-0.0085136731247549,15411.269921875,16089.0326171875,16435.17109375,15917.62580546399,16322.81216505387,0.9580004075709232,0.9378241161449729,0.9789391619601618,-0.0576507570691631,21.738000295377347,-288.416039591566,-219.48838773730543,-68.92765185426057,0.0139988296536496,0.0120958097618341,223.78229631696428,-0.1594368340943683,265650.0,0.8315452663278751,0.018804337854487,0.0037042135956451,-0.0043682936266399,-0.002539344381356,262800.0,1
2022-06-23,15451.5498046875,15628.4501953125,15367.5,15556.650390625,259200,0.0093004475196092,0.0092574646586046,0.0167741890934155,0.0068019446117706,15450.480078125,16058.3576171875,16392.8051171875,15883.247194526944,16292.766605272349,0.9687572516117392,0.9489925781106364,0.9795979091065176,-0.055919629119474,27.149618390892456,-281.19241956698534,-231.8291941032414,-49.36322546374393,0.0142039800583307,0.0121097689014903,226.28236607142856,0.1733816206428249,262895.0,0.985944959014055,-0.0144192650853174,0.018804337854487,0.0037042135956451,-0.0211284478542902,220900.0,1
2022-06-24,15657.400390625,15749.25,15619.4501953125,15699.25,219600,0.0091664725885294,0.0091247154617346,0.0082678984465818,0.0026728325476084,15531.630078125,16025.697607421876,16356.1841015625,15865.723652191044,16269.491444281275,0.9796297412182112,0.959835735677508,0.979794401182544,-0.0310181467951543,31.68944285188303,-260.9529487763084,-237.65394503785484,-23.299003738453564,0.014317592108275,0.0119990710523919,228.15387834821428,-0.1527777777777778,260170.0,0.8440634969443056,0.0093004475196092,-0.0144192650853174,0.018804337854487,-0.0043682936266399,259200.0,1
2022-06-27,15926.2001953125,15927.4501953125,15815.5,15832.0498046875,210900,0.008458990377725,0.0084234136068693,0.0070711118707669,-0.0059116669055002,15628.0099609375,15984.230078125,16323.31208984375,15862.516619095468,16252.33687017956,0.9904793491651648,0.9699042521240582,0.979227131733288,0.0036546184092525,37.60026858489335,-231.52827415012143,-236.42881086030815,4.900536710186742,0.0120145509541019,0.0112599594726528,234.44315011160717,-0.0396174863387978,258145.0,0.8169827035193399,0.0091664725885294,0.0093004475196092,-0.0144192650853174,0.0037042135956451,219600.0,1
2022-06-28,15757.4501953125,15892.099609375,15710.150390625,15850.2001953125,251900,0.0011464333961117,0.0011457767431705,0.0114793009872398,0.0058861045949928,15670.2900390625,15947.512548828125,16296.8430859375,15861.343626354232,16236.566804498498,0.9938979603735896,0.9725932876527228,0.9785645271745416,0.0075069818314092,39.06618125838453,-204.38836088430617,-230.0207208651078,25.632359980801624,0.0119674774702758,0.0112780124194443,231.65729631696428,0.1944049312470366,238160.0,1.0576923076923077,0.008458990377725,0.0091664725885294,0.0093004475196092,0.018804337854487,210900.0,0
2022-06-29,15701.7001953125,15861.599609375,15687.7998046875,15799.099609375,444900,-0.0032239710103227,-0.0032291792019122,0.0110006145277018,0.0062031125834116,15747.45,15911.330029296874,16273.6520703125,15855.415624737165,16219.411228219144,0.9929465092034904,0.9708392155069352,0.9777356650215844,0.0068154597099638,34.8667227919392,-184.8720840028618,-220.9909934926586,36.11890948979678,0.0119904009880001,0.0112751193629609,226.28934151785717,0.7661770543866613,247925.0,1.7944943027125138,0.0011464333961117,0.008458990377725,0.0091664725885294,-0.0144192650853174,251900.0,0
2022-06-30,15774.5,15890.0,15728.849609375,15780.25,306000,-0.0011930812414028,-0.0011937935294284,0.0102121570079688,0.0003645123458746,15792.169921875,15868.942529296875,16246.5260546875,15848.256993809817,16202.189219269376,0.9944109363851352,0.9712999534104728,0.9767591222813026,0.0273199224832914,39.38669746898747,-168.97842184927504,-210.5884791639819,41.610057314706864,0.0092573579567588,0.0110974479835246,226.9357561383929,-0.3122049898853675,251425.0,1.2170627423684997,-0.0032239710103227,0.0011464333961117,0.008458990377725,0.0093004475196092,444900.0,0
2022-07-01,15703.7001953125,15793.9501953125,15511.0498046875,15752.0498046875,364100,-0.0017870563085186,-0.0017886549985601,0.0179595921884918,0.0030788673225837,15802.7298828125,15827.32998046875,16213.71505859375,15839.094404369594,16184.536693207345,0.9952436591721948,0.9715262509401535,0.9761692445729638,0.0299833134787654,49.295712236272905,-156.85003065017736,-199.84078946122105,42.99075881104366,0.0090718962132329,0.0110989880270057,232.70361328125,0.1898692810457516,257355.0,1.4147772532105458,-0.0011930812414028,-0.0032239710103227,0.0011464333961117,0.0091664725885294,306000.0,1
2022-07-04,15710.5,15852.349609375,15661.7998046875,15835.349609375,304300,0.0052881882498054,0.0052742548822503,0.0120331921547654,0.0079468896199993,15803.38984375,15790.619921875,16186.98306640625,15838.737757227253,16170.843082076664,1.0028326745701752,0.978276776123834,0.9755134639416628,0.0316087599406409,53.17155582859776,-138.9152664518806,-187.65568485935296,48.74041840747236,0.0090999097366852,0.011233000360653,232.13218470982144,-0.1642405932436144,260890.0,1.1663919659626665,-0.0017870563085186,-0.0011930812414028,-0.0032239710103227,0.008458990377725,364100.0,0
2022-07-05,15909.150390625,16025.75,15785.4501953125,15810.849609375,254200,-0.0015471713984448,-0.0015483695040555,0.0151984118895808,-0.0061788831481489,15795.5197265625,15760.344921875,16164.12107421875,15836.081743146086,16156.725690990326,1.0032045420167106,0.9781447154954064,0.97502022222614,0.0110014711382091,53.68105071120706,-125.23514901501584,-175.17157769048555,49.9364286754697,0.0073445138705191,0.0111109818279745,241.81431361607144,-0.1646401577390732,261910.0,0.9705624069336796,0.0052881882498054,-0.0017870563085186,-0.0011930812414028,0.0011464333961117,304300.0,1
2022-07-06,15818.2001953125,16011.349609375,15800.900390625,15989.7998046875,288400,0.0113181897073002,0.0112546182245321,0.0131614667676017,0.0108482385641984,15833.659765625,15742.022412109374,16139.9010546875,15850.721558530982,16150.17957780198,1.015739870398579,0.9906999894552386,0.9753481361979868,0.037402763023183,71.55237758181562,-98.81469784707406,-159.90020172180326,61.0855038747292,0.0055610131793365,0.0114794674647011,219.12848772321428,0.1345397324940991,264155.0,1.0917832333289168,-0.0015471713984448,0.0052881882498054,-0.0017870563085186,-0.0032239710103227,254200.0,1
2022-07-07,16113.75,16150.5,16045.9501953125,16132.900390625,264600,0.0089494920315105,0.0089096826671292,0.0064805337016929,0.0011884502753859,15904.18984375,15724.762451171877,16121.7910546875,15877.595733016127,16149.50196261857,1.0259551100196562,1.0006890881974475,0.9753731702533024,0.0370420357551564,77.32954841729207,-65.57338938888824,-141.03483925522025,75.461449866332,0.0055231596673482,0.0115424616214026,215.10707310267856,-0.0825242718446601,267135.0,0.9905104160817564,0.0113181897073002,-0.0015471713984448,0.0052881882498054,-0.0011930812414028,288400.0,1
2022-07-08,16273.650390625,16275.5,16157.900390625,16220.599609375,281100,0.0054360478665673,0.0054213258871873,0.007250016165064,-0.0032599189472917,15997.8998046875,15725.70244140625,16101.30203125,15910.26276885983,16152.290105628626,1.0314705921603649,1.007409188268965,0.9766727194412744,0.0332085678854086,77.77881661879687,-31.786405034028576,-119.18515241098191,87.39874737695335,0.0052307504044059,0.0109955290885124,211.6213030133929,0.0623582766439909,271705.0,1.0345779429896396,0.0089494920315105,0.0113181897073002,-0.0015471713984448,-0.0017870563085186,264600.0,0
2022-07-11,16136.150390625,16248.5498046875,16115.5,16216.0,255900,-0.0002835659276332,-0.0002836061400529,0.0082048473536938,0.0049484918919318,16074.0298828125,15747.782421875,16083.571015625,15939.38060039699,16154.788532858876,1.0297322864630518,1.008233804809041,0.9791222612550542,0.0242514519628924,72.49941948328302,-5.319803167298232,-96.4120825622452,91.09227939494696,0.0049964667554117,0.0090159512500403,195.61774553571428,-0.0896478121664887,273225.0,0.9365907219324732,0.0054360478665673,0.0089494920315105,0.0113181897073002,0.0052881882498054,281100.0,0
2022-07-12,16126.2001953125,16158.75,16031.150390625,16058.2998046875,208600,-0.0097249750439381,-0.0097725714476848,0.0079460223639462,-0.0042105635427208,16123.519921875,15764.092431640624,16063.35501953125,15950.706238900848,16151.004661165882,1.0186631342287973,0.9996852952052916,0.9813698578206884,0.0131291470650662,76.54538614759119,2.8966904431563307,-76.5503279611649,79.44701840432123,0.0063181981258057,0.0093183735590254,191.91413225446428,-0.1848378272762798,272385.0,0.7658277805312333,-0.0002835659276332,0.0054360478665673,0.0089494920315105,-0.0015471713984448,255900.0,0
2022-07-13,16128.2001953125,16140.0,15950.150390625,15966.650390625,233300,-0.0057072925015229,-0.0057236413300785,0.0118903843154524,-0.0100166046261288,16118.8900390625,15777.817431640626,16049.13603515625,15952.224729541244,16143.775081928983,1.0119682560533176,0.9948604308449648,0.9830945040953424,0.0106050841752132,67.62380826048849,1.990039125072144,-60.84225454391749,62.83229366898964,0.0065616249019347,0.0094091988912187,186.83551897321428,0.1184084372003835,274900.0,0.8486722444525282,-0.0097249750439381,-0.0002835659276332,0.0054360478665673,0.0113181897073002,208600.0,0
2022-07-14,16018.849609375,16070.849609375,15858.2001953125,15938.650390625,228600,-0.0017536552323109,-0.0017551946856914,0.0133417453078448,-0.0050065529489123,16080.0400390625,15806.719970703123,16034.25603515625,15950.931935358743,16135.730976387653,1.008346476698923,0.9940374131283904,0.985809378124296,0.0100378885394718,61.41524317216228,-0.9765969688669428,-48.86912302890738,47.89252606004044,0.0065853609711818,0.0078672619272802,188.26764787946428,-0.020145735105015,273095.0,0.8370713487980374,-0.0057072925015229,-0.0097249750439381,-0.0002835659276332,0.0089494920315105,233300.0,1
2022-07-15,16010.7998046875,16066.9501953125,15927.2998046875,16049.2001953125,205800,0.0069359576863876,0.0069120145803651,0.0087013925258274,0.0023984055196141,16045.76015625,15844.50498046875,16027.0150390625,15960.2908172591,16132.337612423922,1.0129190034713027,1.001384235067848,0.9886123487031788,0.0188642363571358,60.57877299516072,5.52903264165252,-37.98949189479541,43.51852453644793,0.0067489021371747,0.0078018668159871,181.94266183035717,-0.0997375328083989,266255.0,0.7729432311130308,-0.0017536552323109,-0.0057072925015229,-0.0097249750439381,0.0054360478665673,228600.0,1
2022-07-18,16151.400390625,16287.9501953125,16142.2001953125,16278.5,227700,0.0142873041582765,0.0141862024707188,0.0089535276591823,0.0078692624974348,16058.26015625,15890.9224609375,16026.548046875,15990.596453710616,16138.06947076024,1.0243898703813594,1.015720912100852,0.9915374424023928,0.0279848820238639,67.30505626977293,28.85474929001612,-24.620643657833103,53.475392947849215,0.007761065259061,0.008233441429527,185.99986049107144,0.1064139941690962,264640.0,0.8604141475211609,0.0069359576863876,-0.0017536552323109,-0.0057072925015229,-0.0002835659276332,205800.0,1
2022-07-19,16187.0498046875,16359.5,16187.0498046875,16340.5498046875,222600,0.0038117642711243,0.0038045179061477,0.010553512419945,0.00948288921404,16114.71015625,15926.0099609375,16028.558046875,16023.925344279842,16146.00987601229,1.0260291086572697,1.019464742673676,0.9936021639852068,0.0335023233032598,71.68492761717475,51.75089633386415,-9.346335659493654,61.0972319933578,0.0076140976110093,0.0073680448077152,185.90345982142856,-0.0223978919631093,262630.0,0.8475802459734227,0.0142873041582765,0.0069359576863876,-0.0017536552323109,-0.0097249750439381,227700.0,1
2022-07-20,16562.80078125,16588.0,16490.94921875,16520.849609375,284400,0.0110338885069691,0.0109734592658458,0.005874442510204,-0.0025328549457946,16225.55,15981.387451171877,16035.633046875,16071.251464765097,16160.709473399063,1.033755652308121,1.0302586471691904,0.9966171840210764,0.0332117857117773,76.26428931605224,83.48260967566421,9.21945340753792,74.2631562681263,0.0075818924603458,0.0064746834350224,192.06773158482144,0.2776280323450135,265805.0,1.0699572995240871,0.0038117642711243,0.0142873041582765,0.0069359576863876,-0.0057072925015229,222600.0,1
2022-07-21,16523.55078125,16626.94921875,16483.900390625,16605.25,243600,0.005108719746296,0.0050957145121648,0.0086146747640053,0.0049444105465943,16358.869921875,16033.817431640626,16051.578046875,16122.1084681208,16178.142435226551,1.0356392088656148,1.0344933034937829,0.9988935284006027,0.0292786540509162,79.0976396886667,114.12506456966004,30.20057563996234,83.92448892969769,0.007359175702531,0.006344446515733,182.0783342633929,-0.1434599156118143,265025.0,0.9191585699462316,0.0110338885069691,0.0038117642711243,0.0142873041582765,-0.0017536552323109,284400.0,1
2022-07-22,16661.25,16752.25,16610.900390625,16719.44921875,190900,0.0068772959606149,0.0068537552301666,0.0084542024994749,0.003493088378723,16492.9197265625,16084.827392578123,16070.3240234375,16178.99806341882,16199.370152227471,1.0394546867481278,1.0403927882453268,1.0009024938837243,0.0307540794661302,79.52908359568565,145.9420245769834,53.34886542736655,92.59315914961684,0.007427634075752,0.0062536613483755,178.96763392857142,-0.2163382594417077,263590.0,0.7242308130050458,0.005108719746296,0.0110338885069691,0.0038117642711243,0.0069359576863876,243600.0,0
2022-07-25,16662.55078125,16706.05078125,16564.25,16631.0,211400,-0.0052901993117577,-0.0053042419636502,0.0085262931423245,-0.0018935144843191,16563.4197265625,16124.77490234375,16086.09802734375,16222.04586690274,16216.296812924433,1.031394242755145,1.033874092507083,1.0024043664867797,0.0255920078934386,76.27091922598082,162.15090713740028,75.10927376937329,87.041633368027,0.0078349450008267,0.0063959071071352,171.93198939732142,0.1073860660031429,263615.0,0.8019270527094436,0.0068772959606149,0.005108719746296,0.0110338885069691,0.0142873041582765,190900.0,0
2022-07-26,16632.900390625,16636.099609375,16463.30078125,16483.849609375,208200,-0.008847958067765,-0.0088873336833467,0.0104829170503183,-0.008961202060346,16592.0796875,16156.457373046876,16090.5890234375,16246.979556662003,16226.789079451906,1.0202638628486898,1.0244404095688902,1.0040935946790657,0.0265003026387189,66.15441994013463,161.26380781564694,92.34018057862802,68.92362723701892,0.0076840849738489,0.0068797136423046,169.24267578125,-0.0151371807000946,261430.0,0.7963890907699958,-0.0052901993117577,0.0068772959606149,0.005108719746296,0.0038117642711243,211400.0,1
2022-07-27,16475.349609375,16653.44921875,16438.75,16641.80078125,185200,0.0095821774414373,0.0095365595600848,0.0129012011123157,0.0101030433842984,16616.269921875,16198.592431640624,16098.61904296875,16284.58157805134,16243.06404814987,1.027360917405617,1.0337408902485017,1.0062100599066937,0.0422850362541551,66.47995577633654,171.33111627079052,108.13836771706052,63.192748553729984,0.0073520828577167,0.006964604249176,173.09974888392858,-0.1104707012487992,248445.0,0.7454366157499648,-0.008847958067765,-0.0052901993117577,0.0068772959606149,0.0110338885069691,208200.0,1
2022-07-28,16774.849609375,16947.650390625,16746.25,16929.599609375,376300,0.0172937311236929,0.0171458965295262,0.0118963469468865,0.0092251199625369,16681.13984375,16256.059912109376,16121.02302734375,16346.011866748831,16269.98701133517,1.0414331456027606,1.0501566544914538,1.0083764463667462,0.0621727181702203,70.32569671369284,200.22442837216292,126.55557984808102,73.66884852408192,0.0080629094825983,0.007615933099295,184.7604631696429,1.0318574514038876,251960.0,1.4934910303222737,0.0095821774414373,-0.008847958067765,-0.0052901993117577,0.005108719746296,185200.0,1
2022-07-29,17079.5,17172.80078125,17018.150390625,17158.25,436100,0.0135059538264792,0.0134155614131158,0.009013179702184,0.0046107907140138,16768.9,16326.369921875,16138.86501953125,16423.367879439418,16304.82085402791,1.05095315628065,1.0631633624319363,1.0116182211151052,0.069103119855868,73.937472958007,238.81979604136177,149.0084230867372,89.81137295462457,0.0083971689672508,0.0078148764378836,192.62841796875,0.1589157587031624,255560.0,1.7064485835028955,0.0172937311236929,0.0095821774414373,-0.008847958067765,0.0068772959606149,376300.0,1
2022-08-01,17243.19921875,17356.25,17154.80078125,17340.05078125,381500,0.0105955316684394,0.0105397924018547,0.0116175679812788,0.0056167977456692,16910.71015625,16401.60498046875,16161.37203125,16510.671012945186,16345.418106075836,1.0572167054321064,1.0729318493331432,1.0148646382716906,0.0652118304051356,82.16844283730454,280.8393652717423,175.37461152373822,105.46475374800406,0.0081093359323719,0.0079380226545961,197.90339006696428,-0.1252006420545746,259420.0,1.4705882352941178,0.0135059538264792,0.0172937311236929,0.0095821774414373,-0.0052901993117577,436100.0,1
2022-08-02,17310.150390625,17390.150390625,17215.849609375,17345.44921875,333600,0.0003113276638058,0.0003112792114048,0.0100487902649177,0.0020391982350492,17083.030078125,16478.3349609375,16185.7780078125,16590.17369921231,16384.635012455215,1.052621472974547,1.071647542081558,1.0180749391832626,0.0614972828989042,86.1699958293668,310.9908761756378,202.49786445411812,108.49301172151968,0.0083025456570041,0.0078735987891406,196.79275948660717,-0.1255570117955439,263390.0,1.2665628915296707,0.0105955316684394,0.0135059538264792,0.0172937311236929,-0.008847958067765,381500.0,1
2022-08-03,17349.25,17407.5,17225.849609375,17388.150390625,285400,0.0024618083588656,0.0024587830727669,0.0104467920131941,0.0022421943671916,17232.3,16548.252490234376,16213.02501953125,16666.171479346853,16423.988556697168,1.0507544769990833,1.0724803279880293,1.0206764296175013,0.0524973473977898,87.73365412579648,334.47616052426747,228.893523668148,105.58263685611944,0.0081676947849626,0.0077285104513692,194.5785435267857,-0.1444844124700239,263240.0,1.0841817352985867,0.0003113276638058,0.0105955316684394,0.0135059538264792,0.0095821774414373,333600.0,0
2022-08-04,17463.099609375,17490.69921875,17161.25,17382.0,325000,-0.0003537116074355,-0.0003537741781412,0.0189534701846738,-0.0046440558199337,17322.780078125,16610.707470703124,16237.26201171875,16734.34562417096,16461.557632905122,1.0464334544845384,1.0705006784675315,1.022999287608641,0.0467773746254949,86.68997269194807,348.5739884908653,252.8296166326915,95.7443718581738,0.0083490235817862,0.0077084460161141,208.13560267857144,0.1387526278906796,266260.0,1.2206114324344626,0.0024618083588656,0.0003113276638058,0.0105955316684394,0.0172937311236929,285400.0,1
2022-08-05,17423.650390625,17474.400390625,17348.75,17397.5,355300,0.0008917270739845,0.0008913297215996,0.0072223245078315,-0.0015008560226317,17370.630078125,16669.552490234375,16258.1630078125,16797.503183773726,16498.261255144138,1.043669289274087,1.0700778428436235,1.02530356487533,0.0405546123187838,84.91419656786272,356.8834093935766,273.6403751848685,83.24303420870808,0.0083807795247514,0.0077226342996439,200.0570591517857,0.0932307692307692,269970.0,1.3160721561654998,-0.0003537116074355,0.0024618083588656,0.0003113276638058,0.0135059538264792,325000.0,1
2022-08-08,17401.5,17548.80078125,17359.75,17525.099609375,257000,0.0073343646716481,0.0073075990121405,0.010787429770092,0.0071028135146395,17407.63984375,16735.007470703124,16275.4369921875,16866.798081450037,16538.52942589829,1.047211938211264,1.0767821237480355,1.0282370592406351,0.0537610251563345,85.50702746880567,369.5054782630105,292.8133958004969,76.69208246251355,0.0077547369328623,0.0077133157669918,201.24281529017856,-0.2766676048409794,270025.0,0.9517637255809648,0.0008917270739845,-0.0003537116074355,0.0024618083588656,0.0105955316684394,355300.0,1
2022-08-10,17566.099609375,17566.099609375,17442.80078125,17534.75,312700,0.0005506610997998,0.000550509541612,0.0070316844052524,-0.0017846653538426,17445.5,16808.82998046875,16294.4409765625,16930.412549883367,16577.596899392476,1.0431868262320902,1.0761185379247762,1.031568373818171,0.0637533352662542,83.85535348370679,375.95350664916987,309.4414179702315,66.51208867893837,0.0062786298582151,0.0070700897060638,192.37486049107144,0.2167315175097275,275230.0,1.136140682338408,0.0073343646716481,0.0008917270739845,-0.0003537116074355,0.0003113276638058,257000.0,1
2022-08-11,17711.650390625,17719.30078125,17631.94921875,17659.0,311200,0.0070859293688247,0.0070609421403666,0.0049465746927912,-0.0029726417055334,17499.669921875,16893.4474609375,16317.1659765625,16999.801830846856,16620.004864122184,1.0453165371267574,1.0822345023250282,1.0353174984677334,0.0611231459936751,84.2738656692145,386.6326912064287,324.87967261747093,61.75301858895779,0.0061796187025473,0.0066736327526418,195.3392857142857,-0.0047969299648225,279125.0,1.1149126735333632,0.0005506610997998,0.0073343646716481,0.0008917270739845,0.0024618083588656,312700.0,1
2022-08-12,17659.650390625,17724.650390625,17597.849609375,17698.150390625,303900,0.0022170219505635,0.0022145679837284,0.0071646346342027,0.0021801111091326,17562.9,16981.4224609375,16338.568984375,17066.311217492395,16662.285080847785,1.0422065896620964,1.0832130039999344,1.0393457638289667,0.0453968669657376,83.46670727325429,393.7166112232953,338.6470603386358,55.06955088465952,0.0048245460560785,0.0065182054062921,193.896484375,-0.0234575835475578,282890.0,1.0742691505532185,0.0070859293688247,0.0005506610997998,0.0073343646716481,-0.0003537116074355,311200.0,1
2022-08-16,17797.19921875,17839.099609375,17764.05078125,17825.25,0,0.0071815193435313,0.007155855032733,0.0042102538884447,0.0015761345875393,17648.45,17070.224951171876,16363.38796875,17138.59110154074,16707.891548265517,1.044230527189174,1.089337369134179,1.043196249075788,0.0388734282342313,89.78574663342165,404.9188921983514,351.90142671057896,53.01746548777243,0.0038351981925867,0.006521733082635,193.8356584821429,-1.0,272600.0,0.0,0.0022170219505635,0.0070859293688247,0.0005506610997998,0.0008917270739845,303900.0,1
2022-08-17,17868.150390625,17965.94921875,17833.349609375,17944.25,262800,0.0066759231988331,0.0066537379070216,0.0073895319879627,0.0042589528133212,17732.280078125,17153.512451171875,16390.881953125,17215.320520441623,16756.376193431577,1.0460977045417952,1.0947702540545017,1.0465277280519658,0.0348441435594484,99.58237348197602,418.574025244925,365.2359464174482,53.33807882747681,0.0032265215316204,0.0061873066231251,191.54282924107144,0.0,274355.0,0.9578830347542416,0.0071815193435313,0.0022170219505635,0.0070859293688247,0.0073343646716481,0.0,1
2022-08-18,17898.650390625,17968.44921875,17852.05078125,17956.5,263900,0.000682669936052,0.000682437022927,0.0064822452872218,0.0032320654413866,17816.630078125,17234.3099609375,16421.6849609375,17285.909042304327,16803.439872120536,1.0419042039222566,1.0934627014653726,1.0494848733204298,0.0352283053349502,99.5365191691786,425.4796249224965,377.28468211845785,48.19494280403859,0.0031886348158011,0.0062546539147736,184.52134486607144,0.0041856925418568,276420.0,0.9547066058895884,0.0066759231988331,0.0071815193435313,0.0022170219505635,0.0005506610997998,262800.0,0
2022-08-19,17966.55078125,17992.19921875,17710.75,17758.44921875,295600,-0.011029475746944,-0.0110907513899549,0.015848749813854,-0.0115827219722761,17836.519921875,17296.18994140625,16449.7289453125,17330.912868632488,16840.891219047182,1.0267260754483925,1.0795587743596486,1.0514574433966557,0.0212960447089674,83.49558702580852,410.2423016650682,383.87620602778,26.36609563728825,0.00561673148901,0.0069947746373539,182.77845982142856,0.1201212580522925,276980.0,1.067225070402195,0.000682669936052,0.0066759231988331,0.0071815193435313,0.0070859293688247,263900.0,0
2022-08-22,17682.900390625,17690.05078125,17467.349609375,17490.69921875,287600,-0.0150773300473388,-0.0151921485542088,0.0127325482583489,-0.010869323902141,17795.0296875,17340.46240234375,16469.9809375,17346.130616262726,16866.373885702196,1.008663945223626,1.061974466462554,1.052852609128513,0.0062535507277643,63.02341880237248,372.2701275840045,381.5549903390249,-9.284862755020413,0.0078536879405248,0.0081448132798708,181.3141741071429,-0.027063599458728,279180.0,1.0301597535640088,-0.011029475746944,0.000682669936052,0.0066759231988331,0.0022170219505635,295600.0,1
2022-08-23,17357.349609375,17625.55078125,17345.19921875,17577.5,285600,0.0049626821755044,0.004950408657946,0.015949455980657,0.0126834105194316,17745.4796875,17383.36494140625,16497.49494140625,17368.165795666275,16894.26118430211,1.0111678641763615,1.065464791014004,1.0536972433176262,0.0103463141255928,60.04989650360749,345.20173297537985,374.2843388662959,-29.082605890916057,0.0079730606848062,0.0081034790638804,186.95005580357144,-0.0069541029207231,283915.0,1.0059348748745225,-0.0150773300473388,-0.011029475746944,0.000682669936052,0.0071815193435313,287600.0,1
2022-08-24,17525.44921875,17623.650390625,17499.25,17604.94921875,262000,0.0015616110795051,0.0015603930328352,0.0070662169529298,0.0045362603267792,17677.61953125,17432.06240234375,16534.10591796875,17390.716597864724,16922.131303300066,1.0099177488248898,1.0647657215995872,1.0543093463190607,0.0045562998872934,60.78193013948083,322.25005968684854,363.8774830304064,-41.62742334355789,0.0076716609435041,0.0078981987404046,183.3857421875,-0.0826330532212885,286445.0,0.9146607551187838,0.0049626821755044,-0.0150773300473388,-0.011029475746944,0.0066759231988331,285600.0,0
2022-08-25,17679.0,17726.5,17487.44921875,17522.44921875,230200,-0.0046861822192667,-0.0046971967955087,0.0136425438171167,-0.0088551830561683,17590.809375,17483.9923828125,16569.91291015625,17403.262561758558,16945.67318233732,1.0021995454525194,1.0574858971051024,1.0551650136975663,-0.0007015087896889,55.40133130354318,294.01441754128246,349.9048699325817,-55.89045239129922,0.0078419622902606,0.0076213124329959,187.4857700892857,-0.1213740458015266,287545.0,0.8005703455111374,0.0015616110795051,0.0049626821755044,-0.0150773300473388,0.000682669936052,262000.0,1
2022-08-26,17619.30078125,17685.849609375,17519.349609375,17558.900390625,266600,0.0020802555293466,0.0020780947938819,0.0094823705525943,-0.0034280810217665,17550.899609375,17529.84736328125,16607.24791015625,17418.085212126793,16969.721308152522,1.0016573462815543,1.0573034427869752,1.0555540242499046,-0.005668475529475,56.945430676054734,271.4496698270523,334.2138299114758,-62.76416008442351,0.0074888561860761,0.0074684151917008,175.84654017857142,0.1581233709817548,291615.0,0.9142190902388424,-0.0046861822192667,0.0015616110795051,0.0049626821755044,-0.011029475746944,230200.0,0
2022-08-29,17188.650390625,17380.150390625,17166.19921875,17312.900390625,244900,-0.0140099889245538,-0.0141090551859436,0.012357904628785,0.0072286070852757,17515.33984375,17549.01240234375,16646.29392578125,17408.067610079,16983.17931138674,0.9865455669922932,1.0400453378881729,1.0542293966805667,-0.0217678114094946,47.18751663855157,231.05336127798728,313.5817361847781,-82.52837490679082,0.0085225394046706,0.0075521669285798,182.1537388392857,-0.0813953488372093,285045.0,0.8591625883632409,0.0020802555293466,-0.0046861822192667,0.0015616110795051,-0.0150773300473388,266600.0,1
2022-08-30,17414.94921875,17777.650390625,17401.5,17759.30078125,324700,0.0257842637890255,0.0254574554274316,0.0211804729959939,0.0197733314162782,17551.7,17579.06494140625,16695.60994140625,17441.518388285764,17013.615447459808,1.010252868423008,1.063710810421231,1.0529154072897315,-0.0036997640285549,56.42420508424634,232.3810326209932,297.34159547202114,-64.96056285102793,0.0120075955991145,0.0089371013716188,201.84654017857144,0.3258472846059617,279475.0,1.1618212720279095,-0.0140099889245538,0.0020802555293466,-0.0046861822192667,0.0049626821755044,244900.0,0
2022-09-01,17485.69921875,17695.599609375,17468.44921875,17542.80078125,308500,-0.0121907952721076,-0.0122657125065035,0.0129483537695863,0.0032656150483687,17539.2703125,17589.20244140625,16739.46294921875,17451.164330472835,17034.367813490797,0.9973619235829012,1.047990657434368,1.050762649600247,-0.0223720255095642,50.19832907036496,213.50235880002947,280.57374813762283,-67.07138933759336,0.0122655643595062,0.0092036597642109,209.26450892857144,-0.0498922081921774,275825.0,1.118462793437868,0.0257842637890255,-0.0140099889245538,0.0020802555293466,0.0015616110795051,324700.0,0
2022-09-02,17598.400390625,17643.849609375,17476.44921875,17539.44921875,256300,-0.0001910505934481,-0.0001910688459375,0.009544221630748,-0.0033498028551733,17542.6703125,17598.90244140625,16777.4759375,17459.57241507066,17054.174927422533,0.9966217653143884,1.0454164430983854,1.0489600764123437,-0.0232256164202377,46.86835529560557,196.01093861209665,263.6611862325176,-67.65024762042094,0.0122453542452766,0.0092051206292617,208.0394810267857,-0.1692058346839546,271960.0,0.942418002647448,-0.0121907952721076,0.0257842637890255,-0.0140099889245538,-0.0046861822192667,308500.0,1
2022-09-05,17546.44921875,17683.150390625,17540.349609375,17665.80078125,230300,0.0072038500710118,0.0071780262893559,0.0080834592792173,0.0068020350449287,17564.050390625,17612.7849609375,16822.52595703125,17479.213211849645,17078.16025502361,1.003010075943701,1.050127717227049,1.0469762392356987,-0.0052171468554911,49.18962080535928,190.1524185091621,248.9594326878465,-58.807014178684426,0.0121588765108936,0.0093162750086965,209.24665178571428,-0.1014436207569254,269205.0,0.8554818818372616,-0.0001910505934481,-0.0121907952721076,0.0257842637890255,0.0020802555293466,256300.0,0
2022-09-06,17695.69921875,17764.650390625,17587.650390625,17655.599609375,251200,-0.0005774531254664,-0.0005776199157346,0.0100251480502545,-0.0022660652670063,17632.590234375,17626.46494140625,16864.50494140625,17496.011916375868,17100.80493558641,1.0016528934227933,1.0469088580256176,1.0451812847544202,0.0094278901353599,45.48575633759044,182.58166205661476,235.68387856160015,-53.10221650498545,0.011025261248918,0.0093178583843091,211.8217075892857,0.090751194094659,265515.0,0.9460859085174096,0.0072038500710118,-0.0001910505934481,-0.0121907952721076,-0.0140099889245538,230300.0,0
2022-09-07,17519.400390625,17650.75,17484.30078125,17624.400390625,354100,-0.0017671004916441,-0.0017686636555011,0.0094442486019859,0.005993355803215,17605.61015625,17637.8099609375,16903.00794921875,17508.239390113882,17121.338090685964,0.9992397258876132,1.0426783471659902,1.043471671664966,0.002668205980657,41.07191728917495,172.0806284450009,222.96322853828036,-50.88260009327942,0.0109581247774145,0.0093351668496322,213.66099330357144,0.4096337579617835,265455.0,1.333936072027274,-0.0005774531254664,0.0072038500710118,-0.0001910505934481,0.0257842637890255,251200.0,1
2022-09-08,17748.150390625,17807.650390625,17691.94921875,17798.75,279800,0.0098925129655895,0.0098439023835124,0.006500522333029,0.0028509792998896,17656.8,17651.49248046875,16942.341953125,17535.90706724589,17147.903263600238,1.0083424967998704,1.0505483863591265,1.0418567001720178,0.0110083124263484,45.96207647497595,175.80052105333743,213.53068704129177,-37.73016598795434,0.0113720705030162,0.0094469564507257,218.43610491071428,-0.2098277322790172,266595.0,1.049532061741593,-0.0017671004916441,-0.0005774531254664,0.0072038500710118,-0.0121907952721076,354100.0,1
2022-09-09,17923.349609375,17925.94921875,17786.0,17833.349609375,270300,0.0019439347917691,0.001942047795601,0.007847612580669,-0.005021382830859,17715.580078125,17666.4224609375,16982.00494140625,17564.23492840104,17174.78351245415,1.0094488371262826,1.0501321646593664,1.0403025156271437,0.0177429756961327,52.09230154807073,179.4716248868972,206.71887461041285,-27.247249723515665,0.0111886764072087,0.0094503420775175,208.32896205357144,-0.0339528234453181,264475.0,1.02202476604594,0.0098925129655895,-0.0017671004916441,-0.0005774531254664,-0.0001910505934481,279800.0,1
2022-09-12,17890.849609375,17980.55078125,17889.150390625,17936.349609375,228200,0.005775695663245,0.0057590802792838,0.0050958189718395,0.0025431995122331,17769.68984375,17680.28994140625,17024.74994140625,17599.674421827134,17204.6488495883,1.0144827753853218,1.053545554037867,1.0385051176819722,0.0214961763181666,63.71101782402873,188.51910937316643,203.0789215629636,-14.559812189797157,0.0112606694211612,0.0094096646295803,202.93610491071428,-0.1557528671846096,260325.0,0.8765965619898204,0.0019439347917691,0.0098925129655895,-0.0017671004916441,0.0072038500710118,270300.0,1
2022-09-13,18044.44921875,18088.30078125,18015.44921875,18070.05078125,259900,0.0074542019299801,0.0074265566640349,0.0040316191349939,0.0014188054281755,17852.580078125,17698.8849609375,17070.54595703125,17644.472170343597,17238.5861802417,1.0209711414663514,1.058551426927682,1.036808371887335,0.0437333071606533,64.72890764076759,204.1248489991849,203.28810705020788,0.8367419489770214,0.0097714354850331,0.0095229996325537,193.7646484375,0.1389132340052585,258125.0,1.0068765133171913,0.005775695663245,0.0019439347917691,0.0098925129655895,-0.0005774531254664,228200.0,0
2022-09-14,17771.150390625,18091.55078125,17771.150390625,18003.75,365900,-0.0036690976717561,-0.0036758453208641,0.0177963141359439,0.0130886073361747,17928.45,17707.8099609375,17115.5799609375,17678.68910650135,17268.592604545946,1.016712402025735,1.0518924886617662,1.0346018073212613,0.0137645745044245,61.65466492538676,208.73640776316824,204.3777671928,4.358640570368266,0.006576792763939,0.0094646922074177,207.7646484375,0.4078491727587534,276420.0,1.3237102959264886,0.0074542019299801,0.005775695663245,0.0019439347917691,-0.0017671004916441,259900.0,0
2022-09-15,18046.349609375,18096.150390625,17861.5,17877.400390625,289600,-0.0070179606679163,-0.0070427023794097,0.0131255319843958,-0.0093619608622805,17944.180078125,17704.46748046875,17156.4209765625,17697.613990703605,17292.4674196863,1.0097677555310278,1.0420238821982415,1.0319441044641502,0.0190733289140823,60.11397596932444,199.8915187789571,203.4805175100314,-3.588998731074298,0.0054917246163334,0.0094913329382064,207.45033482142856,-0.2085269199234763,277760.0,1.042626728110599,-0.0036690976717561,0.0074542019299801,0.005775695663245,0.0098925129655895,365900.0,0
2022-09-16,17796.80078125,17820.05078125,17497.25,17530.849609375,468500,-0.0193848531485446,-0.0195752033704768,0.0184132993233468,-0.01494376293492,17883.680078125,17683.1849609375,17190.8209765625,17681.73166867231,17301.815740850565,0.9913852989775874,1.0197796622555773,1.0286410977722515,-0.0004903009933634,49.32075678722973,163.0387198593744,195.3921579799,-32.353438120525595,0.0087575784448099,0.0104283671825597,218.6146763392857,0.6177486187845305,287990.0,1.6267925969651724,-0.0070179606679163,-0.0036690976717561,0.0074542019299801,0.0019439347917691,289600.0,1
2022-09-19,17540.650390625,17667.19921875,17429.69921875,17622.25,258300,0.0052136885924867,0.0052001443746094,0.013477280143001,0.0046520287194488,17820.86015625,17676.375,17223.46998046875,17676.066747846377,17314.381790228974,0.9969380034085042,1.023153291408959,1.02629580566778,-0.0024652593895558,58.09707264754088,139.5986524952059,184.2334568829612,-44.63480438775528,0.0085970851734491,0.0102498136923824,220.29673549107144,-0.4486659551760938,286125.0,0.9027522935779816,-0.0193848531485446,-0.0070179606679163,-0.0036690976717561,0.005775695663245,468500.0,1
2022-09-20,17770.400390625,17919.30078125,17744.400390625,17816.25,263100,0.0110088098852303,0.0109486540312579,0.0098169025819125,0.0025801112168068,17770.1,17692.6525390625,17257.13697265625,17689.41753376577,17334.062896494503,1.0069858072815605,1.0323989447513604,1.0252368377846406,0.0090991183635413,51.71755680225065,135.1188429934191,174.4105341050528,-39.291691111633696,0.0092923672990342,0.0099237768341647,208.31821986607144,0.0185830429732869,284900.0,0.9234819234819236,0.0052136885924867,-0.0193848531485446,-0.0070179606679163,0.0074542019299801,258300.0,0
2022-09-21,17766.349609375,17838.69921875,17663.599609375,17718.349609375,245500,-0.0054950054374517,-0.0055101585161579,0.0098823882153421,-0.0027017367695314,17713.019921875,17699.69501953125,17287.09197265625,17692.172969538078,17349.132963666285,1.001053949789709,1.0249468006186864,1.0238676954763493,0.0053306334778897,55.70239271969638,122.25948708896247,163.98032470183475,-41.72083761287226,0.0094853376779923,0.0099758148957943,204.6003069196429,-0.0668947168377043,282895.0,0.8678131462203291,0.0110088098852303,0.0052136885924867,-0.0193848531485446,-0.0036690976717561,263100.0,0
2022-09-22,17609.650390625,17722.75,17532.44921875,17629.80078125,284100,-0.0049975776569025,-0.0050101073108318,0.0107942672530022,0.0011442811287001,17663.5,17700.93759765625,17315.36798828125,17686.23276112969,17360.139544748,0.995981183707711,1.018159174738969,1.022267479942439,-0.0094921957300372,52.78098398499495,103.72749845767612,151.92975945300304,-48.20226099532693,0.0090164878328197,0.0100435172854154,206.2360491071429,0.1572301425661915,284000.0,1.0003521126760564,-0.0054950054374517,0.0110088098852303,0.0052136885924867,-0.0070179606679163,245500.0,0
2022-09-23,17593.849609375,17642.150390625,17291.650390625,17327.349609375,390800,-0.0171556772324205,-0.0173045408909074,0.0202281368992728,-0.0151473387528556,17622.8,17691.1826171875,17340.748984375,17652.05341334353,17358.85366492945,0.9794342178425638,0.9992272897201804,1.0202086791711396,-0.028373805879631,40.60146461101897,63.89889538093848,134.32358663859014,-70.42469125765166,0.0102934334294951,0.0107306427893869,221.00739397321428,0.3755719816965857,292030.0,1.3382186761634078,-0.0049975776569025,-0.0054950054374517,0.0110088098852303,-0.0193848531485446,284100.0,0
2022-09-26,17156.30078125,17196.400390625,16978.30078125,17016.30078125,492000,-0.0179513217622564,-0.0181144013493809,0.0128170988617761,-0.0081602672851833,17501.61015625,17664.05263671875,17361.7419921875,17591.505543620337,17345.420218510648,0.9633293747029348,0.9801033092708702,1.0174124603779553,-0.0512952104615593,34.78874299783348,7.152944910492806,108.88945829297067,-101.73651338247788,0.0108224443754208,0.0113985327953892,223.9430803571429,0.2589559877175025,303300.0,1.62215628090999,-0.0171556772324205,-0.0049975776569025,-0.0054950054374517,0.0052136885924867,390800.0,0
2022-09-27,17110.900390625,17176.44921875,16942.349609375,17007.400390625,359900,-0.0005230508522044,-0.0005231876910193,0.0137645733032805,-0.0060487757883686,17339.840234375,17648.77763671875,17383.1169921875,17535.876481430307,17332.164538985722,0.9636588289967828,0.9783861201802094,1.0152826817336986,-0.0588072719600565,35.16186002818225,-38.09765080607031,79.49203647316249,-117.5896872792328,0.0100510085737053,0.0110101123678666,228.77525111607144,-0.2684959349593496,309050.0,1.1645364827697784,-0.0179513217622564,-0.0171556772324205,-0.0049975776569025,0.0110088098852303,492000.0,0
2022-09-28,16870.55078125,17037.599609375,16820.400390625,16858.599609375,323900,-0.0087491784653945,-0.0087876772469355,0.0128835860500071,-0.0007084043686518,17167.890234375,17603.742578125,17399.30498046875,17471.373922186944,17313.5933652755,0.957671332363384,0.9689237373733772,1.011749756549801,-0.0636062148510726,27.10917341231232,-84.98638326712899,46.596352525104194,-131.58273579223317,0.0100462286700742,0.0092131653575315,231.2001953125,-0.1000277854959711,309010.0,1.0481861428432735,-0.0005230508522044,-0.0179513217622564,-0.0171556772324205,-0.0054950054374517,359900.0,0
2022-09-29,16993.599609375,17026.05078125,16788.599609375,16818.099609375,340000,-0.0024023347691036,-0.0024052250050792,0.014118787341623,-0.0103274176180531,17005.55,17567.50751953125,17410.09697265625,17409.15732096676,17294.16223759313,0.9573412500707302,0.9659968945485472,1.0090413365946338,-0.0592536251414664,25.351466181100875,-123.98483310679512,12.48011539872433,-136.46494850551946,0.0101287789528924,0.0089282643489676,238.16462053571428,0.0497066995986414,310585.0,1.0947083729091875,-0.0087491784653945,-0.0005230508522044,-0.0179513217622564,-0.0049975776569025,323900.0,1
2022-09-30,16798.05078125,17187.099609375,16747.69921875,17094.349609375,376100,0.016425755966269,0.0162923125267817,0.0257044228453138,0.0176388815573607,16958.95,17545.2525390625,17425.17296875,17379.175634148494,17286.326448251242,0.9743005734067596,0.9810146298135292,1.006891155142497,-0.024898964381428,31.14393287284892,-131.0892045412147,-16.23374858926348,-114.85545595195124,0.0111310489123229,0.0098299277205506,259.03599330357144,0.1061764705882353,316575.0,1.1880281134012478,-0.0024023347691036,-0.0087491784653945,-0.0005230508522044,-0.0171556772324205,340000.0,0
2022-10-03,17102.099609375,17114.650390625,16855.55078125,16887.349609375,278400,-0.0121092644487904,-0.012183178897324,0.0153428226079455,-0.0125569377389357,16933.159765625,17506.32998046875,17432.50296875,17332.335060360543,17270.680297707077,0.9646424823601334,0.9687277632849248,1.004235020745506,-0.0417029829122274,24.356024064241325,-151.67423396087543,-43.32184566358587,-108.35238829728956,0.0111485491319348,0.0099056545642642,266.689453125,-0.2597713374102632,318980.0,0.872781992601417,0.016425755966269,-0.0024023347691036,-0.0087491784653945,-0.0179513217622564,376100.0,1
2022-10-04,17147.44921875,17287.30078125,17117.30078125,17274.30078125,226000,0.0229136709327191,0.0226550952685504,0.0098412087500828,0.0073976928510914,16986.53984375,17487.2650390625,17445.883984375,17326.80798615954,17270.82227745386,0.98782175158112,0.9901648318148468,1.00237196663262,-0.0304188153371219,36.11446961213402,-135.20572496390378,-61.69862152364946,-73.50710344025433,0.0133250833641907,0.0113669644136651,272.3716517857143,-0.1882183908045976,317720.0,0.7113181417600403,-0.0121092644487904,0.016425755966269,-0.0024023347691036,-0.0005230508522044,278400.0,1
2022-10-06,17379.25,17428.80078125,17315.650390625,17331.80078125,265500,0.0033286441360573,0.0033231164632058,0.0065284843769615,-0.00273022246357,17081.180078125,17472.63505859375,17458.131015625,17327.28349045387,17273.213591328218,0.9919397230657272,0.9927638167990644,1.0008307901318745,-0.0218162998612733,39.33460344610357,-116.17534640543454,-72.59396650000647,-43.58137990542807,0.0134390519796579,0.0114079503069305,266.64662388392856,0.1747787610619469,313290.0,0.847457627118644,0.0229136709327191,-0.0121092644487904,0.016425755966269,-0.0087491784653945,226000.0,0
2022-10-07,17287.19921875,17337.349609375,17216.94921875,17314.650390625,216300,-0.0009895331040011,-0.0009900230150986,0.006953671481013,0.0015879479103373,17180.490234375,17448.430078125,17471.8040234375,17326.080338089214,17274.838563849662,0.9923328524743484,0.9910053001623824,0.9986621905052766,-0.0178760040760174,45.149008450911616,-101.3096924119818,-78.33711168240154,-22.972580729580272,0.013405930544584,0.0111278618770126,252.189453125,-0.1853107344632768,310115.0,0.6974831917192009,0.0033286441360573,0.0229136709327191,-0.0121092644487904,-0.0024023347691036,265500.0,0
2022-10-10,17094.349609375,17280.150390625,17064.69921875,17241.0,234000,-0.0042536458411471,-0.0042627183291925,0.0124964428904935,0.0085788809738963,17209.8203125,17418.81259765625,17486.94703125,17317.977448747384,17273.511561345756,0.9897919220004596,0.9859353933645204,0.9961036976053058,-0.0049834285866939,41.37697971646519,-94.38353092951002,-81.54639553182324,-12.83713539768678,0.0123208693986848,0.0111168941070807,250.61453683035717,0.0818307905686546,308300.0,0.7590009730781706,-0.0009895331040011,0.0033286441360573,0.0229136709327191,0.016425755966269,216300.0,0
2022-10-11,17256.05078125,17261.80078125,16950.30078125,16983.55078125,282600,-0.0149323831999303,-0.0150449936685785,0.0183412764510881,-0.0157915622441313,17229.060546875,17371.17265625,17493.78203125,17286.12728993811,17262.14055036161,0.9776859120181194,0.970833565372625,0.9929912597069648,-0.0019246251239333,31.69168799491557,-108.41871495686792,-86.92085941683217,-21.497855540035744,0.0118630118880316,0.0113540846564918,251.64662388392856,0.2076923076923076,311020.0,0.908623239663044,-0.0042536458411471,-0.0009895331040011,0.0033286441360573,-0.0121092644487904,234000.0,1
2022-10-12,17025.55078125,17142.349609375,16960.05078125,17123.599609375,256000,0.0082461453396196,0.008212331644389,0.0106460576212721,0.0057589225385283,17198.9203125,17323.85009765625,17497.66203125,17270.648463217814,17256.707572283707,0.9884407630432948,0.9786221484214894,0.990066562419406,0.0068322739561099,37.16135995682677,-107.00741455856767,-90.93817044517928,-16.069244113388407,0.0121540251920524,0.0113923713744006,252.1608537946429,-0.0941259731068648,310825.0,0.8236145741172686,-0.0149323831999303,-0.0042536458411471,-0.0009895331040011,0.0229136709327191,282600.0,0
2022-10-13,17087.349609375,17112.349609375,16956.94921875,17014.349609375,266400,-0.0063800837728176,-0.0064005234917517,0.0091334899183788,-0.004272166349306,17135.430078125,17274.380078125,17494.7840234375,17246.239048566116,17247.20333844415,0.9849470448390052,0.9725384198273684,0.9874017338529456,0.0092386084021705,36.832177341103645,-113.39733687262196,-95.43000373066782,-17.967333141954143,0.0119694318515088,0.0114210372511984,249.66796875,0.0406249999999999,305850.0,0.8710152035311427,0.0082461453396196,-0.0149323831999303,-0.0042536458411471,0.0033286441360573,256000.0,1
2022-10-14,17322.30078125,17348.55078125,17169.75,17185.69921875,227000,0.0100708880038873,0.0100205145326987,0.0104040446055825,-0.0078858786846525,17109.63984375,17239.79501953125,17491.6969921875,17240.47335048839,17244.791412181632,0.9968621552216852,0.982506112838899,0.9855987687890572,0.0218573809118176,46.7892101523382,-103.44249421271888,-97.03250182707804,-6.409992385640848,0.0122280983007548,0.0117228107160839,248.50376674107144,-0.1478978978978978,302720.0,0.7498678646934461,-0.0063800837728176,0.0082461453396196,-0.0149323831999303,-0.0009895331040011,266400.0,1
2022-10-17,17144.80078125,17328.55078125,17098.55078125,17311.80078125,212200,0.0073375869608156,0.0073107978348221,0.0132857351413786,0.0097405622923676,17123.8,17228.842578125,17491.0240234375,17247.266439132356,17247.41923057647,1.0048150769704245,0.989753416269548,0.9850105148239928,0.0127206461107911,57.31109053621236,-84.40490031435911,-94.50698152453428,10.102081210175156,0.0113750144869922,0.0111243436182075,249.35379464285717,-0.0651982378854625,289905.0,0.7319639192149152,0.0100708880038873,-0.0063800837728176,0.0082461453396196,-0.0042536458411471,227000.0,1
2022-10-18,17438.75,17527.80078125,17434.05078125,17486.94921875,239500,0.010117285874136,0.0100664487390829,0.0053611409758929,0.0027639147731345,17224.4796875,17222.0775390625,17493.0,17270.09337052451,17256.81256344602,1.0153797751221785,0.9996541027125136,0.9845125215264676,0.0355058445075437,60.96286817268117,-54.55557218527974,-86.51669965668336,31.96112747140361,0.010602246198779,0.0113102096847385,248.0609654017857,0.1286522148916116,288965.0,0.8288200993199869,0.0073375869608156,0.0100708880038873,-0.0063800837728176,-0.0149323831999303,212200.0,1
2022-10-19,17568.150390625,17607.599609375,17472.849609375,17512.25,210500,0.0014468379208691,0.0014457922593648,0.0076946137703607,-0.0031819166720493,17302.209765625,17206.8775390625,17495.605,17293.155906665033,17266.829717820685,1.017747116537806,1.000951381789884,0.983497143371864,0.0137747525508109,65.83723661707627,-28.529334580613067,-74.91922664146931,46.38989206085624,0.0081888871295407,0.0110044818461848,242.17173549107144,-0.1210855949895616,286335.0,0.7351528803674018,0.010117285874136,0.0073375869608156,0.0100708880038873,0.0082461453396196,239500.0,1
2022-10-20,17423.099609375,17584.150390625,17421.0,17563.94921875,249600,0.002952174549244,0.0029478254394111,0.0092889354548368,0.0080840730141502,17412.1296875,17199.15751953125,17498.933984375,17318.94574591122,17278.48146295517,1.0212098586110685,1.003715382573193,0.9828688727489674,0.0133943633688164,67.97358242267183,-3.689132858089579,-60.67320788479336,56.984075026703785,0.0081797866805124,0.0109788821521728,236.86453683035717,0.1857482185273158,286540.0,0.8710825713687443,0.0014468379208691,0.010117285874136,0.0073375869608156,-0.0063800837728176,210500.0,1
2022-10-21,17622.849609375,17670.150390625,17520.75,17576.30078125,277700,0.0007032337856462,0.0007029866326317,0.0085001043441619,-0.0026413905331313,17490.25,17196.48251953125,17499.9580078125,17343.455749276818,17290.16065190791,1.0220869739661795,1.0043624546643724,0.982658501914932,0.0151115029597519,63.30657555432605,16.799914877312403,-45.17858333237221,61.978498209684616,0.0081438617376291,0.0109278556452099,216.15025111607144,0.1125801282051282,286220.0,0.9702326881419888,0.002952174549244,0.0014468379208691,0.010117285874136,0.0100708880038873,249600.0,1
2022-10-24,17736.349609375,17777.55078125,17707.400390625,17730.75,45000,0.0087873563767617,0.008748972260095,0.003956425454366,-0.0003157137459694,17574.03984375,17216.6525390625,17503.8780078125,17380.34091601236,17307.438665558584,1.029860477219429,1.012961241622356,0.9835907523680294,0.0284061249347484,73.98203489721772,44.98187098194467,-27.14649246950884,72.12836345145351,0.0081603011011778,0.0103110032266149,212.01813616071428,-0.8379546272956427,268930.0,0.1673297884207786,0.0007032337856462,0.002952174549244,0.0014468379208691,0.0073375869608156,277700.0,0
2022-10-25,17808.30078125,17811.5,17637.0,17656.349609375,251400,-0.004196122026705,-0.0042049504521588,0.0098831300841112,-0.008532603629145,17607.919921875,17248.65498046875,17503.825,17406.627458237374,17321.121447669033,1.0236363142151024,1.00871378737933,0.9854220423518144,0.0396147329136717,63.21191449123637,60.61406331056787,-9.594381313493496,70.20844462406137,0.0059457500662283,0.0093692773841621,195.9144810267857,4.586666666666667,256900.0,0.9785908913974308,0.0087873563767617,0.0007032337856462,0.002952174549244,0.010117285874136,45000.0,1
2022-10-27,17771.400390625,17783.900390625,17654.5,17736.94921875,324600,0.0045649078749665,0.0045545202832827,0.0072955269268183,-0.0019385738387377,17652.859765625,17285.132421875,17504.6009765625,17438.08667352429,17337.428419083975,1.0261390416831986,1.013273552621885,0.9874622360725988,0.0358189646667046,63.79041672539097,78.6003473550918,8.044564420223564,70.55578293486823,0.0057595537775708,0.0093704906472826,194.12165178571428,0.2911694510739857,255135.0,1.2722676230231054,-0.004196122026705,0.0087873563767617,0.0007032337856462,0.0014468379208691,251400.0,1
2022-10-28,17756.400390625,17838.900390625,17723.69921875,17786.80078125,250000,0.0028106052447454,0.0028066628790527,0.0064767786681705,0.0017120807120935,17697.430078125,17331.54248046875,17503.8319921875,17471.29754092674,17355.050864659115,1.0262676158971014,1.0161661051813566,0.9901570403671808,0.0453999823448658,65.72104910612671,95.77319770502072,25.590291077183,70.18290662783772,0.0046209786983914,0.0090132959510173,193.75027901785717,-0.2298213185459026,251440.0,0.9942729875914732,0.0045649078749665,-0.004196122026705,0.0087873563767617,0.002952174549244,324600.0,1
2022-10-31,17910.19921875,18022.80078125,17899.900390625,18012.19921875,227200,0.0126722303955641,0.0125926096268805,0.0068231751788013,0.0056950790303447,17784.609765625,17391.2474609375,17505.1909765625,17522.811986433717,17380.821388348955,1.0357048428646205,1.0289633082476124,0.993490872748686,0.0480923114899083,73.32163867035226,126.11677977171712,45.695588816089824,80.4211909556273,0.0050204310586324,0.0091901276877292,195.21805245535717,-0.0911999999999999,245800.0,0.9243287225386492,0.0028106052447454,0.0045649078749665,-0.004196122026705,0.0007032337856462,250000.0,1
2022-11-01,18130.69921875,18175.80078125,18060.150390625,18145.400390625,349900,0.0073950532223929,0.0073678438770083,0.0063735375431424,0.0008108441763678,17867.53984375,17443.8,17508.968984375,17582.10612016622,17410.80487863429,1.040220616529942,1.03634887964094,0.9962779656281786,0.0481521027135347,87.99003735990037,159.07874775392338,68.37222060365654,90.70652715026684,0.0050237621537516,0.0087382703403545,184.65387834821428,0.5400528169014085,244490.0,1.4311423780113706,0.0126722303955641,0.0028106052447454,0.0045649078749665,0.0087873563767617,227200.0,0
2022-11-02,18177.900390625,18178.75,18048.650390625,18082.849609375,270900,-0.0034471976315451,-0.0034531529072475,0.0071946408992723,-0.0052289196886028,17952.83984375,17503.575,17515.4569921875,17629.79597628134,17437.159573957455,1.0330946454867076,1.032393823206587,0.9993216281942972,0.0340768640184565,83.03993563369329,178.1009823097338,90.317972944872,87.78300936486181,0.0052346970274068,0.0081382218608671,180.92536272321428,-0.225778793941126,244115.0,1.1097228765131188,0.0073950532223929,0.0126722303955641,0.0028106052447454,-0.004196122026705,349900.0,0
2022-11-03,17968.349609375,18106.30078125,17959.19921875,18052.69921875,213000,-0.0016673473084335,-0.001668738878993,0.0081484525232224,0.0046943437326592,18015.98984375,17542.494921875,17526.6969921875,17670.07247556407,17461.29838355716,1.029083907343122,1.0300114862941354,1.0009013637706263,0.0308612096532427,87.82549053926947,188.5696422416695,109.9683068042315,78.601335437438,0.0054489127735715,0.0068237369020192,180.33258928571428,-0.2137320044296788,243465.0,0.8748690776908385,-0.0034471976315451,0.0073950532223929,0.0126722303955641,0.0045649078749665,270900.0,1
2022-11-04,18053.400390625,18135.099609375,18017.150390625,18117.150390625,267900,0.0035701681556883,0.0035638102334325,0.0065103626236405,0.0035311907242197,18082.059765625,17581.76240234375,17537.49,17712.65132461749,17487.018070108843,1.030451326552444,1.0330526426886055,1.0025244434832892,0.031496400096878,86.79721920017283,199.76404601607285,127.92745464659978,71.83659136947304,0.0054512430681306,0.0068260268130337,164.88602120535714,0.2577464788732395,243585.0,1.099821417574974,-0.0016673473084335,-0.0034471976315451,0.0073950532223929,0.0028106052447454,213000.0,1
2022-11-07,18211.75,18255.5,18064.75,18202.80078125,314800,0.0047275862251119,0.0047164462855731,0.0104791566030038,-0.0004913980671819,18120.180078125,17626.169921875,17549.44703125,17759.33222524916,17515.087980349672,1.0327144729643942,1.037229306931243,1.0043718124273875,0.0356445880050217,86.36131763865686,213.09058673230535,144.96008106374092,68.13050566856447,0.0054025962820693,0.0068042012222935,162.08244977678572,0.1750653228816723,248510.0,1.266749828980725,0.0035701681556883,-0.0016673473084335,-0.0034471976315451,0.0126722303955641,267900.0,0
2022-11-09,18288.25,18296.400390625,18117.5,18157.0,307200,-0.0025161392359563,-0.0025193100341803,0.0098529707895026,-0.0071767391631238,18122.5,17671.969921875,17562.138046875,17797.205346654002,17540.26100072812,1.0274462937787492,1.0338718413177972,1.0062539011313345,0.0240401562257659,80.5720416769148,217.4496023306965,159.45798531713203,57.99161701356448,0.0053616904905978,0.0067236783149364,159.43247767857142,-0.0241423125794154,252170.0,1.2182258000555182,0.0047275862251119,0.0035701681556883,-0.0016673473084335,0.0073950532223929,314800.0,0
2022-11-10,18044.349609375,18103.099609375,17969.400390625,18028.19921875,256500,-0.0070937259046097,-0.0071190060025469,0.0074161161149665,-0.0008950386672074,18111.569921875,17724.20234375,17571.5240234375,17819.204763044097,17559.395832807408,1.0171515123278425,1.0259895040807712,1.0086889628986564,0.0210603900354102,71.50943703486573,208.112021149027,169.188792483511,38.92322866551598,0.0058187828067468,0.0057997591442991,159.357421875,-0.1650390625,250865.0,1.0224622805094374,-0.0025161392359563,0.0047275862251119,0.0035701681556883,-0.0034471976315451,307200.0,1
2022-11-11,18272.349609375,18362.30078125,18259.349609375,18349.69921875,378500,0.0178331732470333,0.0176760277314828,0.005610510049658,0.0042331506909934,18170.969921875,17785.50732421875,17592.26,17869.728044539897,17590.388122452216,1.031722001753809,1.0430552537735347,1.0109847924154571,0.034546527277208,76.74153957416034,224.07132909900972,180.1652998066108,43.90602929239898,0.0076340621181069,0.0065820242559494,171.56821986607142,0.4756335282651072,256990.0,1.4728199540838165,-0.0070937259046097,-0.0025161392359563,0.0047275862251119,-0.0016673473084335,256500.0,0
2022-11-14,18376.400390625,18399.44921875,18311.400390625,18329.150390625,301400,-0.0011198455015547,-0.0011204729970374,0.0048037593804694,-0.0025712326133308,18213.369921875,17851.24736328125,17603.6569921875,17913.48255369086,17619.359191792326,1.026771408048872,1.0412126525050716,1.014064712304019,0.030491689654877,75.4796702824545,232.3823182225169,190.608703489792,41.77361473272492,0.007767608083145,0.0062640080541417,167.18596540178572,-0.2036988110964332,258740.0,1.1648759372342892,0.0178331732470333,-0.0070937259046097,-0.0025161392359563,0.0035701681556883,378500.0,1
2022-11-15,18362.75,18427.94921875,18282.0,18403.400390625,250900,0.0040509242609507,0.0040427413587009,0.0079305571607488,0.0022137419844522,18253.48984375,17912.132421875,17620.868984375,17960.141395303635,17650.10590547204,1.0274265485079843,1.0444093538714745,1.0165294593449548,0.0217186789422012,74.07215839114943,242.16862231389317,200.92068725461223,41.247935059280906,0.0070304290982917,0.0060877808088865,163.23590959821428,-0.1675514266755142,259935.0,0.965241310327582,-0.0011198455015547,0.0178331732470333,-0.0070937259046097,0.0047275862251119,301400.0,1
2022-11-16,18398.25,18442.150390625,18344.150390625,18409.650390625,219300,0.0003396111515991,0.0003395534967851,0.0053232950067267,0.0006196453806747,18304.019921875,17967.02490234375,17638.2730078125,18002.95177581043,17679.891963713333,1.0246354357878975,1.0437331581425708,1.018638553467544,0.014562919214311,78.34080387978544,247.5747736981466,210.25150454331916,37.32326915482747,0.0067981625049335,0.0060529318272664,157.77162388392858,-0.1259465922678357,260290.0,0.8425218026047869,0.0040509242609507,-0.0011198455015547,0.0178331732470333,-0.0025161392359563,250900.0,0
2022-11-17,18358.69921875,18417.599609375,18312.94921875,18343.900390625,200500,-0.0035714963948192,-0.0035778894143715,0.0057049148979506,-0.0008060935008884,18367.16015625,18009.8724609375,17651.835,18035.42307245944,17705.931509866732,1.018546934766584,1.0392064275824582,1.02028329977804,0.0144363740720743,73.09284280081505,243.74398320207183,216.95000027506967,26.79398292700216,0.0068082570642719,0.0059919929217494,156.00376674107142,-0.0857273141814866,258340.0,0.7761090036386158,0.0003396111515991,0.0040509242609507,-0.0011198455015547,-0.0070937259046097,219300.0,0
2022-11-18,18382.94921875,18394.599609375,18209.80078125,18307.650390625,198800,-0.0019761337135545,-0.0019780888419361,0.0100940767483539,-0.0040961233819977,18358.750390625,18049.64248046875,17664.876015625,18061.3494837133,17729.52832872,1.014294350175381,1.0363871433024183,1.0217814415738562,0.0141226067518036,70.02416340408149,235.073204514807,220.5746411230172,14.498563391789844,0.0068246013084386,0.0060688705331519,160.97502790178572,-0.0084788029925186,257755.0,0.7712750480107079,-0.0035714963948192,0.0003396111515991,0.0040509242609507,0.0178331732470333,200500.0,0
2022-11-21,18246.400390625,18262.30078125,18133.349609375,18159.94921875,213800,-0.0080677295405768,-0.0081004497747084,0.0071008553119663,-0.004737985028511,18324.91015625,18079.44248046875,17675.5869921875,18070.73993466917,17746.407579309413,1.004452943632981,1.027402893424506,1.022848208009146,0.0023623377408814,56.04118817700631,213.818532806672,219.22341945974813,-5.404886653076119,0.0073877012787498,0.006487606217571,153.32868303571428,0.0754527162977867,255965.0,0.8352704471314437,-0.0019761337135545,-0.0035714963948192,0.0003396111515991,-0.0011198455015547,198800.0,1
2022-11-22,18179.150390625,18261.849609375,18137.69921875,18244.19921875,177700,0.0046393301536886,0.0046286016308605,0.0068049240822478,0.0035782105724008,18293.069921875,18112.83740234375,17684.4959765625,18087.259866486394,17765.92882007179,1.0072524151511044,1.0316493748495452,1.0242212967985596,0.0022742894347689,54.20812958892851,201.45013152187312,215.66876187217315,-14.218630350300032,0.0073818316176596,0.0065161785374688,150.5107421875,-0.1688493919550981,250965.0,0.7080668619130157,-0.0080677295405768,-0.0019761337135545,-0.0035714963948192,0.0040509242609507,213800.0,1
2022-11-23,18325.19921875,18325.400390625,18246.0,18267.25,178800,0.0012634580983039,0.0012626606067816,0.0043465979074573,-0.0031622695097746,18264.58984375,18139.66240234375,17693.173984375,18104.40178396388,17785.58847418662,1.007033625809914,1.0324461860902951,1.025235066266971,0.0060720383323236,58.12763100126546,191.30286940105725,210.79558337795,-19.49271397689273,0.0073221254875469,0.0063117241413102,147.01799665178572,0.0061902082160945,257655.0,0.6939512138324504,0.0046393301536886,-0.0080677295405768,-0.0019761337135545,0.0003396111515991,177700.0,1
2022-11-24,18326.099609375,18529.69921875,18294.25,18484.099609375,204000,0.0118709498898301,0.0118010428622143,0.0127379328030986,0.008621583608504,18292.6296875,18181.04990234375,17704.128984375,18140.56348162208,17812.98106772342,1.016668438217761,1.0440558598329448,1.026938400549932,0.0252881824242792,66.32727434007731,198.4711899186332,208.33070468608665,-9.859514767453447,0.0075454332047835,0.0065613695965307,155.25711495535714,0.1409395973154361,255285.0,0.7991068805452729,0.0012634580983039,0.0046393301536886,-0.0080677295405768,-0.0035714963948192,178800.0,1
2022-11-25,18528.44921875,18534.900390625,18445.099609375,18512.75,205900,0.0015500019600884,0.0015488019469054,0.0048507531971209,-0.000847303439411,18333.649609375,18219.83994140625,17712.98296875,18176.00981670569,17840.422986636226,1.0160764342351924,1.045151459393428,1.028614998024357,0.0088857468074132,65.38935531664325,204.111116756696,207.4867871002085,-3.3756703435125246,0.0053427160788022,0.006541181634711,153.24651227678572,0.009313725490196,249350.0,0.8257469420493283,0.0118709498898301,0.0012634580983039,0.0046393301536886,-0.0019761337135545,204000.0,1
2022-11-28,18430.55078125,18614.25,18365.599609375,18562.75,206500,0.0027008413120686,0.0026972005940332,0.0133951268333086,0.0071728306071292,18414.209765625,18258.63740234375,17724.16296875,18212.842215114677,17868.749536179905,1.0166558210755208,1.047313209245962,1.0301551297252287,0.0127447047133446,64.40197429910194,210.19241423088897,208.02791252634464,2.1645017045443358,0.0053198673070192,0.0065406406675763,157.38225446428572,0.0029140359397765,247175.0,0.8354404773945585,0.0015500019600884,0.0118709498898301,0.0012634580983039,-0.0080677295405768,205900.0,1
2022-11-29,18552.44921875,18678.099609375,18552.150390625,18618.05078125,195300,0.0029791265437502,0.0029746977400658,0.0067648982285966,0.0035360055012952,18488.980078125,18288.92998046875,17738.9759765625,18251.433507127564,17898.133898731674,1.0179956291118577,1.0495561190143654,1.0310025789895017,0.0116636266162173,68.30798249070091,216.9730667194308,209.81694336496187,7.156123354468917,0.0052684076115979,0.0060677669992916,153.60002790178572,-0.0542372881355932,245580.0,0.7952602003420474,0.0027008413120686,0.0015500019600884,0.0118709498898301,0.0046393301536886,206500.0,1
2022-11-30,18625.69921875,18816.05078125,18616.55078125,18758.349609375,345600,0.0075356346254191,0.0075073835684748,0.0106352639840071,0.0071219012541265,18587.2,18319.57744140625,17763.5259765625,18299.711231151126,17931.86784816867,1.0239509982897874,1.0560037255061343,1.0313029893714465,0.0189411103063408,78.73136450482882,231.00484550852343,214.0545237936742,16.950321714849224,0.005620290447727,0.0060747588741938,158.30008370535714,0.7695852534562213,245365.0,1.4085138467181546,0.0029791265437502,0.0027008413120686,0.0015500019600884,0.0012634580983039,195300.0,1
2022-12-01,18871.94921875,18887.599609375,18778.19921875,18812.5,325000,0.0028867353340049,0.0028825767148602,0.0058153031561461,-0.0031501366425326,18652.880078125,18356.0599609375,17787.3309765625,18348.54825675578,17966.402442358136,1.0248659047766149,1.0576347865111586,1.0319738236795832,0.0255452547929493,73.06391014035702,243.68555981754616,219.98073099844865,23.704828819097543,0.0052849722931428,0.0059581021814621,143.66782924107142,-0.0596064814814815,248070.0,1.3101140807030274,0.0075356346254191,0.0029791265437502,0.0027008413120686,0.0118709498898301,345600.0,0
2022-12-02,18752.400390625,18781.94921875,18639.19921875,18696.099609375,254400,-0.006187396179402,-0.0062066174425393,0.007635282384162,-0.0030023239733163,18689.55,18388.22998046875,17804.92796875,18381.64838557666,17995.01801753527,1.016742754970612,1.0500519655114091,1.0327607060664623,0.0212178630496961,66.6923730289321,241.55804773267664,224.29619434529425,17.261853387382416,0.0058264917087891,0.0061863142562524,147.57505580357142,-0.2172307692307692,250140.0,1.0170304629407532,0.0028867353340049,0.0075356346254191,0.0029791265437502,0.0015500019600884,325000.0,1
2022-12-05,18719.55078125,18728.599609375,18591.349609375,18701.05078125,288400,0.0002648237856262,0.000264788725997,0.0073391597940373,-0.0009882715785322,18717.21015625,18417.425,17824.5819921875,18412.06766135507,18022.70557689663,1.0153998607975872,1.0491719126679466,1.0332598547372578,0.0297964248678248,64.45110329328541,237.53336054814645,226.9436275858647,10.589732962281744,0.0046887574293753,0.0061794117746944,146.95368303571428,0.1336477987421382,251165.0,1.1482491589194357,-0.006187396179402,0.0028867353340049,0.0075356346254191,0.0027008413120686,254400.0,0
2022-12-06,18600.650390625,18654.900390625,18577.900390625,18642.75,217800,-0.0031175136590962,-0.0031223832280691,0.0041302919365436,0.0022633407160976,18722.15,18439.4224609375,17844.8409765625,18434.037407892683,18047.021044469315,1.011026784569486,1.0447137088240506,1.033319517117352,0.021845342537172,60.77265383122569,227.02240814661127,226.959383698014,0.0630244485972468,0.0050076952894247,0.0062188796753593,145.45368303571428,-0.2447988904299584,246315.0,0.8842336033128312,0.0002648237856262,-0.006187396179402,0.0028867353340049,0.0029791265437502,288400.0,0
2022-12-07,18638.849609375,18668.30078125,18528.400390625,18560.5,200500,-0.0044119027503989,-0.0044216639141222,0.0075375335052935,-0.0042035646521656,18682.580078125,18459.5974609375,17869.503984375,18446.08146428386,18067.15747409797,1.0054661288945232,1.038669009292547,1.0330223758353043,0.016053319465163,59.85973971474956,209.6389279671021,223.49529255183165,-13.85636458472959,0.0054261361117061,0.0062927746364638,147.97154017857142,-0.0794306703397612,240980.0,0.8320192547099344,-0.0031175136590962,0.0002648237856262,-0.006187396179402,0.0075356346254191,217800.0,1
2022-12-08,18570.849609375,18625.0,18536.94921875,18609.349609375,202800,0.0026319123609277,0.0026284549446723,0.004731534583328,0.0020731415530156,18641.95,18488.65498046875,17901.3649609375,18461.6308114354,18088.419910775505,1.006528037276576,1.0395491991801962,1.0328069966068385,0.0067760941915977,63.57777488687385,197.52717953766117,218.3016699489976,-20.774490411336444,0.004128940064146,0.005993130638058,141.06096540178572,0.0114713216957607,238295.0,0.8510459724291319,-0.0044119027503989,-0.0031175136590962,0.0002648237856262,0.0028867353340049,200500.0,0
2022-12-09,18662.400390625,18664.69921875,18410.099609375,18496.599609375,215800,-0.0060587824059793,-0.0060772113035933,0.0137646710612666,-0.0088842152016677,18602.05,18496.0,17931.1489453125,18464.961173143933,18104.426957779408,1.0000324183269356,1.031534547272294,1.031501107732149,-0.0008723928441209,65.6428388623786,176.79259396431007,209.9998547520601,-33.207260787750016,0.0046242293705037,0.0048886346503257,150.03585379464286,0.0641025641025641,230160.0,0.937608620090372,0.0026319123609277,-0.0044119027503989,-0.0031175136590962,-0.006187396179402,202800.0,1
2022-12-12,18402.150390625,18521.55078125,18345.69921875,18497.150390625,193900,2.977743269738653e-05,2.977698935843848e-05,0.0095069542489705,0.0051624401487555,18561.269921875,18504.4,17963.9199609375,18468.026812904038,18119.827876714528,0.9996082224025096,1.029683411574256,1.0300869765751448,-0.0035339380951098,62.74501313756557,158.57675483744242,199.71523476913657,-41.13847993169415,0.0045215575587607,0.0048765730058944,153.72879464285714,-0.1014828544949026,224785.0,0.8626020419511978,-0.0060587824059793,0.0026319123609277,-0.0044119027503989,0.0002648237856262,215800.0,1
2022-12-13,18524.400390625,18617.25,18490.19921875,18608.0,187600,0.0059927938646799,0.0059749084955102,0.006827750497098,0.0045129454995643,18554.319921875,18514.62998046875,17999.71796875,18481.35759262746,18138.97188154925,1.005043039997545,1.033793975678178,1.0286066710941089,-0.0005398406830064,65.77323800534502,151.34064738235247,190.0403172917798,-38.699669909427314,0.0048542672039721,0.0049696157152966,157.00376674107142,-0.0324909747292418,221620.0,0.8464939987365762,2.977743269738653e-05,-0.0060587824059793,0.0026319123609277,-0.0031175136590962,193900.0,1
2022-12-14,18671.25,18696.099609375,18632.900390625,18660.30078125,208000,0.0028106610731943,0.0028067185510282,0.0033868274413616,-0.0005864213028051,18574.280078125,18527.1625,18031.0369921875,18498.399801067702,18159.416152125752,1.007186112889656,1.0348989239684412,1.0275150845748615,-0.005226943210185,59.62213277188672,148.1187947764265,181.65601278870912,-33.53721801228261,0.0042278805765395,0.0049946014053326,144.55022321428572,0.1087420042643922,221055.0,0.9409422994277442,0.0059927938646799,2.977743269738653e-05,-0.0060587824059793,-0.0044119027503989,187600.0,0
2022-12-15,18614.400390625,18652.900390625,18387.69921875,18414.900390625,183100,-0.0131509343553336,-0.013238173588299,0.0144014448218255,-0.0107175088003627,18535.390234375,18530.7125,18061.5880078125,18490.447476263635,18169.43514187082,0.9937502613903808,1.019561534825159,1.0259736016558778,-0.0211348629568106,45.67937008960527,124.33048827148376,170.19090788526407,-45.86041961378029,0.0056266257224397,0.005825626755387,157.07882254464286,-0.1197115384615384,220185.0,0.8315734495992007,0.0028106610731943,0.0059927938646799,2.977743269738653e-05,0.0026319123609277,208000.0,0
2022-12-16,18319.099609375,18440.94921875,18255.150390625,18269.0,277700,-0.0079229530179417,-0.007954506384605,0.010170169583721,-0.0027348292461579,18489.8703125,18528.77998046875,18081.4819921875,18469.357240429003,18173.339646111184,0.9859796499962444,1.0103707211551312,1.024737905248835,-0.0228443161032815,38.04196760518139,92.63727693403052,154.68018169501738,-62.04290476098686,0.0057918462011972,0.0060901334269199,152.58942522321428,0.5166575641725832,224130.0,1.2390130727702673,-0.0131509343553336,0.0028106610731943,0.0059927938646799,-0.0060587824059793,183100.0,1
2022-12-19,18288.099609375,18431.650390625,18244.55078125,18420.44921875,154800,0.0082899566889265,0.0082557837296452,0.0101571686527901,0.0072369252247048,18474.530078125,18541.80498046875,18103.2549609375,18464.69933360243,18183.030217587217,0.9934550189775708,1.0175213937215672,1.0242249264277357,-0.0150045880192644,42.53997233421914,78.8321370464655,139.51057276530702,-60.67843571884151,0.0066712054457531,0.0060581647883326,156.95731026785714,-0.4425639178970112,221180.0,0.6998824486843295,-0.0079229530179417,-0.0131509343553336,0.0028106610731943,2.977743269738653e-05,277700.0,0
2022-12-20,18340.30078125,18404.900390625,18202.650390625,18385.30078125,169000,-0.0019081205394395,-0.0019099433205291,0.0110006359105237,0.0024536129770568,18429.990234375,18548.86005859375,18124.66796875,18457.137566711725,18190.962396554383,0.991182246411527,1.0143800048061224,1.0234041302480756,-0.0138096160035402,34.70173342069052,64.31390836479477,124.47123988520458,-60.15733152040981,0.0066496653994098,0.0060119394328611,157.15373883928572,0.0917312661498708,220745.0,0.7655892545697525,0.0082899566889265,-0.0079229530179417,-0.0131509343553336,0.0059927938646799,154800.0,0
2022-12-21,18435.150390625,18473.349609375,18162.75,18199.099609375,187600,-0.0101277196435586,-0.0101793539169421,0.0170667569298318,-0.0128043859826628,18337.75,18545.4525390625,18143.8299609375,18432.562523155844,18191.281502939502,0.9813241047120328,1.003046195238629,1.0221354906317832,-0.0194714792502895,27.30336900011129,37.35265100462857,107.0475221090894,-69.69487110446082,0.0071701724984045,0.0064523317518627,170.10728236607142,0.1100591715976331,221185.0,0.8481587811108349,-0.0019081205394395,0.0082899566889265,-0.0079229530179417,0.0028106610731943,169000.0,0
2022-12-22,18288.80078125,18318.75,18068.599609375,18127.349609375,195700,-0.0039425027358517,-0.0039502948868902,0.0137996119684053,-0.0088278708815354,18280.23984375,18527.6150390625,18166.7059375,18403.494626605287,18188.774369858547,0.9783962788063328,0.9978336013000706,1.0198665131039253,-0.0259009589328784,28.236368582643507,10.079840810711175,87.65398584941374,-77.57414503870257,0.0070015721452447,0.0058447758701098,177.77873883928572,0.0431769722814499,220770.0,0.8864429043801241,-0.0101277196435586,-0.0019081205394395,0.0082899566889265,-0.0131509343553336,187600.0,0
2022-12-23,17977.650390625,18050.44921875,17779.5,17806.80078125,221500,-0.0176831602541178,-0.0178413752680846,0.0152160526800131,-0.0095034448697531,18187.8,18492.317578125,18180.3699609375,18346.666641333355,18173.795013442526,0.9629296439465266,0.9794520584294956,1.0171584856555589,-0.0372932778290435,22.43797195253505,-36.97346219233441,62.728496241064114,-99.70195843339852,0.0084787118889582,0.0069144928074402,187.32868303571428,0.1318344404701072,221550.0,0.9997743173098624,-0.0039425027358517,-0.0101277196435586,-0.0019081205394395,-0.0079229530179417,195700.0,1
2022-12-26,17830.400390625,18084.099609375,17774.25,18014.599609375,176700,0.0116696328935068,0.0116020678589944,0.0171999165173646,0.0103306271712692,18106.630078125,18464.91005859375,18200.3749609375,18315.041209718274,18167.55205642027,0.9756126378200706,0.9897927733927888,1.014534596030247,-0.0260878444008636,32.27314567291528,-56.84069093754806,38.81465880534168,-95.65534974288974,0.0097534988541716,0.0074916925939042,203.96079799107144,-0.2022573363431151,220060.0,0.8029628283195492,-0.0176831602541178,-0.0039425027358517,-0.0101277196435586,0.0082899566889265,221500.0,1
2022-12-27,18089.80078125,18149.25,17967.44921875,18132.30078125,214300,0.0065336546149905,0.0065124028114138,0.0100263493002495,0.0023493901626628,18056.030078125,18440.62255859375,18219.3069921875,18297.637359387965,18166.169653472414,0.9832802945581648,0.9952245049180626,1.0121473098016929,-0.0255642314461521,38.1529602739045,-62.36915911043616,18.577895222186115,-80.94705433262227,0.0098076006297099,0.0076431067774628,206.95368303571428,0.2127900396151669,221010.0,0.969639382833356,0.0116696328935068,-0.0176831602541178,-0.0039425027358517,-0.0019081205394395,176700.0,0
2022-12-28,18084.75,18173.099609375,18068.349609375,18122.5,193900,-0.0005405150382313,-0.0005406611691443,0.0057801076010484,0.0020873940751185,18040.71015625,18408.830078125,18235.5209765625,18280.957610874822,18164.457118042126,0.9844460469834396,0.9938021525840824,1.0095039292699808,-0.0288205848102076,36.23279976758905,-66.7716490993298,1.5079863578829311,-68.27963545721273,0.0096589522138916,0.0073604245992316,208.146484375,-0.0951936537564162,213425.0,0.908515872086213,0.0065336546149905,0.0116696328935068,-0.0176831602541178,-0.0101277196435586,214300.0,1
2022-12-29,18045.69921875,18229.69921875,17992.80078125,18191.0,281100,0.0037798317009243,0.0037727060871833,0.0130228375295475,0.0080518232897857,18053.440234375,18377.755078125,18249.6019921875,18272.39021936294,18165.498015373807,0.9898379819879471,0.9967888619043536,1.007022240046241,-0.0121586533663243,41.13639015812843,-63.9955754541661,-11.592726004526876,-52.40284944963923,0.009123831472127,0.0073923687054247,206.88211495535717,0.4497163486333162,211230.0,1.3307768782843346,-0.0005405150382313,0.0065336546149905,0.0116696328935068,-0.0039425027358517,193900.0,0
2022-12-30,18259.099609375,18265.25,18080.30078125,18105.30078125,192000,-0.0047110779368918,-0.0047222100411233,0.0102151972499421,-0.0084231332001734,18113.140234375,18348.21513671875,18261.4630078125,18256.47693954266,18163.13733952581,0.9867608727247466,0.9914485369274252,1.0047505574372182,-0.0089604914746291,39.16973374949932,-67.92769958739518,-22.859720721100537,-45.067978866294645,0.0089137052869606,0.0073518668755124,207.5319475446429,-0.3169690501600853,208110.0,0.9225890154245352,0.0037798317009243,-0.0005405150382313,0.0065336546149905,-0.0176831602541178,281100.0,1
2023-01-02,18131.69921875,18215.150390625,18086.5,18197.44921875,256100,0.0050895833553579,0.0050766752055361,0.0070696936190619,0.0036262459026458,18149.71015625,18323.03505859375,18274.1330078125,18250.85525184812,18164.48290341696,0.993146013231861,0.9958036975527256,1.0026760257660563,-0.012106110841912,38.5343279609189,-62.88344627767583,-30.8644658324156,-32.01898044526023,0.0086021206485369,0.0074936634241418,207.6462053571429,0.3338541666666665,206495.0,1.240223734230853,-0.0047110779368918,0.0037798317009243,-0.0005405150382313,0.0116696328935068,192000.0,1
2023-01-03,18163.19921875,18251.94921875,18149.80078125,18232.55078125,208700,0.0019289276248581,0.0019270696328715,0.0056025313586427,0.0038182459854543,18169.76015625,18302.52509765625,18287.2580078125,18249.11196893401,18167.152231959437,0.9961767944022538,0.9970084511008088,1.000834848495998,-0.0083082676654264,37.93812207276076,-55.41465084951778,-35.77450283583604,-19.640148013681745,0.0086532506237147,0.0075163626750663,208.64969308035717,-0.1850839515814135,206040.0,1.012910114540866,0.0050895833553579,-0.0047110779368918,0.0037798317009243,0.0065336546149905,256100.0,0
2023-01-04,18230.650390625,18243.0,18020.599609375,18042.94921875,235200,-0.0103990694870288,-0.0104535176122929,0.0123261661898313,-0.0102959119863065,18153.85,18276.64755859375,18293.5019921875,18229.47742129744,18162.281525559065,0.9872132819164712,0.9863037283104952,0.999078665550153,-0.0085801162682005,39.17077891873265,-64.05643547589716,-41.430889363848266,-22.62554611204889,0.0086865190371386,0.0077727731172294,205.5924944196429,0.1269765213224725,207775.0,1.1319937432318614,0.0019289276248581,0.0050895833553579,-0.0047110779368918,-0.0005405150382313,208700.0,0
2023-01-05,18101.94921875,18120.30078125,17892.599609375,17992.150390625,269900,-0.0028154392892826,-0.002819410093268,0.0126555840703535,-0.0060655803857448,18114.080078125,18245.78759765625,18300.2180078125,18206.87484694768,18155.609716345964,0.9860988622347094,0.9831659045233242,0.997025696080068,-0.0074583003948949,41.46709993245773,-74.14940475752155,-47.97459244258293,-26.17481231493862,0.0086491224237426,0.0077189221990795,208.58551897321428,0.1475340136054421,211130.0,1.2783593046937909,-0.0103990694870288,0.0019289276248581,0.0050895833553579,0.0037798317009243,235200.0,0
2023-01-06,18008.05078125,18047.400390625,17795.55078125,17859.44921875,238200,-0.0073755037054461,-0.0074028372147649,0.0141017567949739,-0.008251951546845,18064.909765625,18213.930078125,18302.6680078125,18173.78669188124,18143.99557918534,0.9805379257604194,0.975783924569177,0.995151639659878,0.0029566477519891,32.50701590271281,-91.7978427800772,-56.73924251008179,-35.0586002699954,0.0067863097033968,0.0077641684817373,213.21051897321428,-0.1174509077436087,212250.0,1.12226148409894,-0.0028154392892826,-0.0103990694870288,0.0019289276248581,-0.0047110779368918,269900.0,1
2023-01-09,17952.55078125,18141.400390625,17936.150390625,18101.19921875,257200,0.0135362517084902,0.0134454550995231,0.0113390277362061,0.0082800733617894,18045.659765625,18194.13251953125,18308.9559765625,18166.87359920207,18142.317290540817,0.9948921279604024,0.9886527250336692,0.9937285633774946,0.00480719034854,42.1523308861295,-85.29393703957248,-62.45018141597993,-22.84375562359256,0.0071432176846994,0.0084734006064494,218.90345982142856,0.0797649034424852,215415.0,1.1939744214655432,-0.0073755037054461,-0.0028154392892826,-0.0103990694870288,0.0050895833553579,238200.0,0
2023-01-10,18121.30078125,18127.599609375,17856.0,17914.150390625,283300,-0.0103335047509585,-0.0103872660939372,0.0151611772510928,-0.011431320142279,17981.9796875,18159.4400390625,18306.995,18142.80472219473,18133.36956897549,0.9864924442653592,0.9785412838439624,0.991939968250524,-0.0120310374980422,42.13260052242975,-94.14754775382244,-68.78965468354843,-25.357893070274,0.007545146429754,0.0085457785252251,216.11774553571428,0.1014774494556765,220200.0,1.2865576748410537,0.0135362517084902,-0.0073755037054461,-0.0028154392892826,0.0019289276248581,257200.0,0
2023-01-11,17924.25,17976.349609375,17824.349609375,17895.69921875,259900,-0.0010299775022909,-0.0010305082936186,0.0084936608590707,-0.0015928577904235,17952.5296875,18121.2099609375,18302.0009765625,18119.270864723803,18124.04916308429,0.9875554257870408,0.977800145550598,0.9901217896416616,-0.0125148727410677,43.41022560969512,-101.48311917235333,-75.32834758130942,-26.15477159104391,0.0075419046230904,0.0084773463602713,209.10700334821428,-0.0825979527003176,222795.0,1.1665432348122713,-0.0103335047509585,0.0135362517084902,-0.0073755037054461,-0.0103990694870288,283300.0,0
2023-01-12,17920.849609375,17945.80078125,17761.650390625,17858.19921875,227800,-0.0020954755408891,-0.0020976741216788,0.0103118118668792,-0.0034959498009639,17925.739453125,18093.37490234375,18297.50796875,18094.406898440586,18113.623675071187,0.9870021107248884,0.97599078788487,0.9888436683970906,-0.0182948040926832,51.7427906902818,-109.06531194559284,-82.07574045416611,-26.98957149142673,0.0073322543713418,0.0080622498907221,202.90708705357144,-0.1235090419392074,225030.0,1.0123094698484647,-0.0010299775022909,-0.0103335047509585,0.0135362517084902,-0.0028154392892826,259900.0,1
2023-01-13,17867.5,17999.349609375,17774.25,17956.599609375,256700,0.0055100959183882,0.0054949708747303,0.0125357592345867,0.0049866858472086,17945.16953125,18077.7548828125,18295.5859765625,18081.28239472005,18107.465868573297,0.9932981017707742,0.9814716857048604,0.9880937897245242,-0.0082131290538401,47.8757739805203,-105.9132630206841,-86.84324496746972,-19.070018053214383,0.0075941820465878,0.0080595157863351,196.853515625,0.126865671641791,223980.0,1.1460844718278418,-0.0020954755408891,-0.0010299775022909,-0.0103335047509585,-0.0073755037054461,227800.0,0
2023-01-16,18033.150390625,18049.650390625,17853.650390625,17894.849609375,206200,-0.0034388470725693,-0.0034447734977776,0.0109528721547521,-0.007669252363242,17903.899609375,18051.47490234375,18291.1399609375,18063.526891353857,18099.127976055715,0.991323407432574,0.978334299972073,0.98689720492514,-0.01662868272017,40.93179997523634,-107.16264619324284,-90.90712521262436,-16.255520980618485,0.0073319800493442,0.0077827150540016,197.86774553571428,-0.1967276977015971,226550.0,0.910174354447142,0.0055100959183882,-0.0020954755408891,-0.0010299775022909,0.0135362517084902,256700.0,1
2023-01-17,17922.80078125,18072.05078125,17886.94921875,18053.30078125,219100,0.0088545685118242,0.0088155967034695,0.0102530592462207,0.0072812280621075,17931.7296875,18034.87490234375,18288.1499609375,18062.55297610587,18097.330831161376,1.0010216804389287,0.98715839600019,0.9861508649516364,-0.0098313177432275,47.62675397818463,-94.28030139318798,-91.58176044873709,-2.698540944450897,0.0080012456781731,0.008111740113899,203.6071428571429,0.062560620756547,229055.0,0.9565388225535352,-0.0034388470725693,0.0055100959183882,-0.0020954755408891,-0.0103335047509585,206200.0,1
2023-01-18,18074.30078125,18183.75,18032.44921875,18165.349609375,255800,0.00620655632356,0.0061873749786786,0.0083290872184433,0.0050374744354953,17985.659765625,18033.18740234375,18288.316953125,18072.34313165531,18099.998234228577,1.0073288323402037,0.9932761804126,0.9860495883008166,0.0067838350117286,49.145813360251736,-74.17450876330622,-88.10031011165091,13.925801348344692,0.0075305107133306,0.0079515046128135,197.49302455357144,0.1675034230944774,232465.0,1.1003807024713397,0.0088545685118242,-0.0034388470725693,0.0055100959183882,-0.0010299775022909,219100.0,0
2023-01-19,18119.80078125,18155.19921875,18063.75,18107.849609375,237800,-0.003165367099256,-0.0031703874707042,0.0050502528308305,-0.0006595641982646,18035.58984375,18032.21240234375,18289.9099609375,18075.72470096195,18100.306131293142,1.004194560564372,0.9900458585115326,0.9859103976375976,0.0064305386648104,50.08650347008173,-62.16370816994458,-82.91298972330966,20.74928155336508,0.0075494067165011,0.0079334832328292,190.814453125,-0.070367474589523,234570.0,1.0137698767958392,0.00620655632356,0.0088545685118242,-0.0034388470725693,-0.0020954755408891,255800.0,0
2023-01-20,18115.599609375,18145.44921875,18016.19921875,18027.650390625,237200,-0.0044289753051891,-0.0044388122721841,0.0071695421865521,-0.004854888639981,18049.8,18043.2548828125,18283.468984375,18071.146195215573,18097.45688656106,0.999135162015454,0.986008202602656,0.9868616780673414,0.0094180492250797,44.19015566963874,-58.44277691395109,-78.01894716143795,19.576170247486857,0.0072507818444801,0.0068430234781433,190.85728236607144,-0.0025231286795626,235355.0,1.0078392216014107,-0.003165367099256,0.00620655632356,0.0088545685118242,0.0055100959183882,237800.0,1
2023-01-23,18118.44921875,18162.599609375,18063.44921875,18118.55078125,202500,0.0050422760956287,0.0050296063930943,0.0054723135322503,5.605474219885075e-06,18094.540234375,18048.45244140625,18279.2569921875,18075.660917695044,18098.28409811749,1.003883897529238,0.9912082744388252,0.9873734172630816,0.0009585863505676,46.242835588009626,-47.61018961892478,-71.93719565293532,24.327006034010537,0.0060219649386296,0.0064332316643358,193.2001953125,-0.1462900505902192,236645.0,0.8557121426609479,-0.0044289753051891,-0.003165367099256,0.00620655632356,-0.0034388470725693,237200.0,0
2023-01-24,18183.94921875,18201.25,18078.650390625,18118.30078125,216900,-1.3798013043020418e-05,-1.379810823647804e-05,0.0067666174027684,-0.00361024091688,18107.540234375,18047.75244140625,18273.555,18079.72185708123,18099.06906608347,1.0039089820227085,0.9915038853277318,0.9876432057914428,0.0113960409047273,52.83756590096027,-38.60049655736293,-65.26985583382084,26.66935927645791,0.0047811289323294,0.0062641721585393,186.07156808035717,0.0711111111111111,236775.0,0.9160595502058916,0.0050422760956287,-0.0044289753051891,-0.003165367099256,0.0088545685118242,202500.0,0
2023-01-25,18093.349609375,18100.599609375,17846.150390625,17891.94921875,257200,-0.0124929796250122,-0.0125716729916367,0.0142214364482628,-0.0111311832785591,18052.86015625,18036.22490234375,18263.2009765625,18061.83874866873,18090.946719129217,0.9920007826263576,0.979672141904974,0.9875719445616334,-0.0002095475540888,46.6672989550352,-49.15826342870059,-62.0475373527968,12.889273924096202,0.0064597374583804,0.0068638845540954,187.9821428571429,0.185799907791609,239940.0,1.071934650329249,-1.3798013043020418e-05,0.0050422760956287,-0.0044289753051891,0.00620655632356,216900.0,0
2023-01-27,17877.19921875,17884.75,17493.55078125,17604.349609375,476300,-0.0160742469061787,-0.0162048389496388,0.0222217365270723,-0.0152624360245887,17952.16015625,18006.8923828125,18248.4099609375,18018.26835445028,18071.864479531014,0.9776450725155816,0.9647059468227,0.9867650069983088,-0.0142147372344504,42.30794146989573,-79.81222895122119,-65.60047567248168,-14.211753278739508,0.0082546818006177,0.0076018543980355,197.93568638392856,0.8518662519440123,249700.0,1.907488986784141,-0.0124929796250122,-1.3798013043020418e-05,0.0050422760956287,-0.003165367099256,257200.0,1
2023-01-30,17541.94921875,17709.150390625,17405.55078125,17648.94921875,432400,0.0025334426073457,0.0025302388515036,0.0172021351306546,0.006099664220076,17876.419921875,17984.0748046875,18235.2359375,17983.095103431206,18055.279567343525,0.9813654252677956,0.9678486902632104,0.9862266036110892,-0.017132998302439,34.52312521221617,-99.36152393808516,-72.35268532560238,-27.008838612482776,0.0080284032496182,0.0076199971607895,199.48200334821428,-0.0921688011757295,261720.0,1.6521473330276633,-0.0160742469061787,-0.0124929796250122,-1.3798013043020418e-05,-0.0044289753051891,476300.0,1
2023-01-31,17731.44921875,17735.69921875,17537.55078125,17662.150390625,398300,0.0007479862801675,0.000747706677847,0.0112188172514472,-0.0039082438931004,17785.13984375,17957.30986328125,18225.2799609375,17952.528940306805,18039.862736883977,0.9835632689471052,0.9691017327843816,0.9852967911477578,-0.0130036979259154,40.21133513795657,-112.4925131492928,-80.38065089034046,-32.11186225895233,0.0080382604633922,0.0074904184493918,194.23549107142856,-0.0788621646623496,268830.0,1.4816054755793624,0.0025334426073457,-0.0160742469061787,-0.0124929796250122,0.0050422760956287,432400.0,0
2023-02-01,17811.599609375,17972.19921875,17353.400390625,17616.30078125,512900,-0.0025959245256645,-0.0025992997802722,0.0351264908455481,-0.0109646989831393,17684.73984375,17926.49736328125,18212.7219921875,17920.507210872824,18023.25246411402,0.9826961968227756,0.9672524946466904,0.9842843574382222,-0.0242060997761619,39.37326542619258,-125.15587794412204,-89.33569630109679,-35.82018164302525,0.0072084242764966,0.0074499196960447,227.57826450892856,0.2877228219934722,284040.0,1.8057315871004085,0.0007479862801675,0.0025334426073457,-0.0160742469061787,-1.3798013043020418e-05,398300.0,0
2023-02-02,17517.099609375,17653.900390625,17445.94921875,17610.400390625,490100,-0.0003349392530399,-0.0003349953577196,0.0118084295224601,0.005326268807655,17628.430078125,17904.869921875,18199.585,17890.97322799208,18007.062186722294,0.9835536626328552,0.967626481077728,0.9838064945917724,-0.0305498782398107,40.34300659007424,-134.1217262184873,-98.2929022845749,-35.82882393391242,0.0066102800977767,0.0071636256069267,229.2783203125,-0.044453109767986,296785.0,1.6513637818622908,-0.0025959245256645,0.0007479862801675,0.0025334426073457,-0.0124929796250122,512900.0,1
2023-02-03,17721.75,17870.30078125,17584.19921875,17854.05078125,424100,0.0138355963078902,0.0137407582052342,0.016024462235789,0.0074654467673903,17678.3703125,17897.96494140625,18186.9840234375,17887.456804492835,18001.061739448873,0.9975464160143336,0.981693872840134,0.9841084656115168,-0.0140159562620622,46.40998817118282,-120.1813001018927,-102.67058184803848,-17.510718253854236,0.0084876283701749,0.0078885803372067,233.63560267857144,-0.1346663946133441,304495.0,1.392797911295752,-0.0003349392530399,-0.0025959245256645,0.0007479862801675,-0.0160742469061787,490100.0,0
2023-02-06,17818.55078125,17823.69921875,17698.349609375,17764.599609375,282500,-0.0050101331608701,-0.0050227259566789,0.007056146050646,-0.0030278091937629,17701.500390625,17893.2224609375,18172.021015625,17875.756119243517,17991.78871474009,0.9928116440823728,0.9775797416313968,0.9846578124443188,-0.0145915177824169,45.526985114991255,-115.02543238117504,-105.1415519546658,-9.883880426509265,0.0085127404088424,0.0077945349905659,228.58914620535717,-0.3338835180381985,306710.0,0.9210655016139024,0.0138355963078902,-0.0003349392530399,-0.0025959245256645,0.0025334426073457,424100.0,0
2023-02-07,17790.099609375,17811.150390625,17652.55078125,17721.5,354400,-0.0024261514654264,-0.0024290993398515,0.0089495589749739,-0.0038560553836837,17713.3703125,17874.2375,18155.196015625,17861.065060267945,17981.189157299304,0.9914548802431432,0.9761117414952862,0.9845246222963828,-0.0219140474336881,37.62492934025653,-113.1132492181532,-106.73589140736328,-6.377357810789945,0.0082010430431642,0.007102288932939,226.69614955357144,0.2545132743362832,311570.0,1.1374650961260713,-0.0050101331608701,0.0138355963078902,-0.0003349392530399,0.0007479862801675,282500.0,1
2023-02-08,17750.30078125,17898.69921875,17744.150390625,17871.69921875,291000,0.0084755364246817,0.0084398207303899,0.0086476851603934,0.0068392326978614,17764.45,17872.11494140625,18140.268984375,17862.077837266235,17976.89543421894,0.999976739034098,0.9851948300294592,0.9852177471458816,-0.0136106341029065,39.35086220696083,-98.34435607939304,-105.05758434176924,6.713228262376191,0.0088622832187434,0.0070484512704567,228.54603794642856,-0.1788939051918735,311955.0,0.9328268500264462,-0.0024261514654264,-0.0050101331608701,0.0138355963078902,-0.0025959245256645,354400.0,1
2023-02-09,17885.5,17916.900390625,17779.80078125,17893.44921875,260900,0.0012170079483646,0.0012162679944837,0.0076620000816465,0.0004444504626652,17821.059765625,17872.00244140625,18122.9709765625,17865.065587883735,17973.623033612315,1.0012000209497545,0.987335312840851,0.9861519098893434,8.383658938782013e-05,42.0178675047301,-83.91750981877703,-100.8295694371708,16.91205961839377,0.0079517466651006,0.0070510568516104,231.80678013392856,-0.1034364261168384,312005.0,0.8362045480040384,0.0084755364246817,-0.0024261514654264,-0.0050101331608701,-0.0003349392530399,291000.0,0
2023-02-10,17847.55078125,17876.94921875,17801.0,17856.5,232000,-0.0020649578680046,-0.0020670928330845,0.0042533093691372,0.0005014255938916,17821.549609375,17871.91748046875,18103.8509765625,17864.249817609092,17969.029973470657,0.9991373348447028,0.9863371071225276,0.987188720433348,0.0143231869520883,43.41603641319783,-74.60561626907656,-95.58477880355196,20.979162534475392,0.0056815873560295,0.0070505827515233,227.99958147321428,-0.1107704101188195,312215.0,0.7430776868504075,0.0012170079483646,0.0084755364246817,-0.0024261514654264,0.0138355963078902,260900.0,0
2023-02-13,17859.099609375,17880.69921875,17719.75,17770.900390625,231300,-0.0047937507000251,-0.0048052775756446,0.0090568972428042,-0.0049386150858187,17822.809765625,17862.63251953125,18085.3469921875,17855.35939599156,17961.260185908082,0.9948645795178316,0.9826131839384484,0.9876853635845384,0.0069098262091116,36.57151392889421,-73.28822558889806,-91.12546816062118,17.837242571723124,0.0059879141547523,0.007003746535648,229.85672433035717,-0.0030172413793103,310945.0,0.7438614545980801,-0.0020649578680046,0.0012170079483646,0.0084755364246817,-0.0050101331608701,232000.0,1
2023-02-14,17840.349609375,17954.55078125,17800.05078125,17929.849609375,244500,0.0089443537049958,0.0089045899051629,0.0086169155551207,0.0050167178311891,17864.4796875,17864.38251953125,18069.92296875,17862.453702028077,17960.02839859306,1.003664671296205,0.9922482591864258,0.9886252725274915,0.0151566605894202,43.515771901835045,-58.74117868175745,-84.64861026484844,25.907431583091,0.0065280715465616,0.0072715538951732,234.2174944196429,0.0570687418936446,312860.0,0.7814997123313943,-0.0047937507000251,-0.0020649578680046,0.0012170079483646,-0.0024261514654264,231300.0,1
2023-02-15,17896.599609375,18034.099609375,17853.80078125,18015.849609375,229300,0.0047964707944361,0.0047850043793272,0.0100077893651586,0.0066632769689685,17893.309765625,17862.5099609375,18057.3849609375,17877.06283606112,17962.21746568255,1.0085844401919344,0.9976998135858348,0.9892080165305462,0.0226806315972001,54.71894047932539,-39.81410570686057,-75.68170935325088,35.86760364639031,0.0064292062590378,0.0070702907870089,228.92103794642856,-0.0621676891615542,313370.0,0.7317228834923573,0.0089443537049958,-0.0047937507000251,-0.0020649578680046,0.0084755364246817,244500.0,1
2023-02-16,18094.75,18134.75,18000.650390625,18035.849609375,230200,0.0011101336008929,0.0011095178582493,0.0074351700795561,-0.0032551093894637,17921.78984375,17856.0349609375,18046.891953125,17892.185385900535,17965.105000729312,1.010070245092534,0.9993881304449164,0.9894243843935436,0.0241589747713226,70.6419978248764,-22.936038781150277,-65.13257523883077,42.196536457680494,0.0063809011239954,0.0069221039136114,210.55678013392856,0.0039249890972525,312090.0,0.73760774135666,0.0047964707944361,0.0089443537049958,-0.0047937507000251,0.0012170079483646,229300.0,0
2023-02-17,17974.849609375,18034.25,17884.599609375,17944.19921875,208100,-0.0050815676893513,-0.005094522761127,0.0083397642213328,-0.0017051820344028,17939.3296875,17847.85244140625,18033.5889453125,17897.13908426715,17964.28516614189,1.0053982280310785,0.9950431538151626,0.989700524700352,0.0050491867982516,63.51567864499886,-16.762244985722646,-55.45850918820914,38.696264202486496,0.0053545236495966,0.0069764113804799,199.56040736607144,-0.0960034752389227,310605.0,0.6699827755509409,0.0011101336008929,0.0047964707944361,0.0089443537049958,-0.0020649578680046,230200.0,0
2023-02-20,17965.55078125,18004.349609375,17818.400390625,17844.599609375,174600,-0.0055505184801407,-0.0055659798467826,0.0104204758201639,-0.006732394311074,17954.06953125,17838.69990234375,18020.5489453125,17892.13532475361,17959.59161489613,1.0003307251685127,0.9902361833442777,0.9899087955910436,0.0045033381983898,57.73976416313707,-19.67947230428399,-48.302701811424114,28.623229507140124,0.0054191878491376,0.0070147447641219,198.68903459821428,-0.1609802979336857,307475.0,0.5678510448003903,-0.0050815676893513,0.0011101336008929,0.0047964707944361,-0.0047937507000251,208100.0,0
2023-02-21,17905.80078125,17924.900390625,17800.30078125,17826.69921875,198200,-0.001003126492992,-0.0010036299610954,0.0069894941203667,-0.0044176500937523,17933.439453125,17824.10732421875,18007.139921875,17885.903314658026,17954.380148380595,1.0001454151102271,0.9899794912513672,0.989835554205146,0.00593624798973,59.14219954579247,-23.16873316151396,-43.27590808144208,20.107174919928127,0.0053534094408067,0.0068926321370498,163.38909040178572,0.1351660939289805,307260.0,0.6450563041072707,-0.0055505184801407,-0.0050815676893513,0.0011101336008929,0.0089443537049958,174600.0,0
2023-02-22,17755.349609375,17772.5,17529.44921875,17554.30078125,204000,-0.0152803631315826,-0.0153983109464969,0.0138456543657726,-0.0113232818586035,17841.1296875,17795.90732421875,17986.0659375,17854.32212100012,17938.690761434296,0.9864234771193744,0.9759944638393774,0.9894274482289772,-0.0177598354591265,48.020755094024985,-47.36824328428338,-44.09437512201034,-3.27386816227304,0.0066265528792932,0.0076190545442391,165.89620535714286,0.0292633703329969,306615.0,0.6653294848588621,-0.001003126492992,-0.0055505184801407,-0.0050815676893513,0.0047964707944361,198200.0,0
2023-02-23,17574.650390625,17620.05078125,17455.400390625,17511.25,240800,-0.0024524349779846,-0.0024554471223785,0.0094025492540509,-0.0036074908584708,17736.209765625,17776.87236328125,17963.084921875,17821.648585666775,17921.928378632954,0.9850579810748992,0.974846474097288,0.9896335980482404,-0.0213597285843304,35.9114975485553,-69.22241475329429,-49.11998304826713,-20.10243170502716,0.006542540960011,0.0071738057775424,157.22112165178572,0.1803921568627451,305795.0,0.7874556483918965,-0.0152803631315826,-0.001003126492992,-0.0055505184801407,0.0011101336008929,204000.0,0
2023-02-24,17591.349609375,17599.75,17421.80078125,17465.80078125,209400,-0.002595429723749,-0.0025988036906682,0.01018843744863,-0.0071369639574493,17640.530078125,17769.944921875,17944.1029296875,17787.75831857946,17904.04102187284,0.9828843509666372,0.9733448838143826,0.9902944154692536,-0.0218799439279814,37.25908566231768,-89.18134814350924,-57.13225606731556,-32.04909207619368,0.006543870469202,0.0062490841120857,160.97823660714286,-0.1303986710963455,292450.0,0.7160198324499915,-0.0024524349779846,-0.0152803631315826,-0.001003126492992,-0.0050815676893513,240800.0,0
2023-02-27,17428.599609375,17451.599609375,17299.0,17392.69921875,246400,-0.0041854114458053,-0.0041941947968163,0.0087737738378463,-0.0020598551478392,17550.15,17757.132421875,17926.5769140625,17750.133642405228,17883.988402142535,0.9794767987044992,0.9702186481071184,0.9905478612565136,-0.0212820489430304,36.32956003443067,-109.6338411342076,-67.63257308069397,-42.00126805351364,0.0065197748885932,0.0062642893066016,160.54966517857142,0.1766953199617955,283150.0,0.8702101359703337,-0.002595429723749,-0.0024524349779846,-0.0152803631315826,-0.0055505184801407,209400.0,0
2023-02-28,17383.25,17440.44921875,17255.19921875,17303.94921875,420900,-0.0051027157362857,-0.0051157790480877,0.0107056486157084,-0.0045619076553578,17445.6,17739.22236328125,17904.2469140625,17707.6398877714,17861.24176749969,0.975462670481417,0.966471770737198,0.9907829381725274,-0.0349082900448721,25.12374458296536,-131.48825768094684,-80.40371000074455,-51.08454768020229,0.0052648622508653,0.0063283091194471,161.12472098214286,0.708198051948052,284280.0,1.480582524271845,-0.0041854114458053,-0.002595429723749,-0.0024524349779846,-0.001003126492992,246400.0,1
2023-03-01,17360.099609375,17467.75,17345.25,17450.900390625,272900,0.008492348770636,0.0084564916412935,0.0070196951021398,0.0052304297379126,17424.919921875,17730.95234375,17885.55890625,17683.18850709079,17845.149948798724,0.9842054759555138,0.9756977951931314,0.9913557880237124,-0.0313584555266277,32.5265935706563,-135.38962151892338,-91.40089230438032,-43.98872921454304,0.0059891395878212,0.0066577980686891,163.03194754464286,-0.3516274649560466,272280.0,1.0022770677244013,-0.0051027157362857,-0.0041854114458053,-0.002595429723749,-0.0152803631315826,420900.0,0
2023-03-02,17421.5,17445.80078125,17306.0,17321.900390625,310700,-0.0073921687198044,-0.0074196261962128,0.0080707530985262,-0.0057170513087277,17387.05,17716.52734375,17868.014921875,17648.780115046426,17824.63035828211,0.9777254906975764,0.969436194583573,0.9915218574202364,-0.0395850062077968,30.322458199197413,-147.19394222937262,-102.5595022893788,-44.63443993999383,0.0059163098550182,0.0068362233223523,167.5927734375,0.1385122755588128,263310.0,1.179977972731761,0.008492348770636,-0.0051027157362857,-0.0041854114458053,-0.0024524349779846,272900.0,1
2023-03-03,17451.25,17644.75,17427.69921875,17594.349609375,356200,0.0157285986298278,0.0156061861385825,0.0123363912886183,0.0081999632905952,17412.759765625,17703.54228515625,17857.354921875,17643.59625736343,17815.59974067791,0.9938321566372168,0.9852718774056608,0.991386594633322,-0.0194965294973675,44.287306867820746,-133.0310769913558,-108.6538172297742,-24.3772597615816,0.0085439449592355,0.0070546624255088,179.15708705357142,0.1464435146443514,259915.0,1.370448031087086,-0.0073921687198044,0.008492348770636,-0.0051027157362857,-0.002595429723749,310700.0,1
2023-03-06,17680.349609375,17799.94921875,17671.94921875,17711.44921875,362800,0.0066555236183669,0.006633473404126,0.0072269636673488,0.0017589928967529,17476.509765625,17700.884765625,17855.447890625,17650.058444162154,17811.51540648466,1.000596831924781,0.9919353088896412,0.991343643354858,-0.0074616631103926,42.73645291078428,-111.07751200298298,-109.13855618441596,-1.938955818567024,0.0088391199092284,0.0071622482393732,180.72488839285717,0.0185289163391353,263930.0,1.374606903345584,0.0157285986298278,-0.0073921687198044,0.008492348770636,-0.0041854114458053,356200.0,1
2023-03-08,17665.75,17766.5,17602.25,17754.400390625,267000,0.0024250512391459,0.0024221155475668,0.0092512276611003,0.0050182070178169,17566.6,17702.52978515625,17850.24390625,17659.995772396713,17809.275601941143,1.0029301238917978,0.9946306887385756,0.9917248121723404,-0.0040556486222057,41.048415139761936,-89.1852805718845,-105.14790106190968,15.962620490025174,0.0088943657873932,0.007163141132202,179.57854352678572,-0.2640573318632855,259560.0,1.0286638927415626,0.0066555236183669,0.0157285986298278,-0.0073921687198044,-0.0051027157362857,362800.0,0
2023-03-09,17772.05078125,17772.349609375,17573.599609375,17589.599609375,262400,-0.0092822498999752,-0.0093255984380825,0.0112992907407664,-0.0102661856034921,17594.33984375,17688.4248046875,17839.3898828125,17653.291375918456,17800.660857134626,0.9944130019261912,0.98599782419251,0.9915375425327496,0.0020108364647997,36.09945025661991,-84.1633919939959,-100.95099924832692,16.78760725433102,0.007909870631234,0.0071750740617169,184.19642857142856,-0.0172284644194756,258130.0,1.0165420524541895,0.0024250512391459,0.0066555236183669,0.0157285986298278,0.008492348770636,267000.0,0
2023-03-10,17443.80078125,17451.5,17324.349609375,17412.900390625,235900,-0.010045664635585,-0.0100964628118636,0.0073020799391614,-0.0017714253339911,17612.53984375,17664.39736328125,17825.197890625,17630.3969963667,17785.454564330328,0.985762493478604,0.9768699622562482,0.9909790326968362,-0.0056163671568277,34.282970661545235,-93.36540110540228,-99.433879619742,6.068478514339731,0.0085390292865161,0.0074488189654573,182.5892857142857,-0.1009908536585365,256880.0,0.9183276237932108,-0.0092822498999752,0.0024250512391459,0.0066555236183669,-0.0073921687198044,262400.0,0
2023-03-13,17421.900390625,17529.900390625,17113.44921875,17154.30078125,254900,-0.0148510359316261,-0.0149624166878137,0.0242767791695823,-0.0153599551928904,17524.530078125,17629.28740234375,17804.46390625,17585.05449968892,17760.70343558208,0.9730569585568952,0.963483139485499,0.9901610907900038,-0.0178348536034147,31.33521548050203,-120.13998789661493,-103.5751012751166,-16.564886621498317,0.0096847105526012,0.008047210563851,199.0537109375,0.0805426027977955,258025.0,0.987888770467978,-0.010045664635585,-0.0092822498999752,0.0024250512391459,0.0157285986298278,235900.0,0
2023-03-14,17160.55078125,17224.650390625,16987.099609375,17043.30078125,290600,-0.0064706805258611,-0.0064917061281422,0.0139380736336789,-0.006832531280296,17390.900390625,17592.907421875,17783.22390625,17533.45890745664,17732.569998157294,0.9687597605418182,0.9583920705885084,0.9892979762624416,-0.0200887989325622,29.83323579276349,-148.6028124436125,-112.58064350881575,-36.022168934796724,0.0097746643759735,0.0080868248466399,207.12165178571428,0.1400549234994115,260990.0,1.1134526227058508,-0.0148510359316261,-0.010045664635585,-0.0092822498999752,0.0066555236183669,254900.0,0
2023-03-15,17166.44921875,17211.349609375,16938.900390625,16972.150390625,248200,-0.0041746837386849,-0.0041834220591396,0.0160527223998966,-0.0113185217076096,17234.450390625,17545.0224609375,17758.7179296875,17480.000953472674,17702.749621391322,0.9673484561454424,0.9557080898420272,0.9879667288147664,-0.0191747458300139,33.28165542803103,-174.88508149817062,-125.04153110668672,-49.84355039148389,0.0097463588249032,0.0076690352013407,209.22154017857144,-0.1459050240880935,261175.0,0.9503206662199676,-0.0064706805258611,-0.0148510359316261,-0.010045664635585,0.0024250512391459,290600.0,1
2023-03-16,16994.650390625,17062.44921875,16850.150390625,16985.599609375,349800,0.0007924286811309,0.0007921148752918,0.0124987538272022,-0.0005325664866276,17113.650390625,17493.5099609375,17733.77890625,17432.91511117766,17674.62609150833,0.9709657837279856,0.9578104982119,0.9864513397520804,-0.0266634254298975,34.64313796200456,-192.41073830447203,-138.5153725462438,-53.89536575822822,0.0091194942239298,0.0075130893684889,212.625,0.4093473005640613,267200.0,1.309131736526946,-0.0041746837386849,-0.0064706805258611,-0.0148510359316261,-0.0092822498999752,248200.0,1
2023-03-17,17111.80078125,17145.80078125,16958.150390625,17100.05078125,408100,0.0067381296219788,0.0067155298897271,0.0109736744659703,-0.0006866606355582,17051.08046875,17446.72001953125,17714.9209375,17401.213746422643,17652.09372640016,0.9801298331208868,0.9652908326026788,0.9848601685034336,-0.0128074636369038,39.72873829520224,-194.81894302245928,-149.77608664148693,-45.04285638097235,0.009398317140426,0.0077723911907607,213.31794084821428,0.1666666666666667,276095.0,1.478114417139028,0.0007924286811309,-0.0041746837386849,-0.0064706805258611,-0.010045664635585,349800.0,0
2023-03-20,17066.599609375,17066.599609375,16828.349609375,16988.400390625,241800,-0.0065292432199922,-0.0065506519680019,0.0140242750654427,-0.0045820034769576,17017.900390625,17398.930078125,17694.8459375,17361.898188727628,17626.06653676192,0.9764048889410654,0.960076196799326,0.9832767202144508,-0.0344399896673148,38.88679510677752,-203.3921380733373,-160.49929692785702,-42.89284114548025,0.0073643252652032,0.0078031162474014,219.43582589285717,-0.4074981622151433,277780.0,0.8704730362157103,0.0067381296219788,0.0007924286811309,-0.0041746837386849,-0.0148510359316261,408100.0,1
2023-03-21,17060.400390625,17127.69921875,17016.0,17107.5,246700,0.007010642946744,0.0069861826445701,0.0065292543475084,0.0027607563888642,17030.740234375,17362.07509765625,17679.806953125,17337.669789801188,17605.730594143803,0.9853372885312186,0.9676293437681546,0.9820285449772634,-0.034099367662734,44.68870000887135,-198.29034611948373,-168.05750676618237,-30.23283935330136,0.0074189187557077,0.0080640145492255,216.15359933035717,0.020264681555004,281385.0,0.876734722888569,-0.0065292432199922,0.0067381296219788,0.0007924286811309,-0.0064706805258611,241800.0,1
2023-03-22,17177.44921875,17207.25,17107.849609375,17151.900390625,0,0.0025953757489405,0.0025920135774438,0.0057952989675319,-0.0014873470327079,17066.690234375,17328.33515625,17660.8209765625,17319.977466070122,17587.933331260712,0.9898181352083693,0.9711836393895344,0.9811738185470688,-0.033935249106928,41.44149684355999,-188.49158512436043,-172.144322437818,-16.34726268654242,0.0074340889213725,0.0081297729553184,211.5785435267857,-1.0,271475.0,0.0,0.007010642946744,-0.0065292432199922,0.0067381296219788,-0.0041746837386849,246700.0,0
2023-03-23,17097.400390625,17205.400390625,17045.30078125,17076.900390625,219200,-0.0043726933046436,-0.0043822814890137,0.0093752148055447,-0.0011990126879897,17084.950390625,17304.46513671875,17644.0759765625,17296.827268408684,17567.8928237848,0.9868493626185026,0.9678546166605206,0.9807521323137084,-0.029147861812428,42.7634721488288,-184.64934690739028,-174.64532733173246,-10.00401957565782,0.0071594389649836,0.0075194789921439,213.02845982142856,0.0,272235.0,0.805186695318383,0.0025953757489405,0.007010642946744,-0.0065292432199922,0.0007924286811309,0.0,0
2023-03-24,17076.19921875,17109.44921875,16917.349609375,16945.05078125,228000,-0.0077209333285906,-0.0077508940504488,0.0113366204595598,-0.0076801890057593,17053.950390625,17276.15517578125,17625.0630078125,17263.32474582214,17543.467645646182,0.980834601729243,0.9614178839382828,0.9802038817179494,-0.0268679886107249,29.084578729551158,-190.0526978054077,-177.72680142646752,-12.325896378940143,0.0069344760718512,0.0076514636235683,203.6891741071429,0.0401459854014598,271595.0,0.8394852629834865,-0.0043726933046436,0.0025953757489405,0.007010642946744,0.0067381296219788,219200.0,1
2023-03-27,16984.30078125,17091.0,16918.55078125,16985.69921875,218400,0.0023988383407489,0.002395965721106,0.0101526122963274,8.233706633032666e-05,17053.41015625,17252.15009765625,17607.6130078125,17236.884219434316,17521.594374003194,0.984555497291758,0.9646792674971584,0.9798119762174162,-0.0098285301540407,25.41080806369642,-188.87763927473495,-179.95696899612102,-8.920670278613954,0.0055684725009642,0.0076999971776485,201.3212890625,-0.0421052631578947,272045.0,0.8028083589112095,-0.0077209333285906,-0.0043726933046436,0.0025953757489405,-0.0065292432199922,228000.0,0
2023-03-28,17031.75,17061.75,16913.75,16951.69921875,238800,-0.0020016838613549,-0.002003689907923,0.0087306881799967,-0.0047000913734642,17022.25,17230.10009765625,17587.515,17209.723743178667,17499.245544385423,0.9838421786682412,0.963848458338202,0.9796779191179794,-0.0053746374411683,22.63765294586825,-188.51680835440857,-181.6689368677785,-6.8478714866300265,0.0052471688742268,0.007673599126109,200.1605747767857,0.0934065934065933,271665.0,0.8790237976920103,0.0023988383407489,-0.0077209333285906,-0.0043726933046436,0.007010642946744,218400.0,1
2023-03-29,16977.30078125,17126.150390625,16940.599609375,17080.69921875,345900,0.0076098565893214,0.0075810476927372,0.0108631841632288,0.0060903932157575,17008.009765625,17218.93759765625,17571.2319921875,17197.43569323308,17482.83196298796,0.991971724264506,0.972083188381122,0.9799505012119876,0.0063957027027619,32.21869024432522,-175.7951680794613,-180.4941831101151,4.699015030653811,0.0056431480357064,0.0078627955868864,199.2177734375,0.4484924623115578,267915.0,1.291081126476681,-0.0020016838613549,0.0023988383407489,-0.0077209333285906,0.0025953757489405,238800.0,1
2023-03-31,17210.349609375,17381.599609375,17204.650390625,17359.75,263900,0.0163371989446239,0.0162051828184336,0.0101930741370123,0.0086808457710595,17064.5796875,17214.380078125,17557.3609765625,17212.894198639453,17478.005219341376,1.0084446794607334,0.988744836036219,0.980465122355498,0.022027505606484,48.266853485335794,-141.56424607681765,-172.70819570345563,31.143949626637976,0.0074920521978199,0.0085001649690282,211.62848772321428,-0.2370627348944781,267465.0,0.9866711532350028,0.0076098565893214,-0.0020016838613549,0.0023988383407489,-0.0043726933046436,345900.0,1
2023-04-03,17427.94921875,17428.05078125,17312.75,17398.05078125,230200,0.0022062979737611,0.0022038676723761,0.0066272240896239,-0.0017155453647887,17155.1796875,17218.18759765625,17542.015,17230.528158888075,17474.86975118093,1.010446115920948,0.9917931766248064,0.9815398970788848,0.0174268488329141,59.28181923657037,-110.07654690292838,-160.18186594335018,50.10531904042179,0.0073224250786613,0.0083446126558555,190.11774553571428,-0.1276998863205759,263440.0,0.8738232614637109,0.0163371989446239,0.0076098565893214,-0.0020016838613549,-0.0077209333285906,263900.0,1
2023-04-05,17422.30078125,17570.55078125,17402.69921875,17557.05078125,248300,0.0091389548173612,0.0090974472685303,0.0095603506871015,0.0077343401248713,17269.45,17216.32265625,17530.9990234375,17261.625551493973,17478.092536673834,1.019790993222139,1.001486039545018,0.9820502889329464,0.0334728625149904,68.873285518714,-71.46850285611436,-142.439193325903,70.97069046978865,0.0070226439230821,0.0078236014695023,185.47126116071428,0.078627280625543,258045.0,0.9622352690422212,0.0022062979737611,0.0163371989446239,0.0076098565893214,0.0023988383407489,230200.0,1
2023-04-06,17533.849609375,17638.69921875,17502.849609375,17599.150390625,242700,0.0023978747854371,0.0023950044712142,0.0077191004315393,0.0037242694961342,17398.940234375,17210.70771484375,17522.4290234375,17293.770774268356,17482.83990349545,1.0225698258443046,1.0043784664263655,0.9822101543012786,0.0287388800599153,73.53603603603604,-37.047206027633365,-121.36079586624908,84.31358983861573,0.0069033962571404,0.0076876573146357,175.71414620535714,-0.0225533628674989,252040.0,0.96294239009681,0.0091389548173612,0.0022062979737611,0.0163371989446239,-0.0020016838613549,248300.0,1
2023-04-10,17634.900390625,17694.099609375,17597.94921875,17624.05078125,254800,0.001414863221935,0.0014138632460749,0.0054556351328318,-0.0006152350812691,17507.610546875,17204.190234375,17512.5390234375,17325.226013028514,17488.37758497602,1.0244045515165308,1.0063675380059545,0.9823926851126596,0.0275275846916107,73.76160686896941,-7.670407197310851,-98.62271813246144,90.9523109351506,0.0069180107376284,0.0076720327627395,167.41782924107142,0.0498557890399671,251430.0,1.0134033329356082,0.0023978747854371,0.0091389548173612,0.0022062979737611,0.0076098565893214,242700.0,1
2023-04-11,17704.80078125,17748.75,17655.150390625,17722.30078125,304300,0.0055747683219642,0.0055592868116142,0.0052814592490173,0.00098843247186,17580.120703125,17210.82529296875,17504.6190234375,17363.042657621038,17497.55104365343,1.0297182429996663,1.012435675264971,0.9832162168125236,0.0377937667762773,73.4413260501036,23.270622167729016,-74.24405007242336,97.51467224015238,0.0064854878643193,0.0074768803981018,162.92131696428572,0.194270015698587,253525.0,1.2002761068928114,0.001414863221935,0.0023978747854371,0.0091389548173612,0.0163371989446239,254800.0,1
2023-04-12,17759.55078125,17825.75,17717.25,17812.400390625,232800,0.0050839679614469,0.0050710882313096,0.0060912621331544,0.0029758415641231,17662.990625,17230.80029296875,17503.028046875,17405.838632192845,17509.898076868005,1.0337535162480862,1.0176753612530054,0.9844468195344718,0.0511860141684992,81.55397461250108,54.43441034213174,-48.50835798951235,102.94276833164407,0.0050839792473196,0.0071194537421039,153.65345982142858,-0.2349654945777193,253370.0,0.9188143821289024,0.0055747683219642,0.001414863221935,0.0023978747854371,0.0022062979737611,304300.0,1
2023-04-13,17807.30078125,17842.150390625,17729.650390625,17828.0,285800,0.0008757724412713,0.0008753891763391,0.0063102984070002,0.0011624006919563,17717.18046875,17264.48525390625,17507.5010546875,17446.04447674591,17522.37266208887,1.0326401127983964,1.0183063787522486,0.9861193325065551,0.0495888200069036,79.96591533095271,79.47456182102542,-22.9117740274048,102.3863358484302,0.005191843984493,0.0060326770694597,151.7392578125,0.2276632302405499,254915.0,1.1211580330698467,0.0050839679614469,0.0055747683219642,0.001414863221935,0.0091389548173612,232800.0,0
2023-04-17,17863.0,17863.0,17574.05078125,17706.849609375,357400,-0.0067955121508301,-0.0068187067828511,0.0163184996272297,-0.0087415546450764,17738.7203125,17297.6626953125,17508.6590625,17470.883060805823,17529.607052178522,1.0236556187543988,1.011319573141925,0.9879490275963276,0.0445471796591188,71.69551420080572,88.52280248174429,-0.6248587255749811,89.14766120731927,0.0060494871464426,0.0060570857914687,165.25348772321428,0.2505248425472357,258255.0,1.383903506224468,0.0008757724412713,0.0050839679614469,0.0055747683219642,0.0023978747854371,285800.0,0
2023-04-18,17766.599609375,17766.599609375,17610.19921875,17660.150390625,258900,-0.0026373533282438,-0.0026408372714739,0.0088561188418885,-0.0059915358645122,17745.940234375,17332.0626953125,17508.6190625,17488.908520788602,17534.726398784267,1.01892952391646,1.008654670455967,0.9899160312668148,0.03392432384963,73.31790383738436,90.87777925316914,17.675668870173844,73.2021103829953,0.0063027396277962,0.0059848040021752,164.9892578125,-0.2756015668718522,258790.0,1.0004250550639515,-0.0067955121508301,0.0008757724412713,0.0050839679614469,0.001414863221935,357400.0,0
2023-04-19,17653.349609375,17666.150390625,17579.849609375,17618.75,281500,-0.0023442830162407,-0.0023470351496987,0.0048982351897836,-0.0019599458539372,17725.230078125,17363.72021484375,17508.668046875,17501.27437595159,17538.0214419692,1.0146875083219915,1.0062872831234384,0.9917213672882949,0.0149195696942641,79.03377315991663,88.38460705268153,31.81745650667538,56.56715054600615,0.0045921329795939,0.0060584961265137,157.43219866071428,0.0872923908845113,255375.0,1.1023005384238864,-0.0026373533282438,-0.0067955121508301,0.0008757724412713,0.0055747683219642,258900.0,1
2023-04-20,17638.599609375,17684.44921875,17584.349609375,17624.44921875,215100,0.0003234746363958,0.0003234223297552,0.0056795879481162,-0.0008022400268941,17687.63984375,17389.94013671875,17508.9490234375,17513.00531336096,17541.410766548837,1.0134853300349256,1.0065966378197737,0.9932029680045646,0.0130128622077589,78.38258164852255,85.87867355312483,42.62969991596528,43.24897363715955,0.0045977382221114,0.0059549145083266,152.26436941964286,-0.2358792184724689,245725.0,0.8753688065927357,-0.0023442830162407,-0.0026373533282438,-0.0067955121508301,0.0050839679614469,281500.0,0
2023-04-21,17639.75,17663.19921875,17553.94921875,17624.05078125,230200,-2.260708945023282e-05,-2.260734499433094e-05,0.0061989154114461,-0.0008899910004393,17646.85,17421.72265625,17504.3490234375,17523.581072207537,17544.651551439078,1.0116135544683014,1.006838400996931,0.9952796663802312,0.003816130672217,80.79524228696567,82.90487681069862,50.684735294911945,32.22014151578668,0.0036931572017987,0.0056615017435771,149.49651227678572,0.0701999070199907,245145.0,0.9390360806869404,0.0003234746363958,-0.0023442830162407,-0.0026373533282438,0.0008757724412713,215100.0,1
2023-04-24,17707.55078125,17754.5,17612.5,17743.400390625,255700,0.0067719737565652,0.0067491469394085,0.0080029755781776,0.0020245379961276,17654.16015625,17453.51767578125,17503.9250390625,17544.51624539015,17552.445623564017,1.0166088418523216,1.0136812372669604,0.9971202251398612,0.0081964183951084,80.62395416465849,89.15096071694279,58.37798037931812,30.772980337624677,0.0041813993251505,0.0056503916264158,146.3857421875,0.1107732406602954,245595.0,1.0411449744498056,-2.260708945023282e-05,0.0003234746363958,-0.0023442830162407,-0.0067955121508301,230200.0,1
2023-04-25,17761.55078125,17807.44921875,17716.849609375,17769.25,297400,0.0014568576938982,0.0014557975062981,0.0050986737974309,0.0004334767186054,17675.980078125,17484.38515625,17504.8800390625,17565.9194601149,17560.94775597327,1.0162925285164044,1.0151026433970158,0.9988291903305384,0.0082386972525336,74.7044850404389,95.09072793588348,65.72052989063118,29.37019804525229,0.0041820861639083,0.0056479836108533,131.3642578125,0.1630817364098553,260465.0,1.1418040811625365,0.0067719737565652,-2.260708945023282e-05,0.0003234746363958,-0.0026373533282438,255700.0,1
2023-04-26,17767.30078125,17827.75,17711.19921875,17813.599609375,233000,0.0024958627615121,0.0024927532688865,0.0065427978514045,0.002605844787288,17714.95,17521.2201171875,17503.718046875,17589.508045758717,17570.855671792946,1.0166871650622489,1.0177037565201938,1.00099990586375,0.0051516351771658,74.88776228766075,102.19859726911818,73.01614336632859,29.18245390278959,0.0038988393689214,0.0054600479247042,131.45354352678572,-0.2165433759246805,261155.0,0.8921904616032624,0.0014568576938982,0.0067719737565652,-2.260708945023282e-05,-0.0023442830162407,297400.0,1
2023-04-27,17813.099609375,17931.599609375,17797.900390625,17915.05078125,241400,0.0056951528101938,0.0056789967392659,0.0074629550528503,0.0057233818993154,17773.0703125,17569.7201171875,17504.150078125,17620.512115805504,17584.353519222637,1.019654875647375,1.0234744732701135,1.0037459710280046,0.0057628611738946,73.02852433312562,114.69575536046614,81.3520657651561,33.34368959531004,0.0039816511360136,0.0049887509519123,128.68205915178572,0.0360515021459226,261825.0,0.9219898787357969,0.0024958627615121,0.0014568576938982,0.0067719737565652,0.0003234746363958,233000.0,1
2023-04-28,17950.400390625,18089.150390625,17885.30078125,18065.0,290300,0.0083700136036979,0.0083351792806977,0.0112842296913921,0.0063842369463163,17861.26015625,17623.68515625,17508.320078125,17662.8442952526,17603.202400821752,1.0250410081567698,1.0317951647782884,1.00658915747543,0.0132936953107472,76.31483136398239,135.1416629920277,92.10998521053044,43.03167778149728,0.004681556070556,0.0051389896311522,133.53920200892858,0.2025683512841756,265420.0,1.09373822620752,0.0056951528101938,0.0024958627615121,0.0014568576938982,-2.260708945023282e-05,241400.0,1
2023-05-02,18124.80078125,18180.25,18101.75,18147.650390625,265200,0.0045751669319125,0.0045647326692429,0.0043256288450736,0.0012606819600818,17942.11015625,17683.48271484375,17515.855078125,17709.016304335684,17624.553302382665,1.026248657194186,1.0360699097864212,1.0095700515887511,0.0248943652300868,77.76548741307847,156.21365411513762,104.93071899145188,51.28293512368575,0.0037796276762259,0.0050051309142827,134.90345982142858,-0.0864622803995865,266740.0,0.9942265876883856,0.0083700136036979,0.0056951528101938,0.0024958627615121,0.0067719737565652,290300.0,0
2023-05-03,18113.80078125,18116.349609375,18042.400390625,18089.849609375,226200,-0.0031850283648763,-0.0031901113635851,0.0040878846616655,-0.0013222609746151,18006.230078125,17733.940234375,17519.055078125,17745.286142910856,17642.800216382366,1.020069390687926,1.032581353771912,1.0122657960313348,0.0243315718861663,70.36400586079952,166.33194775443917,117.21096474404932,49.12098301038984,0.0038650020495865,0.0051109235474618,131.27845982142858,-0.1470588235294118,260755.0,0.8674809687254319,0.0045751669319125,0.0083700136036979,0.0056951528101938,0.0014568576938982,265200.0,1
2023-05-04,18081.0,18267.44921875,18066.69921875,18255.80078125,226600,0.0091737176073036,0.0091318946467,0.0109965047496675,0.0096676500884906,18094.6703125,17778.7427734375,17523.8541015625,17793.90658465744,17666.839454220313,1.0268330564141606,1.041768590142635,1.0145452404703754,0.036157547002483,72.66180730660885,185.60213513988128,130.88919882321574,54.71293631666555,0.0039994330847054,0.0043236998053962,137.86774553571428,0.0017683465959328,258890.0,0.8752752134111013,-0.0031850283648763,0.0045751669319125,0.0083700136036979,0.0024958627615121,226200.0,0
2023-05-05,18117.30078125,18216.94921875,18055.44921875,18069.0,239700,-0.0102324068655403,-0.0102851178222677,0.0089379600420609,-0.0026660031664312,18125.46015625,17812.290234375,17524.517109375,17820.10595754721,17682.610456015598,1.014411946035417,1.0310697799675017,1.016421172874775,0.0252235275969394,60.48281861678991,183.6832494288756,141.44800894434772,42.23524048452785,0.0059042875285267,0.0051869085159366,141.36774553571428,0.057811120917917,259365.0,0.9241802093574693,0.0091737176073036,-0.0031850283648763,0.0045751669319125,0.0056951528101938,226600.0,1
2023-05-08,18120.599609375,18286.94921875,18100.30078125,18264.400390625,228400,0.0108141231183243,0.0107560686526575,0.010219248018446,0.0079357628527701,18165.340234375,17847.65771484375,17530.9211328125,17862.419713078427,17705.42574756891,1.023349992611896,1.041839173894842,1.018067309734137,0.0363338495402123,72.78042007150154,195.6740880877296,152.29322477302412,43.38086331470549,0.0063606360685542,0.0053197355450779,136.29631696428572,-0.047142261159783,258370.0,0.8840035607849208,-0.0102324068655403,0.0091737176073036,-0.0031850283648763,0.0083700136036979,239700.0,1
2023-05-09,18303.400390625,18344.19921875,18229.650390625,18265.94921875,245400,8.480038171931881e-05,8.479678637020549e-05,0.0062711675562645,-0.0020461319249827,18189.0,17880.99765625,17539.348125,17900.851094570957,17727.407060164245,1.0215285282119282,1.0414269155598963,1.0194790324483625,0.0294503204921812,75.69994183377717,202.962268903495,162.42703359911832,40.53523530437667,0.0063394998308316,0.0053351926746756,133.30691964285714,0.074430823117338,258505.0,0.9493046556159456,0.0108141231183243,-0.0102324068655403,0.0091737176073036,0.0045751669319125,228400.0,1
2023-05-10,18313.599609375,18326.75,18211.94921875,18315.099609375,220500,0.0026908205008338,0.0026872067245805,0.0062680948342337,8.190634457423259e-05,18234.05,17915.55009765625,17549.1161328125,17940.303334076103,17750.45382679996,1.0223018277161928,1.0436479803749374,1.0208804797957094,0.0307187759401774,79.34841482949766,210.2802506306216,171.99767700541898,38.282573625202616,0.0063202064975231,0.0053371933653608,135.34263392857142,-0.1014669926650366,256790.0,0.8586782974414892,8.480038171931881e-05,0.0108141231183243,-0.0102324068655403,-0.0031850283648763,245400.0,0
2023-05-11,18357.80078125,18389.69921875,18270.400390625,18297.0,248900,-0.0009882342854272,-0.0009887229108728,0.0065201305200306,-0.0033119861128518,18242.28984375,17944.28505859375,17563.9701171875,17974.274445116473,17771.887010062706,1.0196561155963877,1.0417348627856742,1.0216531307482746,0.0271365923353634,78.05217022940563,212.1735124822953,180.03284410079425,32.14066838150109,0.0064474298490372,0.0053031253665019,136.71400669642858,0.1287981859410429,254020.0,0.979844106763247,0.0026908205008338,8.480038171931881e-05,0.0108141231183243,0.0091737176073036,220500.0,1
2023-05-12,18273.75,18342.75,18194.55078125,18314.80078125,241700,0.0009728797753729,0.0009724068345624,0.0080917734525248,0.0022464344346398,18291.45,17969.405078125,17580.0411328125,18006.70552474824,17793.1777461877,1.0192213209966237,1.041795104055024,1.0221480679351636,0.0223136403508485,78.39899144008865,212.65891087056295,186.558057454748,26.100853415814957,0.0063753627695986,0.0052405783786323,139.49609375,-0.0289272800321414,254465.0,0.949835930285108,-0.0009882342854272,0.0026908205008338,8.480038171931881e-05,-0.0102324068655403,248900.0,1
2023-05-15,18339.30078125,18458.900390625,18287.900390625,18398.849609375,216100,0.0045891205221868,0.0045786226137952,0.0092940593368874,0.0032470609886,18318.33984375,17997.94755859375,17598.702109375,18044.05258042698,17816.92958395975,1.0222748760366192,1.0454662789918896,1.0226860734807297,0.0184804655065042,77.75324348821363,217.3204952033011,192.71054500445865,24.60995019884245,0.0060778728247162,0.00528663130116,141.56752232142858,-0.1059164253206453,250980.0,0.8610247828512232,0.0009728797753729,-0.0009882342854272,0.0026908205008338,0.0108141231183243,241700.0,0
2023-05-16,18432.349609375,18432.349609375,18264.349609375,18286.5,219500,-0.0061063388070606,-0.0061250587396132,0.0091871052415716,-0.0079126976465777,18322.45,18026.930078125,17616.578125,18067.142810862504,17835.34411007898,1.0143990086359729,1.0380279229170677,1.023293510817669,0.0076511066934994,70.40672909179453,209.53378479928503,196.07519296342397,13.458591835861114,0.0064710213325475,0.0052306396546914,147.09612165178572,0.015733456732994,244085.0,0.8992768912469017,0.0045891205221868,0.0009728797753729,-0.0009882342854272,8.480038171931881e-05,216100.0,0
2023-05-17,18300.44921875,18309.0,18115.349609375,18181.75,229900,-0.0057282694884204,-0.0057447389485387,0.0106508114249178,-0.0064861368882893,18295.780078125,18053.01005859375,17634.134140625,18078.05778125655,17848.928654781765,1.0071312175082383,1.031054309500426,1.0237536991965914,0.0050802186093008,63.86367347299021,192.68911100925104,195.39797657258936,-2.708865563338321,0.0066910713598543,0.005406510062781,152.60323660714286,0.047380410022779,242635.0,0.9475137552290478,-0.0061063388070606,0.0045891205221868,0.0009728797753729,0.0026908205008338,219500.0,0
2023-05-18,18287.5,18297.19921875,18104.849609375,18129.94921875,272100,-0.0028490536527011,-0.0028531199312594,0.0106094952089591,-0.0086152170198222,18262.369921875,18078.57001953125,17647.7151171875,18082.999822922597,17859.94906905503,1.0028419946468798,1.027325582850827,1.0244142031692325,-0.0068937848308061,58.40693900254895,173.16357365512522,190.9510959890966,-17.787522333971367,0.0060135507264365,0.0054263910482999,156.79255022321428,0.1835580687255329,242165.0,1.1236140647905353,-0.0057282694884204,-0.0061063388070606,0.0045891205221868,-0.0009882342854272,229900.0,1
2023-05-19,18186.150390625,18218.099609375,18060.400390625,18203.400390625,260900,0.0040513721791914,0.0040431874696799,0.008663173657995,0.00094852399378,18240.08984375,18107.517578125,17665.3451171875,18094.466543656155,17873.417748332282,1.0052951936722587,1.030458237292743,1.0250305022632866,0.0074381753624992,55.7589874207805,161.75176666223706,185.11123012372468,-23.35946346148762,0.0051134080137392,0.0054501593533193,153.49609375,-0.0411613377434766,244455.0,1.067272095068622,-0.0028490536527011,-0.0057282694884204,-0.0061063388070606,0.0009728797753729,272100.0,1
2023-05-22,18201.099609375,18335.25,18178.849609375,18314.400390625,262600,0.0060977618257063,0.0060792457091855,0.0085397494479295,0.0062249415519731,18223.2,18142.03505859375,17679.7461328125,18115.41262431985,17890.711185284938,1.0095008818732054,1.035897249487911,1.0261479391337678,0.0027375659167909,56.77871361967554,159.82226811610235,180.0534377222002,-20.231169606097865,0.0042338724081502,0.0055238887857675,156.43540736607142,0.0065159064775777,246075.0,1.067154322869044,0.0040513721791914,-0.0028490536527011,-0.0057282694884204,0.0045891205221868,260900.0,1
2023-05-23,18362.900390625,18419.75,18324.19921875,18348.0,270400,0.0018346005688616,0.0018329197446846,0.0052076946397427,-0.0008114399309494,18235.5,18172.2650390625,17692.4771484375,18137.56380295606,17908.644079979647,1.0096705039553269,1.0370509367378435,1.0271181862550756,0.0044920075199692,60.7049542800217,159.16952706154188,175.87665559006857,-16.70712852852668,0.0042612215040912,0.0054058615669692,158.67829241071428,0.0297029702970297,246810.0,1.095579595640371,0.0060977618257063,0.0040513721791914,-0.0028490536527011,-0.0061063388070606,262600.0,0
2023-05-24,18294.80078125,18392.599609375,18262.94921875,18285.400390625,232600,-0.0034117947119577,-0.0034176281556568,0.0070903774517003,-0.0005138285317998,18256.230078125,18198.07255859375,17703.0971484375,18151.64347797215,17923.41883725986,1.0047987407320238,1.032892732684286,1.027959820025048,-0.0016215701461321,51.342507206397975,151.8505214753568,171.07142876712624,-19.22090729176944,0.0043413591175557,0.0055248059070173,153.59974888392858,-0.139792899408284,243570.0,0.9549616126780802,0.0018346005688616,0.0060977618257063,0.0040513721791914,-0.0057282694884204,270400.0,1
2023-05-25,18268.900390625,18338.099609375,18202.400390625,18321.150390625,235900,0.0019551116867164,0.0019532029433287,0.0074066974975238,0.0028600517208366,18294.4703125,18223.45009765625,17717.7281640625,18167.786993462894,17939.0161530781,1.0053612401847725,1.0340575394867182,1.0285432719652807,0.0013199098554408,63.25224650014063,147.23761941808698,166.3046668973184,-19.067047479231437,0.0043786528762924,0.0055206677474894,151.7568359375,0.0141874462596731,243715.0,0.9679338571692344,-0.0034117947119577,0.0018346005688616,0.0060977618257063,-0.0028490536527011,232600.0,1
2023-05-26,18368.349609375,18508.55078125,18333.150390625,18499.349609375,198700,0.0097264208278746,0.0096794236936861,0.0094814355276637,0.0071318328965787,18353.66015625,18252.6650390625,17739.4571484375,18199.364385454526,17960.990014109353,1.0135149891692292,1.0428362860587552,1.0289303041423792,0.0100764856975095,62.57558270818175,156.1609230693066,164.27591813171608,-8.114995062409491,0.0053272974483444,0.0057513337529119,149.57477678571428,-0.1576939381093683,241580.0,0.8225018627369816,0.0019551116867164,-0.0034117947119577,0.0018346005688616,0.0040513721791914,235900.0,1
2023-05-29,18619.150390625,18641.19921875,18581.25,18598.650390625,265300,0.0053677985089635,0.0053534432264762,0.0032233101591187,-0.0011010169406184,18410.51015625,18279.34755859375,17768.344140625,18237.39162404219,17985.996303384476,1.017467955626301,1.046729523214356,1.0287592031043795,0.0108594170555202,66.1207988143841,169.29393357303343,165.27952121997956,4.014412353053871,0.0053903487677019,0.0056044543468975,151.52483258928572,0.3351786612984397,240330.0,1.1038988058086798,0.0097264208278746,0.0019551116867164,-0.0034117947119577,0.0060977618257063,198700.0,1
2023-05-30,18606.650390625,18662.44921875,18575.5,18633.849609375,234400,0.0018925684396833,0.0018907797884415,0.0046661973007582,0.0014618009248835,18467.680078125,18303.65751953125,17800.1551171875,18275.14952740722,18011.402315384104,1.0180396781075811,1.0468363610709492,1.0282864053166356,0.018994865577065,65.65647844356184,180.4619685566031,168.31601068730427,12.145957869298826,0.0047588567515178,0.005558083781542,149.53543526785714,-0.1164719185827365,238790.0,0.981615645546296,0.0053677985089635,0.0097264208278746,0.0019551116867164,0.0018346005688616,265300.0,0
2023-05-31,18594.19921875,18603.900390625,18483.849609375,18534.400390625,696500,-0.0053370195013254,-0.0053513122664302,0.0064771872151161,-0.0032159937312438,18517.480078125,18325.88505859375,17831.4001171875,18299.84008580891,18031.912043824923,1.011378186175705,1.0394248499174157,1.027731133739163,0.0193958442187909,60.79780968337417,179.2220358536215,170.49721572056774,8.724820133053754,0.0046899288974846,0.0056702999946759,149.58914620535714,1.97141638225256,262305.0,2.6553058462476886,0.0018925684396833,0.0053677985089635,0.0097264208278746,-0.0034117947119577,234400.0,0
2023-06-01,18579.400390625,18580.30078125,18464.55078125,18487.75,265600,-0.0025169624936233,-0.0025201353688439,0.0062609024894862,-0.0049329035759004,18550.8,18337.48251953125,17861.443125,18317.736268112825,18049.788042106306,1.0081945534404029,1.0350647408844238,1.0266517879434365,0.0197353438188321,57.6651800862863,172.48676356235592,170.8951252889254,1.591638273430533,0.0046533054258244,0.0054063950766277,147.27134486607142,-0.618664752333094,264255.0,1.005089780704244,-0.0053370195013254,0.0018925684396833,0.0053677985089635,0.0019551116867164,696500.0,1
2023-06-02,18550.849609375,18573.69921875,18478.400390625,18534.099609375,270900,0.0025070443604549,0.0025039069673706,0.0051418105078487,-0.0009029236047245,18557.75,18360.7375,17890.1241015625,18338.342300613986,18068.78065258743,1.009442001410619,1.0359961453680613,1.0263057648882603,0.0181668925395013,56.20157260303416,168.94158444029017,170.50441711919834,-1.5628326789081657,0.0046017023422084,0.0047656349086018,141.86411830357142,0.0199548192771084,265815.0,1.0191298459454885,-0.0025169624936233,-0.0053370195013254,0.0018925684396833,0.0097264208278746,265600.0,1
2023-06-05,18612.0,18640.150390625,18582.80078125,18593.849609375,256100,0.0032237875731377,0.0032186023111129,0.0030843322162874,-0.0009751982927681,18556.78984375,18377.2099609375,17922.2330859375,18362.6763300198,18089.371592069296,1.0117884950380382,1.03747393085544,1.025386171065758,0.0152584421433228,64.80703979645413,169.0051439949057,170.20456249433985,-1.1994184994341597,0.0043902080588177,0.0042457164390346,137.43917410714286,-0.0546327057954965,267200.0,0.9584580838323352,0.0025070443604549,-0.0025169624936233,-0.0053370195013254,0.0053677985089635,270900.0,1
2023-06-06,18600.80078125,18622.75,18531.599609375,18599.0,220800,0.0002769943144211,0.0002769559585788,0.0049008221208129,-9.681202821199105e-05,18549.819921875,18393.8625,17952.0630859375,18385.183346208385,18109.357019831285,1.0111524971984542,1.0360369118003638,1.0246099521791774,0.0136799651188139,72.2355448974154,167.53981419160118,169.6716128337921,-2.1317986421909154,0.0044052090849386,0.0042440062867908,130.11774553571428,-0.1378367825068333,265970.0,0.8301688160318833,0.0032237875731377,0.0025070443604549,-0.0025169624936233,0.0018925684396833,256100.0,1
2023-06-07,18665.599609375,18738.94921875,18636.0,18726.400390625,260100,0.0068498516385289,0.0068264979901573,0.0054975444614299,0.003257370913467,18588.219921875,18414.4275390625,17983.5530859375,18417.680207581398,18133.554799078094,1.0169417621536545,1.0413070376658982,1.0239593617048863,0.0241176015060682,79.41516997983013,174.64547226802097,170.66638472063786,3.979087547383102,0.0043619772024163,0.0044323223272285,126.37486049107144,0.1779891304347827,267950.0,0.9707034894569884,0.0002769943144211,0.0032237875731377,0.0025070443604549,-0.0053370195013254,220800.0,0
2023-06-08,18725.349609375,18777.900390625,18615.599609375,18634.55078125,286500,-0.0049048192636628,-0.004916887367083,0.0087096696429788,-0.004848979058823,18617.580078125,18431.305078125,18014.70609375,18438.334547930783,18153.20170033974,1.011027200855474,1.034407704698277,1.0231254943714865,0.0171059340676209,70.88404971703523,170.895287138228,170.7121652041559,0.183121934072119,0.0049399426208341,0.0046135651437606,126.70354352678572,0.1014994232987311,269830.0,1.0617796390319831,0.0068498516385289,0.0002769943144211,0.0032237875731377,-0.0025169624936233,260100.0,0
2023-06-09,18655.900390625,18676.650390625,18555.400390625,18563.400390625,221800,-0.0038181972541345,-0.0038255051772626,0.0065316697075194,-0.0049582168677574,18623.440234375,18443.73505859375,18047.0730859375,18450.245580568328,18169.287923488184,1.0064881289853214,1.028610030126704,1.0219792966298415,0.0034623261142943,62.54536437135412,160.33376862898513,168.63648588912173,-8.302717260136603,0.0043223501403241,0.0047335495429948,124.19280133928572,-0.2258289703315881,268835.0,0.8250413822604944,-0.0049048192636628,0.0068498516385289,0.0002769943144211,0.0025070443604549,286500.0,1
2023-06-12,18595.05078125,18633.599609375,18559.75,18601.5,179500,0.0020524046550352,0.0020503013499982,0.00397008893772,0.0003468244763549,18624.9703125,18453.867578125,18079.3891015625,18464.650763371345,18186.23741668473,1.008000080267727,1.0288787909538588,1.0207130049836768,0.0001532159224002,62.714434613606265,153.27119426414356,165.5634275641261,-12.29223329998254,0.004012218332445,0.0046569272051794,121.94280133928572,-0.1907123534715959,267005.0,0.6722720548304338,-0.0038181972541345,-0.0049048192636628,0.0068498516385289,0.0032237875731377,221800.0,1
2023-06-13,18631.80078125,18728.900390625,18631.80078125,18716.150390625,233200,0.0061635024393194,0.006144585747086,0.0051880118159147,0.0045271850190607,18648.400390625,18475.35009765625,18114.678125,18488.603108824074,18207.01831762356,1.0130335983727474,1.033203585593658,1.0199104819951776,0.0044167352949222,70.53245249151867,155.13705811062027,163.47815367342494,-8.341095562804668,0.004436241184588,0.0045382848681362,121.78208705357144,0.2991643454038997,267690.0,0.8711569352609362,0.0020524046550352,-0.0038181972541345,-0.0049048192636628,0.0002769943144211,179500.0,1
2023-06-14,18744.599609375,18769.69921875,18690.0,18755.900390625,261400,0.0021238341844009,0.0021215820368078,0.0042492878022447,0.0006028819759024,18654.300390625,18504.0576171875,18148.1821484375,18514.05999280512,18228.543104800086,1.0136101377680309,1.033486452649464,1.0196094278666163,0.0119507507840415,70.64439539240601,158.00191373836424,162.3829056864128,-4.380991948048575,0.0039555256831274,0.0042392971595437,117.78208705357144,0.1209262435677529,269265.0,0.9707908565910904,0.0061635024393194,0.0020524046550352,-0.0038181972541345,0.0068498516385289,233200.0,0
2023-06-15,18774.44921875,18794.099609375,18669.05078125,18688.099609375,263000,-0.0036149041015322,-0.0036214536561356,0.0066913613871294,-0.0045993151846373,18665.01015625,18531.96513671875,18174.749140625,18530.6351943832,18246.564928508906,1.0084251438800136,1.0282452574601173,1.019654521409337,0.0108368843896633,60.012723120853074,153.03725780581954,160.51377611029417,-7.476518304474638,0.0040835022574872,0.0042845809060766,113.32840401785714,0.0061208875286915,268810.0,0.978386220750716,0.0021238341844009,0.0061635024393194,0.0020524046550352,-0.0049048192636628,261400.0,1
2023-06-16,18723.30078125,18864.69921875,18710.5,18826.0,272800,0.007379048352023,0.0073519563684706,0.008190758459046,0.0054851022236872,18717.530078125,18563.0951171875,18203.308125,18558.76517587052,18269.287872488952,1.0141627719490096,1.034207621533627,1.0197649234807695,0.0157493699061241,61.585869584691125,158.40415673694952,160.09185223562525,-1.6876954986757369,0.0045345004207137,0.0044480556553346,115.810546875,0.0372623574144486,269405.0,1.012601844806147,-0.0036149041015322,0.0021238341844009,0.0061635024393194,-0.0038181972541345,263000.0,0
2023-06-19,18873.30078125,18881.44921875,18719.150390625,18755.44921875,219800,-0.0037475183921172,-0.0037545579318734,0.0086534225990571,-0.0062443535376218,18748.319921875,18585.14755859375,18227.27609375,18577.496989478088,18288.35302332272,1.0091633203136716,1.028977073825151,1.0196338423252649,0.0086910248695095,55.98127770444366,155.17583395664406,159.108648579829,-3.932814623184953,0.0047810210602208,0.0044797475891976,121.19266183035714,-0.1942815249266862,267265.0,0.8224047293884347,0.007379048352023,-0.0036149041015322,0.0021238341844009,0.0020524046550352,272800.0,1
2023-06-20,18752.349609375,18839.69921875,18660.650390625,18816.69921875,211600,0.0032657175674986,0.0032603966930515,0.0095154217030044,0.0034315491506637,18768.4296875,18608.58251953125,18251.6270703125,18600.27815417065,18309.07248196693,1.0111839093063812,1.0309600972154769,1.0195574590606973,0.0117048883676542,64.42798932302637,155.76417555091757,158.4397539740467,-2.675578423129138,0.004833027868322,0.0045018500122375,125.40680803571428,-0.0373066424021838,264325.0,0.8005296509978247,-0.0037475183921172,0.007379048352023,-0.0036149041015322,0.0061635024393194,219800.0,1
2023-06-21,18849.400390625,18875.900390625,18794.849609375,18856.849609375,217500,0.002133763746672,0.0021314905059401,0.0042982143321387,0.0003951965895798,18788.61953125,18637.15498046875,18276.283046875,18624.713530856778,18330.55393794372,1.0117879917367476,1.0317661179251254,1.0197453679540958,0.0069660594683913,68.99045949960106,157.65291678659196,158.28238653655575,-0.6294697499637891,0.0044333129625598,0.0043672987422929,122.92829241071428,0.0278827977315689,263570.0,0.8252077247031149,0.0032657175674986,-0.0037475183921172,0.007379048352023,0.0021238341844009,211600.0,0
2023-06-22,18853.599609375,18886.599609375,18759.5,18771.25,252700,-0.0045394438174043,-0.0045497783797934,0.006770972064993,-0.0043678454555729,18805.249609375,18659.6599609375,18297.26203125,18638.669385060894,18347.836136455728,1.00598028256121,1.02590485767436,1.0198061288660871,0.0073357936209306,61.72789423153079,150.5076265021562,156.72743452967583,-6.219808027519633,0.0043829202851636,0.0045720864379915,125.19977678571428,0.16183908045977,264410.0,0.955712718883552,0.002133763746672,0.0032657175674986,-0.0037475183921172,-0.0036149041015322,217500.0,0
2023-06-23,18741.849609375,18756.400390625,18647.099609375,18665.5,210600,-0.0056336152360657,-0.0056495438985202,0.005855764980847,-0.0040737499748588,18773.149609375,18667.96748046875,18314.3240234375,18641.224681721764,18360.29354286923,0.9998678227572804,1.0191749352098984,1.0193096647508626,0.0055000488717877,53.38915875693584,134.75838053569169,152.33362373087903,-17.57524319518734,0.0046248897033896,0.0043580331577867,125.43191964285714,-0.1666007123070835,265005.0,0.7947019867549668,-0.0045394438174043,0.002133763746672,0.0032657175674986,0.007379048352023,252700.0,1
2023-06-26,18682.349609375,18722.05078125,18646.69921875,18691.19921875,171300,0.0013768299134766,0.0013758829522746,0.004031392615216,0.0004736882437185,18760.299609375,18672.594921875,18331.5880078125,18645.984161438737,18373.270236041026,1.000996342337679,1.0196170244925993,1.0186021480472487,0.004822149759428,54.27798278874526,122.93359980087553,146.45361894487834,-23.520019144002816,0.0046054329184755,0.0042106114269509,124.30343191964286,-0.1866096866096865,260305.0,0.6580741822093313,-0.0056336152360657,-0.0045394438174043,0.002133763746672,-0.0037475183921172,210600.0,1
2023-06-27,18748.55078125,18829.25,18714.25,18817.400390625,222500,0.0067519034171119,0.0067292114028286,0.0061113648863683,0.0036722630019945,18760.43984375,18681.7724609375,18353.7990234375,18662.309516599333,18390.68710484824,1.00725990694786,1.0252591502497923,1.0178695123053916,0.0054097663187573,54.22704393614435,122.33554769609329,141.63000469512133,-19.294456999028057,0.0046882810078144,0.0044425618290272,124.16782924107144,0.2988908347927612,259710.0,0.8567248084401833,0.0013768299134766,-0.0056336152360657,-0.0045394438174043,0.0032657175674986,171300.0,1
2023-06-28,18908.150390625,19011.25,18861.349609375,18972.099609375,398800,0.0082210728123248,0.008187463868637,0.007901096542363,0.0033820980597714,18783.48984375,18703.657421875,18380.0380078125,18691.81333495892,18413.48759522184,1.0143523900938245,1.0322122076848177,1.017607113430611,0.0115269975979432,64.81449415992196,132.8135294778658,139.86670965167025,-7.053180173804435,0.0052718166701751,0.0045361291236727,126.42131696428572,0.7923595505617977,244825.0,1.628918615337486,0.0067519034171119,0.0013768299134766,-0.0056336152360657,0.002133763746672,222500.0,1
2023-06-30,19076.849609375,19201.69921875,19024.599609375,19189.05078125,247900,0.0114352747635688,0.0113703862194518,0.0092292011415201,0.005881535692343,18867.05,18738.7224609375,18411.4440234375,18739.16928222474,18443.90183781118,1.0240319648925509,1.0422349684697527,1.0177758157960548,0.0268058915751763,74.34337416235654,156.8158761575687,143.25654295284994,13.559333204718769,0.0058638173944516,0.0049832262010449,134.16057477678572,-0.3783851554663991,243940.0,1.0162335000409937,0.0082210728123248,0.0067519034171119,0.0013768299134766,-0.0045394438174043,398800.0,1
2023-07-03,19246.5,19345.099609375,19234.400390625,19322.55078125,226100,0.0069570924336936,0.0069330035274252,0.0057290168365047,0.0039514083729509,18998.46015625,18778.14501953125,18445.4060546875,18794.729424989047,18478.358659122507,1.028991455820184,1.0475535601635395,1.0180391238803437,0.0263757984303623,76.1164529309896,184.4836306655125,151.50196049538246,32.98167017013,0.0058278394835453,0.0051100740485678,140.03194754464286,-0.0879386849536103,241700.0,0.9354571783202316,0.0114352747635688,0.0082210728123248,0.0067519034171119,-0.0056336152360657,247900.0,1
2023-07-04,19406.599609375,19434.150390625,19300.0,19389.0,226900,0.0034389465191355,0.0034330468644171,0.0069188916718242,-0.0009068878489407,19138.0203125,18817.9025390625,18480.7050390625,18851.326622609136,18514.07008425496,1.0303486246542093,1.0491482851448386,1.0182459218567292,0.0337795578160098,75.2523408878001,209.35906112711385,163.07338062172877,46.28568050538507,0.0053828121599722,0.0051128064226559,140.51409040178572,0.0035382574082265,240240.0,0.9444721944721944,0.0069570924336936,0.0114352747635688,0.0082210728123248,0.0013768299134766,226100.0,1
2023-07-05,19405.94921875,19421.599609375,19339.599609375,19398.5,224400,0.0004899685388621,0.000489848543472,0.0042271309637343,-0.0003838626323314,19254.240234375,18857.8775390625,18513.80703125,18903.43837283684,18548.753610362608,1.028668256001644,1.0477855779341712,1.018584535705257,0.0309193857268155,74.67736733545847,227.22033500868565,175.90277149912012,51.31756350956553,0.0054571315035357,0.0051090450914321,140.67843191964286,-0.0110180696342,240420.0,0.9333666084352384,0.0034389465191355,0.0069570924336936,0.0114352747635688,0.0067519034171119,226900.0,1
2023-07-06,19385.69921875,19512.19921875,19373.0,19497.30078125,268300,0.0050932175812563,0.0050802910218655,0.0071394097219787,0.0057569015819691,19359.28046875,18896.42255859375,18548.368046875,18959.996697447616,18585.951538632704,1.0317985174597497,1.0511599043094724,1.0187646972951558,0.0339638478930535,80.35258763042182,246.5063488331798,190.02348696593205,56.48286186724775,0.0054818927096059,0.0050385343344742,141.68917410714286,0.1956327985739749,240830.0,1.1140638624756052,0.0004899685388621,0.0034389465191355,0.0069570924336936,0.0082210728123248,224400.0,0
2023-07-07,19422.80078125,19523.599609375,19303.599609375,19331.80078125,237100,-0.0084883544577184,-0.0085245857132682,0.0113802124535329,-0.0046852151255058,19387.83046875,18931.28505859375,18578.7320703125,18995.4066101907,18615.200528539262,1.0211562881979024,1.0405339130833826,1.0189761597802791,0.0298621978424451,68.5873952812692,245.60500526168107,201.13979062508187,44.4652146365992,0.0062128903784557,0.0053545151546699,144.78920200892858,-0.1162877376071561,238360.0,0.9947138781674778,0.0050932175812563,0.0004899685388621,0.0034389465191355,0.0114352747635688,268300.0,1
2023-07-10,19400.349609375,19435.849609375,19327.099609375,19355.900390625,268200,0.0012466303397029,0.0012458539412885,0.0056184418087144,-0.002291155553636,19394.500390625,18970.91005859375,18607.5490625,19029.73935118444,18644.247581954394,1.0202937197447126,1.0402176195054706,1.019527611878022,0.0369880469649888,72.84560337076147,244.0223829234783,209.7163090847612,34.30607383871711,0.005494449658479,0.005189809875782,140.96428571428572,0.1311682834247152,240680.0,1.1143426956955294,-0.0084883544577184,0.0050932175812563,0.0004899685388621,0.0069570924336936,237100.0,1
2023-07-11,19427.099609375,19515.099609375,19406.44921875,19439.400390625,251300,0.0043139300324381,0.0043046517107255,0.0055891842568044,0.0006331764132235,19404.58046875,19012.805078125,18635.0370703125,19068.754688274017,18675.43004503952,1.0224372632416463,1.043164031135411,1.0202719214556497,0.0400295969840418,73.2977024042839,246.66252345139583,217.1055519580881,29.556971493307717,0.0054385985240461,0.0052133239859022,139.54645647321428,-0.0630126771066368,244270.0,1.028779629098948,0.0012466303397029,-0.0084883544577184,0.0050932175812563,0.0034389465191355,268200.0,0
2023-07-12,19497.44921875,19507.69921875,19361.75,19384.30078125,327900,-0.0028344294714754,-0.0028384540734558,0.0075292485603181,-0.0058032430924958,19401.740625,19046.21259765625,18659.770078125,19098.806697128875,18703.228897439927,1.0177509403436646,1.038828490388227,1.0207099293245998,0.0301263925333403,69.51571851635589,241.5246302573032,221.98936761793115,19.535262639372064,0.0057245114951069,0.0052427461792788,144.18205915178572,0.3048149621965779,249005.0,1.3168410272886086,0.0043139300324381,0.0012466303397029,-0.0084883544577184,0.0004899685388621,251300.0,1
2023-07-13,19495.19921875,19567.0,19385.80078125,19413.75,310400,0.0015192303855748,0.0015180775225879,0.0093335506406541,-0.0041779115892113,19385.03046875,19079.105078125,18686.2480859375,19128.80129740232,18731.092470089345,1.017539864710881,1.0389324764777146,1.0210238561738432,0.0232789411672054,74.80313417035869,237.09602335016825,225.0106987643786,12.085324585789664,0.0054297912391788,0.0052422549127966,148.15345982142858,-0.0533699298566636,251455.0,1.2344157006223777,-0.0028344294714754,0.0043139300324381,0.0012466303397029,0.0050932175812563,327900.0,1
2023-07-14,19493.44921875,19595.349609375,19433.5,19564.5,291200,0.0077651149314275,0.0077351215942267,0.0082726166973344,0.0036448542509172,19431.5703125,19122.92509765625,18712.4220703125,19170.29641193543,18763.775118321137,1.0230913890050153,1.0455354163392527,1.0219374608910206,0.0195658046367179,83.53978973508487,242.9500091254849,228.59856083659983,14.35144828888508,0.0048453830643071,0.0052478684870137,153.31766183035714,-0.0618556701030927,252865.0,1.151602633816463,0.0015192303855748,-0.0028344294714754,0.0043139300324381,-0.0084883544577184,310400.0,1
2023-07-17,19612.150390625,19731.849609375,19562.94921875,19711.44921875,268700,0.0075110132510414,0.0074829460454974,0.0085686439769399,0.0050631280174389,19502.680078125,19167.19755859375,18745.2710546875,19221.8347744892,18800.938808534032,1.0283949522872335,1.0515425016391478,1.0225084237339286,0.0201266614280231,84.90542082853332,256.4902489451706,234.17689845831404,22.313350486856564,0.0049110544467508,0.0052545939202209,159.99972098214286,-0.0772664835164834,252660.0,1.0634845246576428,0.0077651149314275,0.0015192303855748,-0.0028344294714754,0.0012466303397029,291200.0,1
2023-07-18,19787.5,19819.44921875,19690.19921875,19749.25,286400,0.0019177068530324,0.001915870400722,0.0065445523247718,-0.0019330385344283,19564.65,19216.88759765625,18774.968046875,19272.06479596642,18838.12748270917,1.0277028420777503,1.0518926024636917,1.0235376992215337,0.0185801227500128,83.93359326658141,267.19118008372243,240.77975478339573,26.411425300326695,0.004884978810454,0.0050602103089626,159.37109375,0.0658727205061406,255990.0,1.1187937028790187,0.0075110132510414,0.0077651149314275,0.0015192303855748,0.0043139300324381,268700.0,1
2023-07-19,19802.94921875,19851.69921875,19727.44921875,19833.150390625,259700,0.0042482823714824,0.0042392838963021,0.0062647636685461,0.001525084548841,19654.419921875,19267.71015625,18806.3120703125,19325.50151926724,18877.14798890195,1.029346519632567,1.054600727483059,1.0245342140560274,0.0224063917635384,83.06011830485699,279.2230954121187,248.46842290914037,30.75467250297837,0.0049135614472316,0.0050718425966819,154.39969308035714,-0.0932262569832402,258395.0,1.0050504073221231,0.0019177068530324,0.0075110132510414,0.0077651149314275,-0.0028344294714754,286400.0,1
2023-07-20,19831.69921875,19991.849609375,19758.400390625,19979.150390625,274700,0.0073614124394989,0.0073344494857055,0.0116846419485156,0.0074351254649723,19767.5,19323.8251953125,18839.5930859375,19387.75379272988,18920.36376936168,1.0339128091197731,1.060487362942998,1.025702896403662,0.0247136572790824,82.08399095848038,297.11450377012807,258.1976390813379,38.91686468879016,0.0051074503242504,0.0051772412640172,154.67466517857142,0.0577589526376587,261255.0,1.0514631298922508,0.0042482823714824,0.0019177068530324,0.0075110132510414,0.0015192303855748,259700.0,0
2023-07-21,19800.44921875,19887.400390625,19700.0,19745.0,312500,-0.011719737128305,-0.0117889545859248,0.0094910301658647,-0.0028004020584286,19803.6,19372.5126953125,18868.5530859375,19421.77724104132,18952.702445072984,1.019227619594108,1.046450139026066,1.026708969526158,0.0213740677045857,65.85830798964159,289.06740504041954,264.37159227315425,24.69581276726529,0.005925073513527,0.0059240067665165,156.9140625,0.1376046596286857,264245.0,1.1826146190088744,0.0073614124394989,0.0042482823714824,0.0019177068530324,0.0077651149314275,274700.0,0
2023-07-24,19748.44921875,19782.75,19658.30078125,19672.349609375,265600,-0.0036794322929856,-0.0036862180542648,0.0063260983675632,-0.0038534473533622,19795.780078125,19422.85517578125,18895.7040625,19445.64127612072,18980.923902496597,1.012845404619237,1.0411016993230915,1.0278979344478314,0.0163489795030806,60.587360410314496,273.67300985998736,266.2318757905209,7.441134069466443,0.0062041519208011,0.0057962424183406,156.22112165178572,-0.15008,266995.0,0.9947751830558624,-0.011719737128305,0.0073614124394989,0.0042482823714824,0.0075110132510414,312500.0,1
2023-07-25,19729.349609375,19729.349609375,19615.94921875,19680.599609375,369700,0.0004193703428323,0.0004192824316674,0.0057620394132189,-0.0024709380169752,19782.05,19472.3251953125,18921.3390625,19468.018260240176,19008.362165511437,1.010695919052987,1.0401272100440169,1.0291198276714195,0.012407749925575,60.55050964728639,259.15121295383506,264.81574322318374,-5.664530269348688,0.0061387774979754,0.0058110366678572,158.46400669642858,0.3919427710843373,276915.0,1.3350667172236967,-0.0036794322929856,-0.011719737128305,0.0073614124394989,0.0019177068530324,265600.0,1
2023-07-26,19733.349609375,19825.599609375,19716.69921875,19778.30078125,244700,0.0049643391875346,0.0049520574860006,0.0055060539239163,0.0022779291283444,19771.080078125,19520.37021484375,18951.175078125,19497.56897652683,19038.555836716867,1.0132134054614452,1.0436450879544528,1.0300348202352771,0.0203257267025647,60.51803547146638,252.6142722458353,262.37544902771407,-9.76117678187876,0.0060584610916762,0.0057575768462219,158.87834821428572,-0.3381119826886665,278025.0,0.880136678356263,0.0004193703428323,-0.0036794322929856,-0.011719737128305,0.0042482823714824,369700.0,0
2023-07-27,19850.900390625,19867.55078125,19603.55078125,19659.900390625,334900,-0.0059863783008722,-0.0060043684967971,0.0134283488092284,-0.0096217298077926,19707.230078125,19554.76025390625,18980.7380859375,19513.029111202846,19062.922289811304,1.0053767029282676,1.0357816593650109,1.0302423522926136,0.0126791779344537,62.729856096026914,235.1688969718125,256.93413861653374,-21.765241644721243,0.0065718839272699,0.0058914379650619,162.02120535714286,0.3686146301593789,274830.0,1.2185714805516137,0.0049643391875346,0.0004193703428323,-0.0036794322929856,0.0073614124394989,244700.0,0
2023-07-28,19659.75,19695.900390625,19563.099609375,19646.05078125,258700,-0.0007044597937843,-0.000704708042179,0.0067596680232926,-0.0006968155113874,19687.440234375,19577.61025390625,19011.0601171875,19525.697841683526,19085.79007378929,1.0034958570763302,1.0334011180937994,1.0298010806986269,0.0041683038794755,61.34773063719986,217.7160683372167,249.0905245606704,-31.37445622345365,0.0061780600740249,0.0054598710729246,163.73911830357142,-0.2275306061510899,275370.0,0.939463267603588,-0.0059863783008722,0.0049643391875346,0.0004193703428323,-0.011719737128305,334900.0,1
2023-07-31,19666.349609375,19772.75,19597.599609375,19753.80078125,295100,0.0054845628365591,0.0054695773892536,0.0088666678663303,0.0044467414447525,19703.73046875,19599.17275390625,19042.068125,19547.421931166045,19111.986572121088,1.007889518056977,1.0373768569452588,1.0292565190529297,0.0021485768007212,62.06724909030665,210.15654654843087,241.30372895822248,-31.147182409791554,0.0059507912121426,0.0053880017822318,164.87848772321428,0.1407035175879396,278820.0,1.058388924754322,-0.0007044597937843,-0.0059863783008722,0.0049643391875346,-0.0036794322929856,258700.0,0
2023-08-01,19784.0,19795.599609375,19704.599609375,19733.55078125,298000,-0.0010251191770254,-0.001025644971054,0.0046114356716006,-0.0025500009477355,19714.320703125,19616.40029296875,19070.4511328125,19565.1484883169,19136.36163914575,1.0059720686023743,1.034771052022811,1.028628014951198,-0.0007949273390128,63.773300058538986,200.22351327746583,233.08768582207117,-32.86417254460531,0.0059300181727659,0.0053787816195625,160.95354352678572,0.0098271772280582,282375.0,1.0553342186808323,0.0054845628365591,-0.0007044597937843,-0.0059863783008722,0.0004193703428323,295100.0,0
2023-08-02,19655.400390625,19678.25,19423.55078125,19526.55078125,290700,-0.0104897492749598,-0.0105451544933879,0.0130437383234406,-0.0065554304066203,19663.970703125,19622.80283203125,19094.0221484375,19561.47251621529,19151.66317413023,0.9950948877382524,1.0226525678796228,1.027693519965725,-0.0154589464273879,53.90205473713796,173.64665230132232,221.19947911792136,-47.552826816599065,0.0065447637055934,0.0059559955664189,166.09640066964286,-0.0244966442953019,285690.0,1.017536490601701,-0.0010251191770254,0.0054845628365591,-0.0007044597937843,0.0049643391875346,298000.0,0
2023-08-03,19463.75,19537.650390625,19296.44921875,19381.650390625,315700,-0.0074206854169113,-0.0074483556761193,0.0124448211072711,-0.0042180776764498,19608.320703125,19617.0203125,19115.9471484375,19544.346599492404,19160.682280659435,0.9880017495967508,1.0138995593639324,1.0262123116459578,-0.0299061766050057,43.64908262793213,139.28644057726342,204.8168714097898,-65.53043083252638,0.0059560783851978,0.0060873775462389,170.35365513392858,0.085999312005504,288060.0,1.0959522321738526,-0.0104897492749598,-0.0010251191770254,0.0054845628365591,-0.0059863783008722,290700.0,1
2023-08-04,19462.80078125,19538.849609375,19436.44921875,19517.0,280800,0.0069833892701145,0.0069591183373327,0.0052467280127581,0.0027847594680316,19582.510546875,19626.2802734375,19139.864140625,19541.74216144551,19174.655524555143,0.994431941666226,1.0197042077521603,1.0254137714478373,-0.0115472271461128,43.19133046646752,121.57585674841904,188.16866847751567,-66.59281172909664,0.005844487485139,0.0059694499937175,169.51785714285714,-0.110547988596769,290245.0,0.9674585264173372,-0.0074206854169113,-0.0104897492749598,-0.0010251191770254,-0.0007044597937843,315700.0,1
2023-08-07,19576.849609375,19620.44921875,19524.80078125,19597.30078125,216600,0.0041144018676027,0.0041059608614452,0.0048806944674499,0.0010446610298935,19551.210546875,19638.35029296875,19161.8231640625,19547.033458569746,19191.229848347102,0.9979097270846908,1.0227263143730616,1.0248685693853996,-0.003814939730902,44.83325186751533,112.72032368594957,173.07899951920243,-60.3586758332529,0.0059881506143344,0.0060228649147469,167.67494419642858,-0.2286324786324786,287665.0,0.7529591712582344,0.0069833892701145,-0.0074206854169113,-0.0104897492749598,0.0054845628365591,280800.0,0
2023-08-08,19627.19921875,19634.400390625,19533.099609375,19570.849609375,260300,-0.0013497354646058,-0.0013506471779916,0.0051761054462078,-0.002870995945319,19518.6703125,19644.92275390625,19181.2671484375,19549.301663408343,19206.116897799177,0.9962294000613202,1.0203105695740875,1.0241723136370853,-0.0055765577359604,40.71832780893985,102.387600895574,158.94071979447676,-56.55311889890277,0.0059879851697409,0.0059733078077193,166.03571428571428,0.2017543859649122,288115.0,0.903458688370963,0.0041144018676027,0.0069833892701145,-0.0074206854169113,-0.0010251191770254,216600.0,1
2023-08-09,19578.80078125,19645.5,19467.5,19632.55078125,266500,0.0031527078847637,0.0031477485221408,0.0090665753005461,0.0027453162530503,19539.8703125,19657.33525390625,19201.241171875,19557.230150821837,19222.839795189404,0.9987391743419888,1.0224625900749975,1.0237533645845411,-0.0073691871517179,36.95724073456153,98.04738335017464,146.76205250561634,-48.7146691554417,0.0058285274799268,0.0059557722543997,162.07505580357142,0.0238186707645025,285045.0,0.9349400971776386,-0.0013497354646058,0.0041144018676027,0.0069833892701145,-0.0104897492749598,260300.0,0
2023-08-10,19605.55078125,19623.599609375,19495.400390625,19543.099609375,312200,-0.0045562684580157,-0.004566679886024,0.0065598201571106,-0.0031853821691521,19572.16015625,19663.802734375,19221.41515625,19555.88438496975,19235.39900358884,0.9938616590783332,1.016735732021292,1.0230153490015617,-0.0059410667871795,41.4738432657936,86.39387289181468,134.688416582856,-48.294543691041326,0.0057005632056411,0.0060628079086121,157.84640066964286,0.1714821763602252,285135.0,1.0949199501990283,0.0031527078847637,-0.0013497354646058,0.0041144018676027,-0.0074206854169113,266500.0,0
2023-08-11,19554.25,19557.75,19412.75,19428.30078125,235500,-0.0058741361615907,-0.0058914567617632,0.007463339261246,-0.0064410150606645,19554.4203125,19656.9927734375,19240.226171875,19543.73356556787,19242.9637791834,0.9883658708723476,1.0097750726885903,1.0216612111437506,-0.0110836525072925,40.04820075470977,67.12134282025363,121.17500183033552,-54.0536590100819,0.0059423981002912,0.0059517229321088,159.31431361607142,-0.2456758488148622,282350.0,0.8340711882415441,-0.0045562684580157,0.0031527078847637,-0.0013497354646058,0.0069833892701145,312200.0,1
2023-08-14,19383.94921875,19465.849609375,19257.900390625,19434.55078125,243900,0.0003216956578122,0.0003216439248586,0.010699975579092,0.0026104877767144,19521.8703125,19643.1478515625,19258.2351953125,19533.335205156643,19250.476994950717,0.9893806699471588,1.009155334543864,1.019986912214245,-0.0161614467785372,39.95025264572001,51.75544213375906,107.29108989102023,-55.53564775726119,0.0055163456039477,0.0056641953161007,166.06780133928572,0.0356687898089171,281110.0,0.8676318878730745,-0.0058741361615907,-0.0045562684580157,0.0031527078847637,0.0041144018676027,235500.0,1
2023-08-16,19369.0,19482.75,19317.19921875,19465.0,0,0.0015667570139761,0.0015655309306883,0.0085050491266375,0.004956373586659,19500.700390625,19628.9353515625,19275.658203125,19526.82709037982,19258.889661815392,0.9916482810388668,1.0098228446924995,1.0183276308759317,-0.0136088423328843,36.45949751322734,41.55582295335262,94.14403650348672,-52.588213550134114,0.005607950582363,0.0056561918643523,167.53571428571428,-1.0,266790.0,0.0,0.0003216956578122,-0.0058741361615907,-0.0045562684580157,-0.0013497354646058,243900.0,0
2023-08-17,19450.55078125,19461.55078125,19326.25,19365.25,268700,-0.0051245825841254,-0.0051377582900605,0.0069867820580679,-0.0043855200919157,19447.240234375,19605.54033203125,19290.983203125,19511.43879605793,19263.06065546969,0.9877437536552528,1.003849819166447,1.016305914820106,-0.0082605874973518,37.05689062003999,25.133832735617037,80.34199574991278,-55.20816301429575,0.0048319884900838,0.005611509827739,158.34291294642858,0.0,267240.0,1.0054632540038917,0.0015667570139761,0.0003216956578122,-0.0058741361615907,0.0031527078847637,0.0,0
2023-08-18,19301.75,19373.80078125,19253.599609375,19310.150390625,256100,-0.0028452826260957,-0.0028493381372506,0.0062247662210521,0.0004352139378553,19400.650390625,19572.09033203125,19302.658203125,19492.268471730986,19264.90731175029,0.9866166598987351,1.0003881427843335,1.0139582914472698,-0.0036890563269361,35.760922661676915,7.585765204792551,65.79074964088873,-58.20498443609618,0.0043241995783507,0.0052471423209545,157.44294084821428,-0.0468924451060662,266310.0,0.9616612218842702,-0.0051245825841254,0.0015667570139761,0.0003216956578122,-0.0045562684580157,268700.0,1
2023-08-21,19320.650390625,19425.94921875,19296.30078125,19393.599609375,262600,0.0043215209131937,0.0043122099570484,0.0066851146827496,0.0037757123738131,19393.71015625,19554.5203125,19317.8391796875,19482.87143722089,19269.954068519888,0.9917706647591792,1.0039217859193672,1.012251946535582,-0.0063227130514423,34.40959113249687,0.4077495159181126,52.71414961589461,-52.3064000999765,0.0038843990283787,0.0048374025821077,154.19280133928572,0.0253807106598984,263815.0,0.9953944999336656,-0.0028452826260957,-0.0051245825841254,0.0015667570139761,-0.0058741361615907,256100.0,1
2023-08-22,19417.099609375,19443.5,19381.30078125,19396.44921875,208700,0.0001469355577301,0.0001469247637584,0.0032067322244668,-0.0010635157176115,19386.08984375,19540.72529296875,19334.50015625,19474.640749747472,19274.91466264656,0.992616646922995,1.0032040684785934,1.0106661736818725,-0.0102489401342539,35.18626599422542,-4.993379401479615,41.17264381241977,-46.166023213899386,0.0035334907845641,0.0047968783517762,152.13560267857142,-0.2052551408987052,260970.0,0.7997087787868338,0.0043215209131937,-0.0028452826260957,-0.0051245825841254,0.0003216956578122,262600.0,1
2023-08-23,19439.19921875,19472.05078125,19366.599609375,19444.0,225200,0.0024515199000461,0.0024485198272942,0.0054233270867619,0.0002469639410541,19381.88984375,19528.8953125,19351.35015625,19471.722583104856,19281.545460189835,0.9956528359058968,1.0047877715509208,1.0091748200935045,-0.0064815586398576,45.7811289717238,-5.374903788022493,31.86313429233132,-37.23803808035381,0.0036957230120782,0.0048431746026899,141.47502790178572,0.0790608528988978,253745.0,0.8875051725157146,0.0001469355577301,0.0043215209131937,-0.0028452826260957,0.0015667570139761,208700.0,0
2023-08-24,19535.150390625,19584.44921875,19369.0,19386.69921875,268300,-0.0029469646806212,-0.0029513155310064,0.011113249157011,-0.007599182443266,19386.1796875,19509.315234375,19364.7611328125,19463.625119832966,19285.669136996115,0.9937150015696627,1.0011328869892606,1.00746480168648,-0.0125226500233887,50.28340258515781,-10.183568933745846,23.453793647115887,-33.63736258086173,0.0034972271485387,0.0046857887154281,139.63560267857142,0.1913854351687389,254925.0,1.0524664116897129,0.0024515199000461,0.0001469355577301,0.0043215209131937,-0.0051245825841254,225200.0,0
2023-08-25,19297.400390625,19339.55078125,19229.69921875,19265.80078125,466500,-0.0062361537740819,-0.0062556798015631,0.005701894447435,-0.0016375060233683,19377.309765625,19489.61025390625,19374.959140625,19444.78470663459,19284.889985790385,0.9885164726364196,0.9943660082799288,1.0059174892937377,-0.0141890914782001,35.667066370083745,-23.47930935920885,14.06717304585094,-37.54648240505979,0.0037090311935024,0.0047002298683792,136.25362723214286,0.7387253074916138,261505.0,1.7839047054549626,-0.0029469646806212,0.0024515199000461,0.0001469355577301,-0.0028452826260957,268300.0,1
2023-08-28,19298.349609375,19366.849609375,19249.69921875,19306.05078125,248200,0.0020891942389009,0.0020870149074536,0.0060680660147634,0.0003990585739652,19359.8,19472.61025390625,19387.3181640625,19431.571951836057,19285.719820906448,0.9914464742792848,0.9958082194698212,1.0043993753608402,-0.0062923670668091,32.585949177877424,-30.417803318083315,5.170177773064089,-35.587981091147405,0.0034943859499211,0.0047510302927999,137.23228236607142,-0.4679528403001072,260980.0,0.9510307303241629,-0.0062361537740819,-0.0029469646806212,0.0024515199000461,0.0043215209131937,466500.0,1
2023-08-29,19374.849609375,19377.900390625,19309.099609375,19342.650390625,307400,0.001895758474361,0.0018939637920959,0.0035569469468024,-0.0016619080611815,19349.040234375,19452.052734375,19397.651171875,19423.10323172072,19287.95239226796,0.994375794408748,0.9971645648866112,1.0028045438088338,-0.0047287118523811,36.51939744690278,-32.58767671671012,-2.381393124890753,-30.206283591819368,0.0035764351893418,0.0045633715109777,135.12862723214286,0.2385173247381145,261595.0,1.175098912440987,0.0020891942389009,-0.0062361537740819,-0.0029469646806212,0.0001469355577301,248200.0,1
2023-08-30,19433.44921875,19452.80078125,19334.75,19347.44921875,233000,0.0002480956863764,0.0002480649157308,0.0061016199042711,-0.0044253595453875,19329.730078125,19432.74765625,19409.491171875,19415.898087628266,19290.285601149608,0.9956105827642666,0.9968035250086874,1.0011982016514014,-0.006039084574878,31.944080233139218,-33.5335379425087,-8.611822088414343,-24.92171585409436,0.0035167241181574,0.0045726322458087,130.84654017857142,-0.2420299284320104,258345.0,0.9018947531401807,0.001895758474361,0.0020891942389009,-0.0062361537740819,0.0024515199000461,307400.0,0
2023-08-31,19375.55078125,19388.19921875,19223.650390625,19253.80078125,562600,-0.0048403506033882,-0.0048521030396481,0.0085463036620407,-0.0062836923385847,19303.150390625,19419.11015625,19418.233203125,19400.46024892557,19288.854823898644,0.9914872837287656,0.9915320606074224,1.000045161324196,-0.0057551138637508,31.77515127801935,-41.3629793536893,-15.162053541469334,-26.200925812219964,0.0034767543251025,0.0040990481351944,133.44294084821428,1.4145922746781117,271940.0,2.068838714422299,0.0002480956863764,0.001895758474361,0.0020891942389009,-0.0029469646806212,233000.0,1
2023-09-01,19258.150390625,19458.55078125,19255.69921875,19435.30078125,333000,0.0094267101889176,0.0093825560252025,0.010437274153004,0.0091987229838665,19337.050390625,19421.79267578125,19429.8022265625,19403.778394861238,19294.597802618304,1.0006955128032848,1.0002829959164474,0.9995877698245276,0.0064810676298907,50.406790126259295,-32.54715163477522,-18.63907316013051,-13.908078474644707,0.0045687580432048,0.0043607551209464,137.71079799107142,-0.4081052257376466,272805.0,1.220652114147468,-0.0048403506033882,0.0002480956863764,0.001895758474361,-0.0062361537740819,562600.0,1
2023-09-04,19525.05078125,19545.150390625,19432.849609375,19528.80078125,296800,0.0048108337016425,0.0047992986219631,0.0057505211153478,0.0001920609601487,19381.600390625,19422.38271484375,19444.9532421875,19415.685288803023,19303.78223315288,1.005479145786007,1.004312046319586,0.998839260395094,0.0069714325652903,54.972856218337405,-17.810566936084797,-18.47337191532137,0.6628049792365722,0.004614554315715,0.0042069819891554,130.87876674107142,-0.1087087087087087,273605.0,1.0847754975238026,0.0094267101889176,-0.0048403506033882,0.0002480956863764,0.0020891942389009,333000.0,1
2023-09-05,19564.650390625,19587.05078125,19525.75,19574.900390625,256800,0.0023605960187407,0.0023578141889496,0.0031316011845127,0.000523904071647,19428.050390625,19421.2626953125,19463.14125,19430.848631833687,19314.41431775963,1.0079107984749922,1.0057420916382138,0.9978483147119172,0.009200197926046,55.70439997810251,-2.384378553222632,-15.255573242901622,12.87119468967899,0.0046382945091313,0.0041353959410593,123.43233816964286,-0.1347708894878706,275615.0,0.9317344846978576,0.0048108337016425,0.0094267101889176,-0.0048403506033882,0.001895758474361,296800.0,1
2023-09-06,19581.19921875,19636.44921875,19491.5,19611.05078125,287600,0.0018467726478093,0.0018450694598145,0.0073912010308282,0.0015245012405274,19480.770703125,19423.27275390625,19481.53828125,19448.010741301907,19326.04712024945,1.00966768215238,1.0066479606553784,0.9970091926775708,0.0085913794101009,63.660223513168525,12.612630725980123,-9.681932449125274,22.2945631751054,0.0046200276113591,0.0041445168966405,124.12151227678572,0.1199376947040498,276980.0,1.0383421185645172,0.0023605960187407,0.0048108337016425,0.0094267101889176,0.0002480956863764,256800.0,1
2023-09-07,19598.650390625,19737.0,19550.05078125,19727.05078125,304900,0.0059150323607803,0.0058976072365512,0.0094767951288334,0.0065514914581271,19575.420703125,19427.99775390625,19499.7312890625,19474.585983201723,19341.77275401418,1.0153928897425173,1.0116575704976511,0.9963213064789008,0.0175559314486515,71.70009657906776,33.47225189087476,-1.0510955811252671,34.523347472000026,0.0046571702628962,0.0042937805156798,128.88922991071428,0.0601529902642559,278900.0,1.0932233775546791,0.0018467726478093,0.0023605960187407,0.0048108337016425,-0.0048403506033882,287600.0,1
2023-09-08,19774.80078125,19867.150390625,19727.05078125,19819.94921875,288100,0.004709190366575,0.0046981368182121,0.0070686159600481,0.0022831298276748,19652.350390625,19441.840234375,19516.68828125,19507.477719920607,19360.524772239118,1.0194482096250574,1.0155385449175487,0.9961649207182908,0.0287633223135637,71.97576626404624,56.84451132899994,10.528025800899774,46.316485528100166,0.0037714760041142,0.0042474245681941,129.6357421875,-0.0551000327976385,277695.0,1.037469165811412,0.0059150323607803,0.0018467726478093,0.0023605960187407,0.0094267101889176,304900.0,1
2023-09-11,19890.0,20008.150390625,19865.349609375,19996.349609375,248800,0.0089001434200508,0.0088607705870589,0.007141342496985,0.0053468883547008,19745.86015625,19470.24267578125,19532.8342578125,19554.036947487693,19385.459079577777,1.02702107736172,1.023730061159819,0.99679557092406,0.0357555688600703,76.22869205374359,88.58013593774012,26.138447828267843,62.44168810947228,0.0042053970336687,0.0043221751015321,138.63588169642858,-0.1364109684137452,278360.0,0.8938065814053744,0.004709190366575,0.0059150323607803,0.0018467726478093,0.0048108337016425,288100.0,0
2023-09-12,20110.150390625,20110.349609375,19914.650390625,19993.19921875,328100,-0.0001575482868895,-0.0001575606989245,0.00978828933823,-0.0058155294517101,19829.519921875,19498.17509765625,19546.2472265625,19595.86192570315,19409.29202621198,1.0253882283144156,1.022866383864219,0.997540595473441,0.0336328690736358,74.98187594618221,112.1834558413102,43.34744943087632,68.83600641043388,0.0043410140112543,0.004330027712139,145.08217075892858,0.3187299035369775,282570.0,1.16112821601727,0.0089001434200508,0.004709190366575,0.0059150323607803,0.0023605960187407,248800.0,1
2023-09-13,19989.5,20096.900390625,19944.099609375,20070.0,251400,0.0038413452699443,0.003833986143147,0.0076133921898355,0.0040271142349733,19921.309765625,19528.42509765625,19559.8672265625,19641.017932779043,19435.20214283112,1.0277326461112704,1.0260805846751728,0.9983925182854232,0.0373460487261423,80.54007528300964,135.5241995026081,61.78279944522268,73.74140005738542,0.0042061786229626,0.0043637030865929,140.60728236607142,-0.2337701920146296,295140.0,0.8517991461679203,-0.0001575482868895,0.0089001434200508,0.004709190366575,0.0018467726478093,328100.0,1
2023-09-14,20127.94921875,20167.650390625,20043.44921875,20103.099609375,275100,0.0016492082399102,0.0016478497893743,0.0061782100416534,-0.0012345822768596,19996.51953125,19565.317578125,19573.95921875,19685.02571150247,19461.394200342645,1.0274864964037829,1.0270328748880877,0.9995585134040372,0.0441107102838664,90.6102281274452,154.9070962870719,80.40765881359253,74.49943747347938,0.0031003604052615,0.0040720051974079,141.63225446428572,0.094272076372315,295460.0,0.931090502944561,0.0038413452699443,-0.0001575482868895,0.0089001434200508,0.0059150323607803,251400.0,1
2023-09-15,20156.44921875,20222.44921875,20129.69921875,20192.349609375,438200,0.0044396138771742,0.0044297878632228,0.0045933237980852,0.0017810870473954,20070.999609375,19609.4275390625,19587.8601953125,19733.342273204617,19490.05911834392,1.0297266235412177,1.0308604108889423,1.001101056651158,0.0389522568570359,91.036286391744,175.44746161635703,99.41561937414544,76.03184224221158,0.0025474508872705,0.0039515413273644,141.78934151785714,0.5928753180661577,304565.0,1.4387733324577676,0.0016492082399102,0.0038413452699443,-0.0001575482868895,0.004709190366575,275100.0,0
2023-09-18,20155.94921875,20195.349609375,20115.69921875,20133.30078125,264900,-0.0029243168460981,-0.0029286010148227,0.0039561516261247,-0.0011236601786499,20098.38984375,19646.41259765625,19603.8901953125,19771.43355968513,19515.284281595137,1.024782549036552,1.027005384169316,1.002169079806105,0.030954281666921,85.86217954964644,184.83049133597888,116.49859376651214,68.33189756946673,0.0032835925855095,0.0040806719924864,142.34654017857142,-0.395481515289822,304680.0,0.8694367861362742,0.0044396138771742,0.0016492082399102,0.0038413452699443,0.0089001434200508,438200.0,0
2023-09-20,19980.75,20050.650390625,19878.849609375,19901.400390625,378100,-0.011518249945432,-0.0115850988033336,0.0086325976000628,-0.0039713028477409,20080.030078125,19671.66015625,19614.8001953125,19783.811353107976,19530.42608979239,1.0116787415271613,1.0146114256815622,1.00289882947424,0.0166795229341942,70.83389037678664,171.57636105122947,127.5141472234556,44.06221382777386,0.0056888010631243,0.0050659447940661,146.18582589285714,0.4273310683276707,313150.0,1.2074085901325244,-0.0029243168460981,0.0044396138771742,0.0016492082399102,-0.0001575482868895,264900.0,0
2023-09-21,19840.55078125,19848.75,19709.94921875,19742.349609375,275100,-0.0079919391664983,-0.0080240458900552,0.0070306110466247,-0.0049495184361415,20014.5,19686.57763671875,19620.8591796875,19779.8626156096,19538.73681605053,1.0028329948295445,1.0061919016172989,1.00334941790415,0.0066951449766543,67.51259866445056,146.5489731665839,131.32111241208128,15.227860754502617,0.0064562982388348,0.0054648785172684,144.3466796875,-0.2724147051044697,315645.0,0.8715487335455971,-0.011518249945432,-0.0029243168460981,0.0044396138771742,0.0038413452699443,378100.0,0
2023-09-22,19744.849609375,19798.650390625,19657.5,19674.25,246400,-0.0034494176591149,-0.0034553806166447,0.0071743721171073,-0.0035755962071992,19928.730078125,19700.95517578125,19626.6581640625,19769.804271265824,19544.051058558354,0.9986444730449374,1.002424856821761,1.003785515144641,-0.0026765674116977,59.32339788630426,119.8380995955158,129.0245098487682,-9.186410253252376,0.0062897298284629,0.0054840308869782,139.80385044642858,-0.104325699745547,314550.0,0.7833412811953584,-0.0079919391664983,-0.011518249945432,-0.0029243168460981,0.0016492082399102,275100.0,1
2023-09-25,19678.19921875,19734.150390625,19601.55078125,19674.55078125,188400,1.5288066889551644e-05,1.5287950028248088e-05,0.0067396511792974,-0.0001854050494886,19825.1703125,19721.39267578125,19631.8741796875,19760.732510311936,19549.16869474234,0.997624818120032,1.002173842454973,1.004559854819484,-0.0073359641790833,56.132968651378086,97.56909459430244,122.73342679787504,-25.164332203572613,0.0060486086160355,0.0052369372548543,141.25376674107142,-0.2353896103896103,300645.0,0.6266526967020905,-0.0034494176591149,-0.0079919391664983,-0.011518249945432,0.0044396138771742,246400.0,0
2023-09-26,19682.80078125,19699.349609375,19637.44921875,19664.69921875,204900,-0.0005007261720755,-0.0005008515772894,0.0031477923936908,-0.0009196639594728,19731.45,19739.32509765625,19633.8781640625,19751.58648254413,19553.699303526955,0.9962194310830258,1.0015697894440394,1.0053706625208034,-0.0165855467174623,53.89751197389056,78.22409031022835,113.83155950034572,-35.60746919011737,0.0050382830196936,0.0052419269657834,141.29659598214286,0.0875796178343948,298480.0,0.6864781559903511,1.5288066889551644e-05,-0.0034494176591149,-0.0079919391664983,-0.0029243168460981,188400.0,1
2023-09-27,19637.05078125,19730.69921875,19554.0,19716.44921875,203600,0.0026316191986632,0.0026281625519171,0.0089620203308191,0.0040432974576717,19694.459765625,19758.0150390625,19633.9781640625,19748.2400764685,19560.081653143545,0.9978962552548764,1.0042004250997107,1.006317460168466,-0.0138422068910541,54.51345908078124,66.30451042600544,104.32614968547767,-38.02163925947224,0.0052055855266746,0.0052516661436024,143.564453125,-0.0063445583211322,293290.0,0.6941934603975587,-0.0005007261720755,1.5288066889551644e-05,-0.0034494176591149,-0.011518249945432,204900.0,0
2023-09-28,19761.80078125,19766.650390625,19492.099609375,19523.55078125,352800,-0.0097836296667737,-0.0098318038412133,0.0140625434546298,-0.0120560875315599,19650.7,19766.8201171875,19629.4641796875,19726.8410959715,19558.649069932035,0.9876930465044312,0.9946043663001712,1.006997436926584,-0.0272271658570004,41.82402571313781,40.82229173693122,91.62537809576838,-50.80308635883716,0.0054678392610504,0.0057803488173777,149.82170758928572,0.7328094302554027,299280.0,1.1788291900561347,0.0026316191986632,-0.0005007261720755,1.5288066889551644e-05,-0.0079919391664983,203600.0,1
2023-09-29,19581.19921875,19726.25,19551.05078125,19638.30078125,243500,0.0058775169171687,0.0058603116976752,0.0089213023418642,0.0029161422577899,19643.51015625,19786.0451171875,19625.5671875,19718.40868504564,19561.772666454308,0.9925329021003212,1.0006488267894804,1.0081769830219078,-0.0231207543690548,42.82788275866323,29.546225336809584,79.20954754397663,-49.66332220716704,0.0059831754894823,0.0057591683521011,154.29310825892858,-0.3098072562358276,283325.0,0.859437042265949,-0.0097836296667737,0.0026316191986632,-0.0005007261720755,-0.0034494176591149,352800.0,0
2023-10-03,19622.400390625,19623.19921875,19479.650390625,19528.75,221700,-0.0055784246544688,-0.0055940421731296,0.0073506408820329,-0.0047726266287861,19614.35,19790.717578125,19616.5591796875,19700.34595313653,19560.477659926688,0.986763108659862,0.9955237216229834,1.0088781318294513,-0.0328639124328008,30.50859324752298,11.635897597836449,65.6948175547486,-54.05891995691215,0.005546892222938,0.0055812283089598,151.10365513392858,-0.0895277207392196,277760.0,0.7981710829493087,0.0058775169171687,-0.0097836296667737,0.0026316191986632,1.5288066889551644e-05,243500.0,0
2023-10-04,19446.30078125,19457.80078125,19333.599609375,19436.099609375,277100,-0.0047443072713306,-0.0047555972198833,0.0063902312897743,-0.0005245816152774,19568.630078125,19786.08251953125,19610.381171875,19675.17963468305,19555.60008931682,0.9823116622600369,0.9911127906707926,1.0089596090007795,-0.0346292532680134,28.39027287645328,-9.919927633247426,50.5718685171494,-60.49179615039682,0.0055618454761733,0.0055793458892337,145.99665178571428,0.2498872350022554,276775.0,1.0011742390028,-0.0055784246544688,0.0058775169171687,-0.0097836296667737,-0.0005007261720755,221700.0,1
2023-10-05,19521.849609375,19576.94921875,19487.30078125,19545.75,234900,0.0056415841052857,0.0056257299700197,0.0045865949119373,0.0012242892504162,19534.490234375,19784.625,19607.8491796875,19662.853002808475,19555.213811304395,0.9879262305957276,0.9968329428119108,1.0090155640576648,-0.0178706213454474,30.169861167751197,-17.94830737830489,36.86783333805855,-54.81614071636344,0.0054521416147154,0.0057057839335783,145.14299665178572,-0.152291591483219,275680.0,0.8520748694138132,-0.0047443072713306,-0.0055784246544688,0.0058775169171687,0.0026316191986632,277100.0,1
2023-10-06,19621.19921875,19675.75,19589.400390625,19653.5,159100,0.0055127073660514,0.005497568008546,0.0043935995814994,0.0016462185052957,19560.480078125,19786.7474609375,19607.3071875,19661.96224063624,19559.0681716454,0.9932658229352472,1.0023558978322862,1.0091517040928444,-0.0045004577030085,33.90265017643134,-15.4383677782389,26.40659311479906,-41.84496089303796,0.0054145086886831,0.0058276098569479,145.55719866071428,-0.3226905065985526,269255.0,0.5908896770719206,0.0056415841052857,-0.0047443072713306,-0.0055784246544688,-0.0097836296667737,234900.0,0
2023-10-09,19539.44921875,19588.94921875,19480.5,19512.349609375,165100,-0.0071819467588469,-0.007207861089913,0.0055579784557516,-0.0013869177719193,19535.28984375,19776.01240234375,19601.9881640625,19647.71341861136,19557.236071164207,0.9866675451246428,0.9954270682168944,1.00887788712169,-0.008229050186157,26.52585958127355,-24.55581528926268,16.214111433986712,-40.7699267232494,0.0057645702860395,0.0058789419383545,144.77859933035714,0.0377121307353864,262265.0,0.6295159476102415,0.0055127073660514,0.0056415841052857,-0.0047443072713306,0.0058775169171687,159100.0,1
2023-10-10,19565.599609375,19717.80078125,19565.44921875,19689.849609375,216600,0.0090968029762401,0.0090556762901256,0.0077375686215226,0.0063504314961277,19567.509765625,19769.507421875,19602.5871484375,19651.72638916028,19562.436602074435,0.995970672875144,1.0044515787776749,1.0085152164953293,0.0007775947870474,35.848990749524134,-17.25973211084056,9.51934272502126,-26.77907483586182,0.0065645930000458,0.0061577044126125,153.76436941964286,0.311932162325863,258690.0,0.8372956047779195,-0.0071819467588469,0.0055127073660514,0.0056415841052857,-0.0055784246544688,165100.0,1
2023-10-11,19767.0,19839.19921875,19756.94921875,19811.349609375,213700,0.0061706921287072,0.0061517313687301,0.0041516606198841,0.0022436186257398,19642.559765625,19760.257421875,19605.893125,19666.928600609303,19572.197896478378,1.0025856033354827,1.0104793228783349,1.007873362151412,0.0074575455741103,46.90855889200004,-1.6544278301880695,7.284588613979394,-8.939016444167464,0.0068311215211466,0.0059719019828488,152.16071428571428,-0.0133887349953831,256935.0,0.8317278689162628,0.0090968029762401,-0.0071819467588469,0.0055127073660514,-0.0047443072713306,216600.0,0
2023-10-12,19822.69921875,19843.30078125,19772.650390625,19794.0,217900,-0.0008757409120068,-0.0008761245971014,0.003569283147671,-0.0014477957029612,19692.209765625,19750.2974609375,19606.697109375,19679.030638646516,19580.896018185107,1.0022127534610017,1.0095530057704334,1.007324046001294,0.0039333036283353,51.9642636963662,9.206789622799988,7.669028815743514,1.5377608070564746,0.0068135292510063,0.0059721181886382,147.29282924107142,0.0196537201684605,251425.0,0.8666600377846276,0.0061706921287072,0.0090968029762401,-0.0071819467588469,0.0056415841052857,213700.0,0
2023-10-13,19654.55078125,19805.400390625,19635.30078125,19751.05078125,255000,-0.002169809980297,-0.002172167428733,0.0086121802459481,0.0049098044047925,19711.719921875,19734.35,19607.047109375,19685.889699846844,19587.56875399157,1.0008462797735929,1.0073444854327986,1.006492711009203,0.0116525934523388,52.97769417637473,14.185221292551432,8.972267311105098,5.212953981446335,0.0059065956849295,0.0058931661323163,149.36063058035714,0.1702615878843505,251605.0,1.0134933725482402,-0.0008757409120068,0.0061706921287072,0.0090968029762401,0.0055127073660514,217900.0,0
2023-10-16,19737.25,19781.30078125,19691.849609375,19731.75,181000,-0.0009772027556287,-0.0009776805295215,0.0045333623158108,-0.0002786609076745,19755.6,19715.78251953125,19611.15109375,19690.25734748048,19593.22292050171,1.0008098831711565,1.0061495067614077,1.0053353026184475,0.0047585185597738,52.18550934024274,16.384383540447743,10.454690556973627,5.929692983474116,0.0056937741923729,0.0058649204863922,146.27859933035714,-0.2901960784313725,246900.0,0.7330903199675982,-0.002169809980297,-0.0008757409120068,0.0061706921287072,-0.0071819467588469,255000.0,1
2023-10-17,19843.19921875,19849.75,19775.650390625,19811.5,185800,0.0040417094276989,0.0040335636613206,0.0037402321568281,-0.0015974852845325,19779.930078125,19696.7400390625,19619.7480859375,19701.80426676805,19601.78280597223,1.0058263428724707,1.009773413665792,1.0039242070177337,0.0144786532676182,55.32465655603917,24.282480645888427,13.220248574756589,11.06223207113184,0.0053576314490496,0.0058464949443423,150.28571428571428,0.0265193370165746,234280.0,0.793068123612771,-0.0009772027556287,-0.002169809980297,-0.0008757409120068,0.0090968029762401,181000.0,0
2023-10-18,19820.44921875,19840.94921875,19659.94921875,19671.099609375,198900,-0.0070868127413371,-0.007112043473065,0.0092013158183458,-0.0075351273690465,19751.880078125,19673.62998046875,19622.830078125,19698.880013683,19604.501111988026,0.9998713826021806,1.002459865934619,1.0025888162992544,0.0120909032533795,48.45450031350633,18.993693876403995,14.37493763508607,4.618756241317925,0.0057010994366446,0.0059939099455629,150.59291294642858,0.0705059203444564,230980.0,0.8611135163217595,0.0040417094276989,-0.0009772027556287,-0.002169809980297,0.0061706921287072,185800.0,0
2023-10-19,19545.19921875,19681.80078125,19512.349609375,19624.69921875,230300,-0.0023588102112444,-0.0023615965866002,0.0086345869552538,0.0040674949950745,19718.019921875,19659.794921875,19623.378046875,19691.81517607033,19605.293194606144,0.9982148489714942,1.0000673264242192,1.0018557903187213,0.0040392012969572,53.829487676249016,10.932149504289557,13.686380008926768,-2.754230504637213,0.0055704611805361,0.0054827116915837,143.08579799107142,0.1578682755153344,223590.0,1.030010286685451,-0.0070868127413371,0.0040417094276989,-0.0009772027556287,-0.0008757409120068,198900.0,0
2023-10-20,19542.150390625,19593.80078125,19518.69921875,19542.650390625,198300,-0.0041808960845935,-0.0041896604678091,0.0038429568660772,2.558572060932793e-05,19676.33984375,19649.8099609375,19622.8140625,19677.60900602792,19602.836614057866,0.9945465340109892,0.9959147718762622,1.001375740418857,-0.0056401968796906,46.28672294751081,-2.0536638514095102,10.538371236859511,-12.592035088269023,0.005426540456011,0.0052762817096414,133.9716796875,-0.1389491966999565,219750.0,0.9023890784982936,-0.0023588102112444,-0.0070868127413371,0.0040417094276989,-0.002169809980297,230300.0,0
2023-10-23,19521.599609375,19556.849609375,19257.849609375,19281.75,176000,-0.0133503074255556,-0.013440223951969,0.0155068912313457,-0.0122863706957607,19586.33984375,19630.1849609375,19615.798046875,19639.90814831097,19590.244982134023,0.9822500418803564,0.9829704585010134,1.0007334350622965,-0.0118181364106045,41.41944466307153,-33.0168973411819,1.8273175212512305,-34.844214862433134,0.0065215705651738,0.0059934506628143,145.07533482142858,-0.1124558749369641,216230.0,0.8139481108079359,-0.0041808960845935,-0.0023588102112444,-0.0070868127413371,-0.0009772027556287,198300.0,0
2023-10-25,19286.44921875,19347.30078125,19074.150390625,19122.150390625,225300,-0.008277236732921,-0.0083116832700098,0.0142845017451027,-0.0085188738612015,19448.469921875,19602.56494140625,19607.3790625,19590.59788567421,19571.88833148661,0.9754922607211224,0.97525275202115,0.9997544740131558,-0.0288320749021718,39.57844917012448,-69.63117279082508,-12.464380541164031,-57.16679224966104,0.0057580838970001,0.0062041764011017,155.71456473214286,0.2801136363636363,218075.0,1.033130803622607,-0.0133503074255556,-0.0041808960845935,-0.0023588102112444,0.0040417094276989,176000.0,0
2023-10-26,19027.25,19041.69921875,18837.849609375,18857.25,300400,-0.0138530649123475,-0.013949914095014,0.0108101451364859,-0.0089345543890998,19285.7,19562.19248046875,19595.958046875,19520.75522989572,19543.86329887929,0.9639640351574816,0.9623030399887592,0.9982769116812008,-0.0481592434734232,29.280770388203425,-118.65570838908025,-33.70264611074728,-84.95306227833296,0.0057458214205343,0.0067991819980981,160.21456473214286,0.3333333333333332,222850.0,1.347991922818039,-0.008277236732921,-0.0133503074255556,-0.0041808960845935,-0.0070868127413371,225300.0,1
2023-10-27,18928.75,19076.150390625,18926.650390625,19047.25,205200,0.0100757003274603,0.0100252788637633,0.0078489020724776,0.0062603182988839,19170.21015625,19528.73251953125,19588.21203125,19475.65949371517,19524.38826755069,0.9753449170830872,0.9723832869285376,0.9969635048046316,-0.0377260786096796,32.61648745519713,-140.5563478647637,-55.07338646155056,-85.4829614032131,0.0073981830179027,0.007255582702248,166.56459263392858,-0.3169107856191744,222930.0,0.9204683084376262,-0.0138530649123475,-0.008277236732921,-0.0133503074255556,-0.0023588102112444,300400.0,1
2023-10-30,19053.400390625,19158.5,18940.0,19140.900390625,180100,0.0049167407696648,0.0049046930738934,0.0114153459628795,0.0045923561257366,19089.86015625,19509.6,19581.7300390625,19443.77767437325,19509.349527279097,0.9811016315365256,0.9774877067777916,0.9963164623902684,-0.0308920470805647,39.05087048636698,-148.6425003629156,-73.78720924182358,-74.85529112109202,0.0078976596019451,0.0071364353289776,174.42536272321428,-0.1223196881091618,214295.0,0.8404302480225857,0.0100757003274603,-0.0138530649123475,-0.008277236732921,-0.0041808960845935,205200.0,0
2023-10-31,19232.94921875,19233.69921875,19056.44921875,19079.599609375,206000,-0.0032026069828995,-0.0032077463043944,0.0092900272347909,-0.0079732758419338,19049.430078125,19481.66494140625,19576.01703125,19409.09404913532,19492.49658932208,0.9793618598184234,0.9746415513900224,0.9951802202821374,-0.0330508135682339,30.688911798226428,-158.1739642106113,-90.66456023558112,-67.50940397503018,0.0078612844350453,0.0069643113620474,172.41099330357142,0.1438089950027763,212420.0,0.969776857169758,0.0049167407696648,0.0100757003274603,-0.0138530649123475,-0.0133503074255556,180100.0,0
2023-11-01,19064.05078125,19096.05078125,18973.69921875,18989.150390625,194100,-0.0047406245729368,-0.0047518969731957,0.0064432352150102,-0.0039288811955256,19022.830078125,19454.6849609375,19569.59703125,19369.099414991484,19472.757522706503,0.9760708245213308,0.970339366738206,0.9941280308363528,-0.0415086999659288,23.460322183666875,-171.05440531110798,-106.74252925068647,-64.3118760604215,0.0074217091493819,0.0069403980876228,170.48256138392858,-0.057766990291262,211040.0,0.9197308567096284,-0.0032026069828995,0.0049167407696648,0.0100757003274603,-0.008277236732921,206000.0,1
2023-11-02,19120.0,19175.25,19064.150390625,19133.25,245600,0.0075885232572669,0.0075598752540646,0.0058066250832974,0.0006929916317991,19078.030078125,19439.54248046875,19564.3900390625,19346.63756594468,19459.44350220821,0.9842438431472096,0.977963021683698,0.9936186327125724,-0.0273421222023941,30.284947038639416,-167.7014555073838,-118.93431450202596,-48.76714100535784,0.0082001525993516,0.0071696500342207,178.72893415178572,0.265327150953117,209465.0,1.1725109206788724,-0.0047406245729368,-0.0032026069828995,0.0049167407696648,-0.0138530649123475,194100.0,1
2023-11-03,19241.0,19276.25,19210.900390625,19230.599609375,189500,0.0050879808383312,0.0050750808020812,0.0033982096607711,-0.0005405327490774,19114.7,19423.7849609375,19561.073046875,19335.58633198566,19450.46923190103,0.9900541860429876,0.983105556801098,0.9929815667265026,-0.0200818165405799,34.95936611363038,-155.39759203002177,-126.22697000762513,-29.170622022396643,0.0085703923691488,0.007144749383722,176.79324776785714,-0.2284201954397394,207195.0,0.9145973599749028,0.0075885232572669,-0.0047406245729368,-0.0032026069828995,0.0100757003274603,245600.0,1
2023-11-06,19345.849609375,19423.0,19309.69921875,19411.75,180700,0.0094199033989916,0.0093758127789547,0.0058367113346297,0.0034064355898365,19168.869921875,19411.6974609375,19560.428046875,19342.84001465369,19448.95083065001,1.000002706567141,0.992399039196959,0.9923963532095984,-0.0066981902663415,41.54334038054969,-129.53615681094743,-126.8888073682896,-2.647349442657827,0.0092379254823833,0.0073739803625279,184.14676339285717,-0.0464379947229551,208275.0,0.8676029288200696,0.0050879808383312,0.0075885232572669,-0.0047406245729368,0.0049167407696648,189500.0,0
2023-11-07,19404.05078125,19423.5,19329.099609375,19406.69921875,198700,-0.0002601919584787,-0.0002602258142791,0.0048643197671551,0.0001364888975944,19234.28984375,19406.41494140625,19560.828046875,19348.921843615248,19447.29390469315,1.0000146486275086,0.9921205366278129,0.9921060036365168,0.0064801804167153,38.86258165333631,-108.20106439644952,-123.1512587739216,14.950194377472087,0.008081708379339,0.0072090444836765,182.46107700892856,0.099612617598229,209955.0,0.9463932747493512,0.0094199033989916,0.0050879808383312,0.0075885232572669,-0.0032026069828995,180700.0,1
2023-11-08,19449.599609375,19464.400390625,19401.5,19443.5,195000,0.0018962926582819,0.0018944969651071,0.0032350343623833,-0.0003136110509987,19325.159765625,19394.0974609375,19564.38203125,19357.929287080464,19447.145124116945,1.0025472976590946,0.9938213212634616,0.9912961947870113,0.0168050979001057,43.35941373238434,-87.31680073099778,-115.98436716533683,28.667566434339065,0.0074440850333792,0.0068922834880421,174.025390625,-0.0186210367388022,208875.0,0.933572710951526,-0.0002601919584787,0.0094199033989916,0.0050879808383312,-0.0047406245729368,198700.0,0
2023-11-09,19457.400390625,19463.900390625,19378.349609375,19395.30078125,208400,-0.002478937369815,-0.002482015022314,0.0044109025281373,-0.0031915676363899,19377.569921875,19373.29501953125,19566.16703125,19361.48847700137,19445.11201263197,1.001135881206401,0.991267259973448,0.9901425756301322,0.0285328338570045,43.31394819294666,-73.80437456027721,-107.54836864432492,33.74399408404771,0.0053636129210109,0.0067132513270774,168.03250558035714,0.0687179487179487,208610.0,0.998993336848665,0.0018962926582819,-0.0002601919584787,0.0094199033989916,0.0075885232572669,195000.0,1
2023-11-10,19351.849609375,19451.30078125,19329.44921875,19425.349609375,152200,0.0015492839458333,0.0015480850435944,0.0062728118129308,0.003798086564521,19416.519921875,19354.8625,19567.821015625,19367.570489608384,19444.337016425816,1.0036418295079597,0.9927190970248432,0.9891169019046652,0.0198506140978356,46.47427769011121,-59.97958287170332,-98.0346114898006,38.055028618097296,0.0047295470759576,0.0067386061462092,171.37179129464286,-0.2696737044145874,205325.0,0.741263849993912,-0.002478937369815,0.0018962926582819,-0.0002601919584787,0.0050879808383312,208400.0,1
2023-11-13,19486.75,19494.400390625,19414.75,19443.55078125,189300,0.0009369804014345,0.0009365417093074,0.0040964940777077,-0.0022168508730291,19422.880078125,19339.4875,19569.743046875,19374.806707859967,19444.306183673823,1.005380870679743,0.9935516646630088,0.9882341047440698,0.0158117112804805,55.69399958760052,-47.012720027418254,-87.83023319732415,40.81751316990589,0.0046207711845728,0.0067445393177256,155.70396205357142,0.2437582128777924,202040.0,0.9369431795684025,0.0015492839458333,-0.002478937369815,0.0018962926582819,0.0094199033989916,152200.0,1
2023-11-15,19651.400390625,19693.19921875,19579.650390625,19675.44921875,291500,0.0119267535086042,0.0118561902899385,0.0057710920275605,0.0012237717234886,19476.630078125,19336.6724609375,19578.176015625,19403.43932794473,19453.370616421907,1.0175199098240335,1.0049684507406291,0.9876646550478064,0.0312296705158436,68.5285303355148,-17.81871885280634,-73.82793032842059,56.00921147561425,0.0052966079023864,0.0073118625201917,154.02525111607142,0.5398837823560485,207565.0,1.40437935104666,0.0009369804014345,0.0015492839458333,-0.002478937369815,-0.0002601919584787,189300.0,1
2023-11-16,19674.69921875,19875.25,19627.0,19765.19921875,282700,0.0045615222809993,0.0045511500683312,0.0125599543547479,0.0045998161900108,19540.969921875,19334.357421875,19584.773984375,19437.892650878566,19465.599189062224,1.02228374015614,1.009212525736521,0.98721371190192,0.0408680121101225,84.44553120229997,12.416680572918269,-56.57900814815282,68.99568872107109,0.0045307212188562,0.0073283198606265,157.19670758928572,-0.030188679245283,212410.0,1.330916623511134,0.0119267535086042,0.0009369804014345,0.0015492839458333,0.0018962926582819,291500.0,0
2023-11-17,19674.75,19806.0,19667.44921875,19731.80078125,236800,-0.0016897597201204,-0.0016911889743673,0.0070216997822954,0.0028996953582637,19608.269921875,19337.39248046875,19588.833984375,19465.88390139013,19476.038467187234,1.020396147059621,1.0072983821798192,0.9871640392630407,0.0312832781283891,79.47225912783169,33.29962037286896,-38.60328244394847,71.90290281681743,0.0046667542978883,0.007154164096083,151.45744977678572,-0.1623629288998939,214305.0,1.1049672196169011,0.0045615222809993,0.0119267535086042,0.0009369804014345,-0.002478937369815,282700.0,0
2023-11-20,19731.150390625,19756.44921875,19670.5,19694.0,173800,-0.0019157289123818,-0.0019175662679732,0.0043642337133136,-0.0018828294290763,19662.0,19340.85751953125,19591.2159765625,19487.60924411488,19484.58597827793,1.0182588843391318,1.005246434093752,0.9872208821886932,0.02409703285586,75.0158564702349,46.26596820333725,-21.62943231449132,67.89540051782858,0.0048547624291538,0.0071466314113206,141.98953683035714,-0.2660472972972972,211480.0,0.8218271231322111,-0.0016897597201204,0.0045615222809993,0.0119267535086042,0.0015492839458333,236800.0,1
2023-11-21,19770.900390625,19829.099609375,19754.05078125,19783.400390625,195000,0.004539473475424,0.0045292011413009,0.003793525210184,0.0006322423234668,19729.969921875,19352.89501953125,19594.66296875,19515.779829496794,19496.30419052684,1.0222450114393364,1.0096320830920136,0.9876615408183176,0.0191456406879853,81.0427944769315,63.02919532033047,-4.697706787526961,67.72690210785743,0.0042876839587488,0.0071322044983164,138.97879464285714,0.1219792865362485,211315.0,0.9227929867733006,-0.0019157289123818,-0.0016897597201204,0.0045615222809993,0.0009369804014345,173800.0,1
2023-11-22,19784.0,19825.55078125,19703.849609375,19811.849609375,184500,0.0014380348265852,0.0014370018446946,0.0061428475520736,0.0014076834500101,19757.25,19379.4,19596.3589453125,19543.97695138996,19508.678520677742,1.022314912194134,1.0109964644281046,0.9889286093443194,0.0208768315548251,88.38657232738791,77.7139497388307,11.784624517744572,65.92932522108613,0.0042259756273226,0.0063189008340083,138.93233816964286,-0.0538461538461538,211740.0,0.8713516576933975,0.004539473475424,-0.0019157289123818,-0.0016897597201204,0.0119267535086042,195000.0,0
2023-11-23,19828.44921875,19875.150390625,19786.75,19802.0,170000,-0.0004971574875239,-0.000497281111283,0.0044642152623472,-0.0013339025386306,19764.61015625,19413.39248046875,19595.9999609375,19568.550575067107,19520.181323788423,1.0200174966803055,1.01051235147342,0.9906813900371116,0.0184380384190088,85.67246344197599,87.54774633037232,26.93724888027013,60.610497450102194,0.0043037409295239,0.0059185615211305,131.95382254464286,-0.078590785907859,208975.0,0.8134944371336285,0.0014380348265852,0.004539473475424,-0.0019157289123818,0.0045615222809993,184500.0,0
2023-11-24,19809.599609375,19832.849609375,19768.849609375,19794.69921875,145900,-0.0003686890844358,-0.0003687570669664,0.0032331888094251,-0.00075218030242,19777.18984375,19460.26494140625,19591.966953125,19590.088541132147,19530.94673143397,1.0171854945629315,1.0103477239477818,0.993277754498369,0.0205925364089278,83.28811457365663,93.67219420032052,40.28423794428021,53.38795625604031,0.0041164544673303,0.0046703148528281,126.31096540178572,-0.1417647058823529,201250.0,0.7249689440993788,-0.0004971574875239,0.0014380348265852,0.004539473475424,-0.0016897597201204,170000.0,1
2023-11-28,19844.650390625,19916.849609375,19800.0,19889.69921875,229600,0.0047992646389904,0.0047877848833909,0.0058748806651055,0.0022700741629735,19816.3296875,19502.38740234375,19589.896953125,19618.622891381467,19545.01545642676,1.019859712988765,1.0153039225444815,0.9955329243951284,0.0239043115677515,81.39658410912786,104.9814089793399,53.22367215129215,51.75773682804776,0.004200215910931,0.0043581785463145,121.29310825892856,0.5736806031528443,202470.0,1.133995159776757,-0.0003686890844358,-0.0004971574875239,0.0014380348265852,-0.0019157289123818,145900.0,1
2023-11-29,19976.55078125,20104.650390625,19956.30078125,20096.599609375,236200,0.0104023891135545,0.0103486565738691,0.0073818263914555,0.0060094872953582,19878.96953125,19550.17236328125,19590.4289453125,19664.144483571326,19566.64620752277,1.0279499963447911,1.025837650899605,0.9979450893013304,0.0335869119520471,85.82044599486872,129.15041002154248,68.40901972534222,60.741390296200265,0.0048495875339947,0.0046953306486992,129.90387834821428,0.028745644599303,205275.0,1.1506515649738156,0.0047992646389904,-0.0003686890844358,-0.0004971574875239,0.004539473475424,229600.0,1
2023-11-30,20108.5,20158.69921875,20015.849609375,20133.150390625,486600,0.0018187545137213,0.0018171025823992,0.007095243744939,0.0012258691908894,19943.2296875,19602.84990234375,19591.0299609375,19708.81171281453,19588.86205784051,1.0270522138833418,1.0276718697673597,1.0006033343540293,0.0232625525743437,85.81676394273391,149.53016934210973,84.63324964869572,64.896919693414,0.0038100658407021,0.0045081421462139,135.61453683035714,1.0601185436071128,219305.0,2.2188276601080688,0.0104023891135545,0.0047992646389904,-0.0003686890844358,0.0014380348265852,236200.0,1
2023-12-01,20194.099609375,20291.55078125,20183.69921875,20267.900390625,265800,0.0066929416105065,0.0066706433156343,0.0053212992180426,0.0036545715173029,20036.409765625,19666.78740234375,19592.5409765625,19762.058253558385,19615.49101206736,1.0305648795598217,1.0344702310369234,1.0037895250988662,0.0254336506458341,91.58012884347993,174.54245747825917,102.6150912146084,71.92736626365075,0.0040032859869774,0.0042311058495213,140.81808035714286,-0.4537607891491985,222890.0,1.1925164879536991,0.0018187545137213,0.0104023891135545,0.0047992646389904,-0.0004971574875239,486600.0,1
2023-12-04,20601.94921875,20702.650390625,20507.75,20686.80078125,381100,0.0206681690037693,0.0204574804837739,0.0094214853560949,0.0041186181753508,20214.830078125,19744.46494140625,19603.6109765625,19850.1289704814,19657.50315987844,1.0477265827481386,1.0552546062040575,1.007185103041075,0.0483990290895031,93.85671971784504,225.56644706523,127.20536238473274,98.36108468049729,0.0066631099601882,0.0056620983993568,163.16796875,0.4337848006019564,229665.0,1.6593734352208651,0.0066929416105065,0.0018187545137213,0.0104023891135545,-0.0003686890844358,265800.0,1
2023-12-05,20808.900390625,20864.05078125,20711.150390625,20855.099609375,421000,0.0081355657602475,0.0081026504477443,0.0073315588747543,0.0022201662693726,20407.91015625,19825.68994140625,19622.6849609375,19945.840459899835,19704.467726525367,1.0519230186193325,1.0628056074329708,1.0103454232115976,0.0589570229194171,94.43729148297491,276.3974970243653,157.04378931265927,119.35370771170602,0.0062962870915434,0.0057350735695547,170.13936941964286,0.1046969299396483,241240.0,1.7451500580334935,0.0206681690037693,0.0066929416105065,0.0018187545137213,0.0047992646389904,381100.0,1
2023-12-06,20950.75,20961.94921875,20852.150390625,20937.69921875,359200,0.0039606432442005,0.0039528205452235,0.0052440732373628,-0.0006229266852022,20576.130078125,19901.98740234375,19646.591953125,20040.303198837944,19752.82974582829,1.052040622650795,1.0657166020806796,1.012999478475865,0.0583468365060235,93.86013014053766,319.66170731828606,189.56737291378465,130.0943344045014,0.006311105898686,0.0055967893081672,160.15011160714286,-0.146793349168646,250165.0,1.4358523374572782,0.0081355657602475,0.0206681690037693,0.0066929416105065,0.0104023891135545,421000.0,0
2023-12-07,20932.400390625,20941.25,20850.80078125,20901.150390625,275000,-0.001745599062397,-0.0017471243957791,0.0043274756202208,-0.0014929009295081,20729.730078125,19976.7099609375,19671.1299609375,20122.28864567481,19797.861927977185,1.0462759098718033,1.0625292208495418,1.0155344406044196,0.0549822859918409,90.9869302878212,346.99972388254173,221.05384310753607,125.94588077500566,0.0066211552683097,0.0056628192584852,148.87862723214286,-0.2344097995545657,253980.0,1.0827624222379717,0.0039606432442005,0.0081355657602475,0.0206681690037693,0.0018187545137213,359200.0,1
2023-12-08,20934.099609375,21006.099609375,20862.69921875,20969.400390625,292400,0.0032653705047074,0.0032600507599202,0.0068385546536233,0.0016862813260996,20870.030078125,20053.00498046875,19697.026953125,20202.96595471768,19843.804612786906,1.0456986576849103,1.0645972328985482,1.0180726780844087,0.0589536607729017,93.5590577812241,369.9084294655622,250.8247603791413,119.08366908642093,0.0063535177796295,0.0056479992378858,149.22502790178572,0.0632727272727273,258850.0,1.1296117442534286,-0.001745599062397,0.0039606432442005,0.0081355657602475,0.0066929416105065,275000.0,1
2023-12-11,20965.30078125,21026.099609375,20923.69921875,20997.099609375,212900,0.0013209351833629,0.0013200635160099,0.0048768826423664,0.0015167360800966,20932.08984375,20133.094921875,19723.6749609375,20278.59773135171,19889.031867555062,1.0429146482869478,1.0645632546145434,1.020757792944183,0.060743554490894,96.192889535085,385.8509891307149,277.830006129456,108.02098300125886,0.0061938903370144,0.0054879396269406,150.40011160714286,-0.2718878248974008,259075.0,0.8217697577921451,0.0032653705047074,-0.001745599062397,0.0039606432442005,0.0206681690037693,292400.0,0
2023-12-12,21018.55078125,21037.900390625,20867.150390625,20906.400390625,244900,-0.0043196070141755,-0.0043289634704181,0.0081673552983596,-0.0053357813196638,20942.35,20207.1474609375,19747.473984375,20338.38846080631,19928.92867238133,1.034604237487712,1.0586873241188717,1.0232775836001209,0.0511169706838279,89.77201040340877,386.7091709722881,299.60583909802244,87.10333187426568,0.0069944993698915,0.0057741937609316,152.94656808035714,0.1503053076561766,263710.0,0.9286716468848356,0.0013209351833629,0.0032653705047074,-0.001745599062397,0.0081355657602475,212900.0,1
2023-12-13,20929.75,20950.0,20769.5,20926.349609375,260300,0.0009542158562574,0.0009537608817135,0.008625489078092,-0.0001624668534024,20940.080078125,20281.28740234375,19775.5299609375,20394.384760669996,19968.043218930103,1.0318057820607929,1.0581941242894983,1.0255749121467426,0.0412880793829879,89.71005778802152,384.5659842131572,316.59786812104943,67.96811609210778,0.0068229125014447,0.0057737654065618,157.146484375,0.0628828093099225,267260.0,0.9739579435755444,-0.0043196070141755,0.0013209351833629,0.0032653705047074,0.0039606432442005,244900.0,1
2023-12-14,21110.400390625,21210.900390625,21074.44921875,21182.69921875,334400,0.0122500872899569,0.0121756621637251,0.0064416328847373,0.0034247966304375,20996.38984375,20356.64990234375,19806.4179296875,20469.462328106183,20015.676787550496,1.0405788437866264,1.0694866327646058,1.0277804888602051,0.052130382367467,91.8445215793611,398.953872437909,333.0690689844214,65.88480345348762,0.0072216172541928,0.0057979826528416,171.1572265625,0.2846715328467153,269405.0,1.2412538742785026,0.0009542158562574,-0.0043196070141755,0.0013209351833629,-0.001745599062397,260300.0,1
2023-12-15,21287.44921875,21492.30078125,21235.30078125,21456.650390625,508800,0.0129327792008919,0.0128498649215015,0.0119776384161197,0.0079484004934685,21093.83984375,20441.2224609375,19844.9759375,20563.480238822263,20072.185556298515,1.049675499184452,1.0812132228429416,1.0300452127185906,0.0586518572269014,93.3602114100697,427.53360629703457,351.96197644694405,75.57162985009052,0.0076257394150289,0.0061491234097354,188.7001953125,0.5215311004784688,280710.0,1.8125467564390296,0.0122500872899569,0.0009542158562574,-0.0043196070141755,0.0032653705047074,334400.0,0
2023-12-18,21434.80078125,21482.80078125,21365.349609375,21418.650390625,249700,-0.0017710126840955,-0.0017725827811074,0.0054835934913251,-0.0007534658609529,21178.15,20525.56494140625,19884.626953125,20644.925015184428,20124.988098821123,1.0435108827342008,1.077146201491043,1.032232839458953,0.0353776118943596,91.1130554799866,442.0216187929691,369.9739049161491,72.04771387682001,0.0058877387140644,0.0061531874217018,188.36453683035717,-0.5092374213836478,281355.0,0.8874908922891009,0.0129327792008919,0.0122500872899569,0.0009542158562574,0.0013209351833629,508800.0,1
2023-12-19,21477.650390625,21505.05078125,21337.75,21453.099609375,249800,0.0016083748565725,0.0016070828069474,0.0077984433157104,-0.0011430850583505,21287.48984375,20613.519921875,19922.7739453125,20721.89402415496,20177.07090315657,1.0407295644160726,1.076812880990529,1.0346711747299135,0.0286740418986626,90.20459813231264,451.0834281553907,386.1958095639974,64.88761859139333,0.0056751405226241,0.0060207720655041,184.9609375,0.0004004805766919,285155.0,0.8760147989689818,-0.0017710126840955,0.0129327792008919,0.0122500872899569,-0.0043196070141755,249700.0,0
2023-12-20,21543.5,21593.0,21087.349609375,21150.150390625,363900,-0.0141214660942333,-0.0142221227330497,0.0239076498883494,-0.0182583892763478,21332.25,20681.857421875,19952.706953125,20762.680344771157,20215.23088305729,1.022642693990081,1.0600140843201455,1.0365439371441176,0.0101468250955074,76.03160763814594,428.8756952124968,394.7317866936973,34.14390851879949,0.0077905893753745,0.0073030127398355,210.87527901785717,0.4567654123298639,293600.0,1.2394414168937329,0.0016083748565725,-0.0017710126840955,0.0129327792008919,0.0009542158562574,249800.0,1
2023-12-21,21033.94921875,21288.349609375,20976.80078125,21255.05078125,277500,0.0049597940765233,0.0049475348167753,0.0146576374402187,0.0105116523863672,21346.7203125,20754.01748046875,19987.5609765625,20809.572767292942,20256.00813396681,1.0241415090477188,1.0634139306028263,1.038346674954738,0.0169321010571619,75.6596656360581,414.9571242647871,398.7768542079153,16.180270056871848,0.0078149849875773,0.0072970475235258,221.814453125,-0.2374278647980214,298250.0,0.9304274937133278,-0.0141214660942333,0.0016083748565725,-0.0017710126840955,0.0122500872899569,363900.0,1
2023-12-22,21295.849609375,21390.5,21232.44921875,21349.400390625,284700,0.0044389265566107,0.0044291035803757,0.007403054809886,0.0025146111675406,21325.2703125,20831.3875,20020.7519921875,20860.984921896,20298.886261678897,1.0248669413223197,1.0663635611167834,1.0404897632281158,0.0181216435816586,70.71926320868221,406.8498694352129,400.3914572533748,6.458412181838071,0.0078499293055009,0.0072373585356019,202.0502232142857,0.0259459459459459,303985.0,0.936559369705742,0.0049597940765233,-0.0141214660942333,0.0016083748565725,0.0129327792008919,277500.0,1
2023-12-26,21365.19921875,21477.150390625,21329.44921875,21441.349609375,219500,0.0043068759341071,0.0042976278879013,0.0068886135698481,0.0035642256290393,21329.81015625,20913.72001953125,20053.3519921875,20916.257749274955,20343.688745902276,1.0252288731679968,1.0692152423060366,1.04290395080478,0.0211576840737397,69.25104605730675,403.1965462703338,400.9524750567666,2.2440712135671674,0.0078862602290944,0.0071721040977002,199.93959263392856,-0.2290129961362838,307665.0,0.7134383176506915,0.0044389265566107,0.0049597940765233,-0.0141214660942333,-0.0017710126840955,284700.0,1
2023-12-27,21497.650390625,21675.75,21495.80078125,21654.75,256500,0.0099527499207277,0.0099035475021389,0.0083099190131495,0.0073077571976661,21370.140234375,21001.97255859375,20090.5669921875,20986.590344582102,20395.102912729635,1.031081720518635,1.07785658853833,1.0453648504176445,0.0357952395148128,71.68353485383267,412.7628165896385,403.314543363341,9.448273226297488,0.0078826438710441,0.0072920746827033,208.83970424107144,0.1685649202733485,309010.0,0.8300702242645869,0.0043068759341071,0.0044389265566107,0.0049597940765233,0.0016083748565725,219500.0,1
2023-12-28,21715.0,21801.44921875,21678.0,21778.69921875,393100,0.0057238813077962,0.0057075621422148,0.0056683467414673,0.0029334201588763,21495.85,21086.0775390625,20131.1199609375,21062.02928497904,20449.3615913971,1.032847345761885,1.0818424042482222,1.0474368827952942,0.0407309265727429,75.20466996442327,425.4415949271024,407.7399536760933,17.701641251009107,0.0078541826787445,0.0071604807511582,212.85756138392856,0.5325536062378167,316855.0,1.2406305723438165,0.0099527499207277,0.0043068759341071,0.0044389265566107,-0.0141214660942333,256500.0,0
2023-12-29,21737.650390625,21770.30078125,21676.900390625,21731.400390625,270900,-0.0021717930740454,-0.0021741548367498,0.0042979462412046,-0.0002875195749166,21591.119921875,21165.9900390625,20171.11296875,21125.77891408818,20499.63762273937,1.0267131540040897,1.0773525697016455,1.049321872910722,0.02590326974899,72.15252116204437,426.75364756412455,411.54269245369954,15.210955110425004,0.0074956320509432,0.0072797058190195,209.2861328125,-0.3108623759857543,306070.0,0.8850916457019636,0.0057238813077962,0.0099527499207277,0.0043068759341071,0.0049597940765233,393100.0,1
2024-01-01,21727.75,21834.349609375,21680.849609375,21741.900390625,154000,0.0004831718072126,0.000483055117301,0.0070601004163457,0.0006512589027856,21669.619921875,21239.6900390625,20209.7209765625,21184.45714994883,20548.35380971528,1.0236449002145922,1.0758139815903145,1.0509640416953046,0.0132942465299539,71.87122897978848,423.75592643855634,413.98533925067096,9.770587187885384,0.006572108111056,0.0072836408887714,212.93610491071428,-0.4315245478036176,300480.0,0.5125133120340788,-0.0021717930740454,0.0057238813077962,0.0099527499207277,0.0044389265566107,270900.0,0
2024-01-02,21751.349609375,21755.599609375,21555.650390625,21665.80078125,263700,-0.003500136051024,-0.003506275858172,0.0092287942997721,-0.0039330354052204,21714.51015625,21288.6400390625,20249.615,21230.29940054894,20592.175259579388,1.0177165258793164,1.069936429964224,1.0513108540119156,0.0115390272551056,72.49281214386126,410.5075330545478,413.2897780114464,-2.7822449568985235,0.0066846761200494,0.0062461862658169,215.02176339285717,0.7123376623376623,294610.0,0.8950816333457792,0.0004831718072126,-0.0021717930740454,0.0057238813077962,0.0043068759341071,154000.0,0
2024-01-03,21661.099609375,21677.0,21500.349609375,21517.349609375,311900,-0.0068518663756694,-0.0068754481934599,0.0082096723728481,-0.0066363205281501,21687.030078125,21321.7525390625,20287.4680078125,21257.637515675237,20628.4566066302,1.0091735925531522,1.06062272537356,1.0509814497724266,0.002994905219753,66.26667297424572,383.60733041830827,407.3532884928188,-23.745958074510497,0.0071423754332105,0.0064110971250392,214.7467912946429,0.1827834660599165,289155.0,1.0786602341304836,-0.003500136051024,0.0004831718072126,-0.0021717930740454,0.0099527499207277,263700.0,1
2024-01-04,21605.80078125,21685.650390625,21564.55078125,21658.599609375,339200,0.0065644701863494,0.0065430178827624,0.0055912945231501,0.0024437339147744,21663.01015625,21357.79755859375,20329.7869921875,21295.82438174188,20668.85437144372,1.0140839452174797,1.0653628401368962,1.0505667160605914,0.0240399812464395,63.98474689697842,369.4278858409889,399.7682079624528,-30.34032212146394,0.0052081731224174,0.0064876188343454,206.44321986607144,0.0875280538634177,288155.0,1.177144245284656,-0.0068518663756694,-0.003500136051024,0.0004831718072126,0.0057238813077962,311900.0,1
2024-01-05,21705.75,21749.599609375,21629.19921875,21710.80078125,309300,0.0024101822286055,0.002407282397897,0.0055456448538268,0.0002326932379668,21658.890234375,21398.280078125,20378.3680078125,21335.345943599797,20709.71501496553,1.0146049449761376,1.0653846653925714,1.0500487610156757,0.0214419624159183,58.5876237904732,358.2728260414806,391.4691315782584,-33.1963055367778,0.0051301532774832,0.0064380087784286,192.92885044642856,-0.0881485849056603,289870.0,1.0670300479525303,0.0065644701863494,-0.0068518663756694,-0.003500136051024,-0.0021717930740454,339200.0,0
2024-01-08,21747.599609375,21763.94921875,21492.900390625,21513.0,231500,-0.009110708685643,-0.0091524650052922,0.0125993040545251,-0.0107873794620473,21613.11015625,21425.46005859375,20426.185,21352.26537754267,20741.216386927663,1.004085790511235,1.0532069498048704,1.0489212772034402,0.0076629603821023,52.87730404110316,329.67124591603715,379.1095544458142,-49.43830852977703,0.0061481566229912,0.0068829382376154,203.9001116071429,-0.251535725832525,286825.0,0.8071123507365118,0.0024101822286055,0.0065644701863494,-0.0068518663756694,0.0004831718072126,309300.0,1
2024-01-09,21653.599609375,21724.44921875,21517.849609375,21544.849609375,228600,0.0014804820050666,0.0014793871720368,0.0095892806457604,-0.0050222596686841,21588.919921875,21452.84755859375,20479.9369921875,21370.60673295527,20772.73141525893,1.004288570574604,1.0519978463602566,1.047505544903648,0.0048271215145312,52.80246934202583,306.04637282298427,364.4969181212482,-58.45054529826393,0.0060316383446515,0.0068830796615762,207.05357142857144,-0.0125269978401727,287610.0,0.7948263273182434,-0.009110708685643,0.0024101822286055,0.0065644701863494,-0.003500136051024,231500.0,1
2024-01-10,21529.30078125,21641.849609375,21448.650390625,21618.69921875,217000,0.0034277152411805,0.0034218540152167,0.0089366717578658,0.0041524078467916,21609.18984375,21488.4625,20531.3659765625,21394.234588745247,20805.906623238978,1.00606077418289,1.0529596152262222,1.0466163101144887,-0.0016647978503561,66.6405852231975,289.940285844692,349.58559166593693,-59.64530582124496,0.0051971795406333,0.0067674299486151,184.73563058035717,-0.0507436570428696,286215.0,0.7581713047883584,0.0014804820050666,-0.009110708685643,0.0024101822286055,-0.0068518663756694,228600.0,1
2024-01-11,21688.0,21726.5,21593.75,21647.19921875,212500,0.0013183031833516,0.001317434984659,0.00613243305328,-0.0018812606625783,21606.909765625,21524.50498046875,20581.491953125,21418.32645826951,20838.898489729607,1.0057002118465712,1.0517798839876225,1.0458184970016504,-0.0060380098314957,64.72637604114408,276.2908982025001,334.9266529732496,-58.635754770749486,0.0048173894651937,0.0067658779654377,171.96428571428572,-0.02073732718894,283825.0,0.748700783933762,0.0034277152411805,0.0014804820050666,-0.009110708685643,0.0065644701863494,217000.0,1
2024-01-12,21773.55078125,21928.25,21715.150390625,21894.55078125,294700,0.0114264926377058,0.0113617033464997,0.0097329975620003,0.005557201083812,21643.659765625,21560.09755859375,20637.7909765625,21463.68115569622,20880.29661880884,1.0155126024707128,1.0608960429008487,1.0446901794421055,0.0075075875319743,68.3620182648522,282.1800678765394,324.3773359539076,-42.197268077368165,0.0060672166077106,0.0067016496292131,180.75,0.3868235294117648,281840.0,1.0456287255180243,0.0013183031833516,0.0034277152411805,0.0014804820050666,0.0024101822286055,212500.0,1
2024-01-15,22053.150390625,22115.55078125,21963.55078125,22097.44921875,345500,0.0092670746948486,0.0092243988092869,0.0068786219846146,0.0020087301514903,21760.549609375,21592.1375,20699.956953125,21524.0400188442,20928.028093316338,1.023402579700597,1.0675118440482565,1.043100599141116,0.0163531624070134,70.5622241673757,299.76399277356177,319.45466731783847,-19.690674544276703,0.0066285483769719,0.0064262070683923,185.98563058035717,0.172378690193417,273675.0,1.2624463323284918,0.0114264926377058,0.0013183031833516,0.0034277152411805,-0.009110708685643,294700.0,0
2024-01-16,22080.5,22124.150390625,21969.80078125,22032.30078125,292400,-0.0029482333845447,-0.0029525879856159,0.0070056055837053,-0.0021828862004936,21858.03984375,21622.82001953125,20757.93796875,21572.44580573999,20971.33290460785,1.0189374356050171,1.061391589782111,1.041665123582279,0.0169160606478564,63.04464599022863,304.92743187779706,316.5492202298302,-11.62178835203315,0.0065831077488824,0.0064628703876757,180.26771763392856,-0.1536903039073806,275810.0,1.060150103332004,0.0092670746948486,0.0114264926377058,0.0013183031833516,0.0014804820050666,345500.0,0
2024-01-17,21647.25,21851.5,21550.44921875,21571.94921875,456000,-0.0208943935120824,-0.0211157704737447,0.0139556596484258,-0.0034785379782651,21848.68984375,21628.7625,20804.7649609375,21572.398511740943,20994.886485554605,0.9973732532663392,1.0368754109576794,1.0396061931297766,0.0025374690826798,44.203977756800974,268.77470331983204,306.9943168478306,-38.21961352799855,0.0095226988669849,0.0081926420441586,191.29282924107144,0.5595075239398084,286120.0,1.5937368936110723,-0.0029482333845447,0.0092670746948486,0.0114264926377058,0.0034277152411805,292400.0,0
2024-01-18,21414.19921875,21539.400390625,21285.55078125,21462.25,387300,-0.0050852715087356,-0.0050982455047793,0.0118277258616873,0.0022438747654839,21811.7,21644.36748046875,20845.7749609375,21561.908177289424,21013.214466513247,0.9915859181085754,1.0295731408507336,1.0383095625385823,-0.0090656650437367,42.709709912001244,228.63602157704008,291.32265779367253,-62.68663621663245,0.0093788512244443,0.0075734602765413,202.75348772321428,-0.1506578947368421,287290.0,1.3481151449754605,-0.0208943935120824,-0.0029482333845447,0.0092670746948486,0.0013183031833516,456000.0,1
2024-01-19,21615.19921875,21670.599609375,21575.0,21622.400390625,343100,0.0074619571864553,0.0074342545093672,0.0044213226860996,0.0003331531577443,21757.269921875,21662.7349609375,20890.088984375,21567.669340464243,21037.10411059606,0.9981380665744546,1.035055446953708,1.036986246307539,-0.0040717240932607,47.00591535290503,207.35832747995664,274.5297917309294,-67.17146425097275,0.0097054845583444,0.0076661486746779,206.6713169642857,-0.1141234185386005,290570.0,1.180782599717796,-0.0050852715087356,-0.0208943935120824,-0.0029482333845447,0.0114264926377058,387300.0,0
2024-01-23,21716.69921875,21750.25,21192.599609375,21238.80078125,449700,-0.0177408429427344,-0.0179000980548101,0.0262562089248138,-0.0220060347424891,21585.540234375,21657.20498046875,20925.995,21536.348525300986,21045.01378395504,0.9806806003084848,1.0149481915316334,1.0349426624860012,-0.0127457453051643,40.72989209523842,157.7241729240668,251.1686679695569,-93.4444950454901,0.0109016998120539,0.008677725507395,232.2214006696429,0.3106965899154765,298820.0,1.504919349441135,0.0074619571864553,-0.0050852715087356,-0.0208943935120824,0.0092670746948486,343100.0,1
2024-01-24,21185.25,21482.349609375,21137.19921875,21453.94921875,407500,0.0101299710711508,0.0100790068029252,0.0160879653021342,0.0126833159273551,21469.869921875,21657.8349609375,20967.16796875,21528.50097229613,21061.05046767249,0.9905860515349189,1.0232163566737058,1.0329404044083057,-0.0042191239332414,48.662325470994446,134.20242664324903,227.77541970429533,-93.57299306104628,0.0114682585630526,0.0089301495162123,244.25711495535717,-0.0938403380031132,308220.0,1.322107585490883,-0.0177408429427344,0.0074619571864553,-0.0050852715087356,-0.0029482333845447,449700.0,0
2024-01-25,21454.599609375,21459.0,21247.05078125,21352.599609375,418100,-0.0047240537554001,-0.0047352473640612,0.0099261552516978,-0.0047542252876827,21426.0,21642.72744140625,21005.71296875,21511.748461541734,21072.4837673471,0.9865946732999934,1.016513918910587,1.030325772498364,-0.0123087706009716,43.43319015380901,106.15946653983336,203.45222907140297,-97.2927625315696,0.0114545018654126,0.0086744980282901,247.37486049107144,0.0260122699386502,316300.0,1.3218463484034144,0.0101299710711508,-0.0177408429427344,0.0074619571864553,-0.0208943935120824,407500.0,1
2024-01-29,21433.099609375,21763.25,21429.599609375,21737.599609375,376700,0.0180305914522447,0.0178699682193025,0.0153489988140688,0.0142069978467701,21481.069921875,21640.6724609375,21051.5939453125,21533.25809466872,21098.566741544277,1.004478934220388,1.032586875171761,1.027982608687746,0.0041760779171238,50.50322709364989,113.6909426236016,185.4999717818427,-71.80902915824112,0.012961709141897,0.0095315114580918,268.1070033482143,-0.0990193733556565,315480.0,1.194053505768987,-0.0047240537554001,0.0101299710711508,-0.0177408429427344,-0.0050852715087356,418100.0,0
2024-01-30,21775.75,21813.05078125,21501.80078125,21522.099609375,375100,-0.0099136981024832,-0.0099631660190465,0.0144618789824957,-0.0116482964134415,21461.009765625,21630.207421875,21088.526953125,21532.1953817836,21115.175873616063,0.9950019983446544,1.020559646352433,1.0256860268123056,-0.0170111355832867,50.16974371940952,101.10516528041262,168.62101048155668,-67.51584520114406,0.0127127594714177,0.0097769263985311,270.978515625,-0.0042474117334748,320690.0,1.1696654089619258,0.0180305914522447,-0.0047240537554001,0.0101299710711508,0.0074619571864553,376700.0,1
2024-01-31,21487.25,21741.349609375,21448.849609375,21725.69921875,410600,0.0094600254190029,0.009415559590485,0.0134633181217736,0.0110972422599448,21558.389453125,21629.39736328125,21127.736953125,21550.624318637543,21139.117965582103,1.0044523596220132,1.0283022392294865,1.0237441620590628,-0.0168232087025033,53.17041236075626,106.33388218070468,156.16358482138628,-49.8297026406816,0.0127311683276991,0.0100243185091861,276.7678571428572,0.0946414289522794,333520.0,1.2311105780762772,-0.0099136981024832,0.0180305914522447,-0.0047240537554001,-0.0177408429427344,375100.0,0
2024-02-01,21780.650390625,21832.94921875,21658.75,21697.44921875,332500,-0.0013003033741542,-0.0013011495021482,0.0080285575043293,-0.0038199580996356,21607.089453125,21630.97978515625,21167.049921875,21564.607642457777,21161.01330884359,1.0030728813143897,1.025057780788189,1.0219175494456505,-0.0151982112909863,51.40296961902695,106.96511186405404,146.32389022991984,-39.35877836586579,0.0127237751256365,0.0099962428169086,275.4107142857143,-0.1902094495859717,336960.0,0.986764007597341,0.0094600254190029,-0.0099136981024832,0.0180305914522447,0.0101299710711508,410600.0,1
2024-02-02,21812.75,22126.80078125,21805.55078125,21853.80078125,442800,0.0072059881750932,0.0071801490987671,0.0146999601220682,0.0018819626709149,21707.3296875,21647.80234375,21210.2459375,21592.14984615227,21188.18144501639,1.009515905320499,1.030341696444556,1.0206294829178004,0.0130656511213653,53.52033929441459,118.7131787172366,140.8017479273832,-22.0885692101466,0.010900217732971,0.0099760914721076,296.59654017857144,0.3317293233082707,343505.0,1.2890642057611972,-0.0013003033741542,0.0094600254190029,-0.0099136981024832,-0.0047240537554001,332500.0,0
2024-02-05,21921.05078125,21964.30078125,21726.94921875,21771.69921875,440800,-0.0037568550808078,-0.0037639297855089,0.0109018391313981,-0.0068131570876952,21714.149609375,21653.45732421875,21250.0119140625,21609.24978639968,21211.06449496673,1.0054606473581011,1.02454997704459,1.018985655715763,0.014418302775804,47.78178083853621,120.01523546867612,136.6444454356418,-16.629209966965675,0.0108210986351496,0.0099285912794036,293.4751674107143,-0.0045167118337849,348585.0,1.2645409297588823,0.0072059881750932,-0.0013003033741542,0.0094600254190029,0.0180305914522447,442800.0,1
2024-02-06,21825.19921875,21951.400390625,21737.55078125,21929.400390625,371000,0.0072434021015312,0.0072172946598549,0.0097517308073057,0.004774351465506,21795.609765625,21664.3873046875,21292.3629296875,21639.74032013542,21239.234530090584,1.0122326600891296,1.029918589263256,1.017472197718427,0.014198238606899,46.91534800880213,132.24782087400672,135.76512052331478,-3.517299649308057,0.0108079355984998,0.0100409526604933,292.9644252232143,-0.1583484573502722,351670.0,1.0549663036369323,-0.0037568550808078,0.0072059881750932,-0.0013003033741542,-0.0099136981024832,440800.0,1
2024-02-07,22045.05078125,22053.30078125,21860.150390625,21930.5,346300,5.014315737827957e-05,5.014190025218764e-05,0.0088073865449944,-0.0051962130814154,21836.569921875,21685.2623046875,21334.9329296875,21667.43171821776,21266.342979890956,1.0113089568328388,1.0279151133155788,1.0164204582294476,0.0325677153749963,48.086381225814506,140.4123757613852,136.69457157092887,3.71780419045632,0.0084856562062866,0.0097828391128152,295.7359095982143,-0.0665768194070081,357410.0,0.9689152513919588,0.0072434021015312,-0.0037568550808078,0.0072059881750932,0.0094600254190029,371000.0,0
2024-02-08,22009.650390625,22011.05078125,21665.30078125,21717.94921875,491100,-0.0096920171108729,-0.0097392904057516,0.0159200114392706,-0.0132533305480967,21840.669921875,21693.91728515625,21373.3979296875,21672.24290874464,21284.05302847366,1.0011077728967923,1.0161205667997188,1.0149961815394617,0.012305426721588,53.02640656326012,128.25334788669352,135.0063268340818,-6.752978947388272,0.0090004815037572,0.0100690001318121,298.9287109375,0.4181345654057176,370535.0,1.3253808682040833,5.014315737827957e-05,0.0072434021015312,-0.0037568550808078,-0.0013003033741542,346300.0,1
2024-02-09,21727.0,21804.44921875,21629.900390625,21782.5,349200,0.0029722318898448,0.00296782354157,0.0080132596407666,0.0025544253693561,21826.409765625,21702.10732421875,21411.2539453125,21682.743584102293,21303.59996853352,1.0037043718649172,1.0173388282459177,1.0135841356909376,0.0201333982039475,56.7650262402218,122.41481745340208,132.48802495794584,-10.073207504543774,0.0087603111568953,0.0100623383853884,293.26436941964283,-0.2889431887599267,377145.0,0.9259038300918744,-0.0096920171108729,5.014315737827957e-05,0.0072434021015312,0.0072059881750932,491100.0,0
2024-02-12,21800.80078125,21831.69921875,21574.75,21616.05078125,287400,-0.0076414194307357,-0.0076707646646054,0.0118869640597291,-0.0084744593491673,21795.280078125,21700.54990234375,21441.64296875,21676.391888592552,21315.852941581223,0.9961061299610372,1.0081340694252856,1.012074957780572,-0.0055916398456699,49.86622555252427,103.16742923696438,126.62390581374956,-23.456476576785175,0.0072017140124158,0.0102176641396521,296.7357700892857,-0.1769759450171821,380890.0,0.7545485573262621,0.0029722318898448,-0.0096920171108729,5.014315737827957e-05,-0.0037568550808078,349200.0,1
2024-02-13,21664.30078125,21766.80078125,21543.349609375,21743.25,365800,0.0058844800115076,0.0058672340814856,0.0102768064514274,0.0036442080243978,21758.05,21692.98486328125,21473.8449609375,21682.759327774213,21332.613610538825,1.0023171148200924,1.0125457289811195,1.0102049680782543,0.0102755026061056,61.9150824669597,97.05881570001657,120.71088779100296,-23.652072090986408,0.0066218076154154,0.0099648013328088,272.86439732142856,0.2727905358385525,384445.0,0.9515015151712208,-0.0076414194307357,0.0029722318898448,-0.0096920171108729,0.0072434021015312,287400.0,1
2024-02-14,21578.150390625,21870.849609375,21530.19921875,21840.05078125,359100,0.0044519922849619,0.0044421114826255,0.0155975090917578,0.0121372956385913,21739.96015625,21680.11494140625,21505.28796875,21697.73946620048,21352.513107429462,1.0073770752727096,1.0155665347511948,1.008129487636264,0.0052634238073825,59.659765019536096,98.8887811972818,116.34646647225875,-17.457685274976967,0.0060865049122903,0.0097786855097647,272.54296875,-0.0183160196828868,385125.0,0.9324245374878286,0.0058844800115076,-0.0076414194307357,0.0029722318898448,5.014315737827957e-05,365800.0,1
2024-02-15,21906.55078125,21953.849609375,21794.80078125,21910.75,345400,0.0032371361888359,0.003231907943473,0.0072589403888502,0.0001916878102779,21778.5203125,21674.03740234375,21529.766953125,21718.026183705195,21374.404750275367,1.010921481460148,1.0176956419316792,1.00670097588761,0.0098306846624935,64.18170575688731,104.8354008894712,114.04425335570126,-9.208852466230056,0.0061041687958995,0.0097976698661195,268.76436941964283,-0.038150932887775,387775.0,0.8907227129134163,0.0044519922849619,0.0058844800115076,-0.0076414194307357,-0.0096920171108729,359100.0,1
2024-02-16,22020.30078125,22068.650390625,21968.94921875,22040.69921875,343900,0.0059308430222606,0.00591332480386,0.0045235031287112,0.0009263469060953,21830.16015625,21697.47490234375,21553.4789453125,21748.75694894756,21400.53394511751,1.01581862949265,1.0226051801045075,1.0066808684294823,0.0085522165856088,58.84805947853653,118.66604743304924,114.96861217117086,3.697435261878383,0.0059728911831334,0.0085575712006565,250.71079799107144,-0.0043427909669947,382170.0,0.8998613182615066,0.0032371361888359,0.0044519922849619,0.0058844800115076,0.0029722318898448,345400.0,1
2024-02-19,22103.44921875,22186.650390625,22021.05078125,22122.25,0,0.0037000088082788,0.0036931806134258,0.0074856585281786,0.0008505813307206,21931.4,21730.47490234375,21577.1699609375,21784.32771571445,21428.836535505056,1.018028832752937,1.0252618874509165,1.0071049605524631,0.0161012136778053,69.0058920819968,134.6551798682376,118.9059257105842,15.749254157653397,0.0057954934197895,0.0084488948560112,240.30719866071428,-1.0,362805.0,0.0,0.0059308430222606,0.0032371361888359,0.0044519922849619,-0.0076414194307357,343900.0,1
2024-02-20,22099.19921875,22215.599609375,22045.849609375,22196.94921875,295700,0.003376655573009,0.0033709674724873,0.0076474473283297,0.0044232371966249,22022.13984375,21759.20234375,21603.0859375,21823.625001717843,21458.958601514663,1.0201177813453135,1.0274897430380137,1.0072265789573611,0.012200462546134,66.25052534025883,151.60665800271818,125.44607216901102,26.16058583370716,0.0055012301768189,0.0083472953019873,231.53934151785717,0.0,360435.0,0.8203975751522465,0.0037000088082788,0.0059308430222606,0.0032371361888359,0.0058844800115076,0.0,0
2024-02-21,22248.849609375,22249.400390625,21997.94921875,22055.05078125,364500,-0.00639270001033,-0.0064132208193745,0.011401069730874,-0.0087105100500719,22065.13984375,21800.01484375,21624.7989453125,21845.66555214948,21482.33476542585,1.0116988882497535,1.0198962236377584,1.008102544623911,0.0056793407013064,61.43518819232441,151.84048593711125,130.72495492263107,21.115531014480155,0.0060092239546074,0.0072832307326433,237.0573381696429,0.2326682448427459,356175.0,1.0233733417561592,0.003376655573009,0.0037000088082788,0.0059308430222606,0.0044519922849619,295700.0,1
2024-02-22,22081.55078125,22252.5,21875.25,22217.44921875,343500,0.0073633218581414,0.0073363449492495,0.0169798970298366,0.0061543882875923,22126.4796875,21838.18984375,21649.2059375,21881.07352039714,21511.162783203272,1.0173667954035368,1.0262477655250029,1.0087293689567916,0.0229994091508769,61.583754323967845,163.24816966420258,137.22959787094538,26.018571793257195,0.0051149736573978,0.0071453559337545,233.33579799107144,-0.0576131687242797,352975.0,0.973156739145832,-0.00639270001033,0.003376655573009,0.0037000088082788,0.0032371361888359,364500.0,0
2024-02-23,22290.0,22297.5,22186.099609375,22212.69921875,226000,-0.0002137959201901,-0.0002138187777958,0.0050151667533932,-0.0034679578847016,22160.8796875,21881.19482421875,21675.3319140625,21912.65692024027,21538.67401596981,1.0151501961933236,1.0247916528714778,1.0094975666795991,0.0197497632847469,64.77588030196739,169.94651822914238,143.77298194258478,26.173536286557606,0.005165714665467,0.0069994586632152,224.3392857142857,-0.3420669577874817,343370.0,0.6581821358884002,0.0073633218581414,-0.00639270001033,0.003376655573009,0.0059308430222606,343500.0,0
2024-02-26,22169.19921875,22202.150390625,22075.150390625,22122.05078125,207800,-0.0040809285088362,-0.004089278221713,0.0057408782420679,-0.0021267541977846,22160.83984375,21900.4173828125,21699.2459375,21932.59919271739,21561.55153617688,1.010120053630185,1.0194847712666053,1.0092708956749894,0.0234085312400778,56.75850491623557,166.02658527313542,148.2237026086949,17.802882664440517,0.0045061873016884,0.0060299714099844,218.1357421875,-0.0805309734513274,334925.0,0.6204374113607524,-0.0002137959201901,0.0073633218581414,-0.00639270001033,0.0037000088082788,226000.0,1
2024-02-27,22090.19921875,22218.25,22085.650390625,22198.349609375,252200,0.0034489943486464,0.0034430602082678,0.0059733994512366,0.0048958540189715,22161.119921875,21934.2298828125,21719.5589453125,21957.90875620859,21586.52400963563,1.0120414406146745,1.0220442167020078,1.0098837613618452,0.0209306156795787,58.92568212260178,167.14988807514965,152.00893970198587,15.14094837316378,0.0043565092329024,0.0054817936434,213.81068638392856,0.2136669874879693,328780.0,0.7670782894336639,-0.0040809285088362,-0.0002137959201901,0.0073633218581414,0.003376655573009,207800.0,0
2024-02-28,22214.099609375,22229.150390625,21915.849609375,21951.150390625,203000,-0.0111359278099485,-0.0111983964511737,0.0142726360885307,-0.0118370414904877,22140.33984375,21945.50244140625,21729.4489453125,21957.26510234349,21600.823083399915,1.0002573624930131,1.0102028102907932,1.0099428888711124,0.0050869666232817,57.59567513648792,146.4055307909657,150.88825791978184,-4.482727128816123,0.0059331371087821,0.0058500133281788,211.4928850446429,-0.1950832672482156,318400.0,0.6375628140703518,0.0034489943486464,-0.0040809285088362,-0.0002137959201901,-0.00639270001033,252200.0,1
2024-02-29,21935.19921875,22060.55078125,21860.650390625,21982.80078125,360200,0.0014418556686905,0.0014408171929075,0.0090934905253521,0.0021700993925466,22093.41015625,21959.77001953125,21740.731953125,21959.69707176316,21615.802600962663,1.001048770624568,1.0111343458282327,1.0100750088303612,0.003288375854318,56.66695270711279,131.0092076034598,146.91244785651745,-15.903240253057646,0.0058684333776421,0.0058372974368002,213.3037109375,0.7743842364532019,319785.0,1.1263817877636535,-0.0111359278099485,0.0034489943486464,-0.0040809285088362,0.0073633218581414,203000.0,1
2024-03-01,22048.30078125,22353.30078125,22047.75,22338.75,351500,0.0161921687000685,0.0160624736924449,0.0136780608247999,0.0131733153330799,22118.6203125,21984.01748046875,21758.4449609375,21995.797350642857,21644.15347935629,1.0161359278324085,1.0266703360513267,1.0103671250374835,0.0135227461838618,71.36025566128575,145.84838828158536,146.69963594153103,-0.8512476599456704,0.0075720086048391,0.006642388517811,221.4144810267857,-0.0241532481954469,315220.0,1.115094219909904,0.0014418556686905,-0.0111359278099485,0.0034489943486464,-0.0002137959201901,360200.0,1
2024-03-04,22403.5,22440.900390625,22358.30078125,22405.599609375,298800,0.0029925402887358,0.0029880715530739,0.003686560985426,9.371791795924744e-05,22175.330078125,22015.7125,21783.5539453125,22034.82613718877,21674.01411190604,1.0177094931347326,1.028555747405779,1.010657515080888,0.0128083540044525,70.30076133167793,161.1451694663665,149.58874264649813,11.556426819868364,0.0075509478638458,0.0065532949765396,212.75013950892856,-0.1499288762446656,308120.0,0.9697520446579256,0.0161921687000685,0.0014418556686905,-0.0111359278099485,-0.0040809285088362,351500.0,0
2024-03-05,22371.25,22416.900390625,22269.150390625,22356.30078125,296200,-0.0022002905070378,-0.0022027147028049,0.0066088751196224,-0.0006682335028217,22206.9203125,22037.05751953125,21805.5789453125,22065.44276995651,21700.77045188031,1.0144866555544363,1.0252560061495588,1.0106155665391543,0.0071789848654244,66.29741801348088,167.3607448522671,153.14314308765194,14.217601764615154,0.0075844910005632,0.0064535955685511,198.97154017857144,-0.0087014725568942,304380.0,0.9731256981404824,0.0029925402887358,0.0161921687000685,0.0014418556686905,0.0034489943486464,298800.0,1
2024-03-06,22327.5,22497.19921875,22224.349609375,22474.05078125,312300,0.0052669715420341,0.0052531495595052,0.012140651101609,0.006563689676408,22311.500390625,22064.23505859375,21828.071953125,22104.35781865113,21731.095170679124,1.01857375619721,1.0295939480826442,1.010819237996645,0.018997915903971,67.26972896327734,179.71641508506582,158.4577974871347,21.258617597931107,0.0072563044872785,0.0065193523054617,207.10016741071428,0.0543551654287643,302680.0,1.0317827408484208,-0.0022002905070378,0.0029925402887358,0.0161921687000685,-0.0111359278099485,296200.0,1
2024-03-07,22505.30078125,22525.650390625,22430.0,22493.55078125,379900,0.000867667346212,0.0008672911404987,0.0042523473308061,-0.0005220992207217,22413.650390625,22103.01513671875,21849.1159765625,22141.42381508912,21760.99539070151,1.0176688855396234,1.0294947770600322,1.0116205690165498,0.0124272394990776,64.89210832586137,188.9042887422729,164.54709573816237,24.357193004110545,0.0069998421120177,0.0059905297949481,202.6537388392857,0.2164585334614153,297120.0,1.2786079698438342,0.0052669715420341,-0.0022002905070378,0.0029925402887358,0.0014418556686905,312300.0,0
2024-03-11,22517.5,22526.599609375,22307.25,22332.650390625,277900,-0.0071531788017711,-0.0071788854481033,0.0098219246501561,-0.0082091532974353,22412.43046875,22130.52265625,21862.673984375,22159.635869902057,21783.413233835767,1.0091334369962526,1.0214967485947002,1.0122514140798342,0.0054001168743034,56.57587111597829,181.11465103077356,167.8606067966846,13.254044234088925,0.0074894310430855,0.006303831298882,206.49302455357144,-0.2684917083443011,293555.0,0.9466709815877774,0.000867667346212,0.0052669715420341,-0.0022002905070378,0.0161921687000685,379900.0,1
2024-03-12,22334.44921875,22452.55078125,22256.0,22335.69921875,299200,0.000136518866846,0.0001365095489935,0.0087998490365147,5.596735284390233e-05,22398.450390625,22166.505078125,21873.813984375,22176.40380788758,21805.07150775397,1.0076328740154878,1.0211158984301931,1.0133808897688843,0.009657713907839,54.53983088107484,173.19088525502593,168.9266624883529,4.264222766673044,0.0073165203901297,0.0059545835874358,208.40736607142856,0.0766462756387189,294145.0,1.0171854017576365,-0.0071531788017711,0.000867667346212,0.0052669715420341,0.0029925402887358,277900.0,0
2024-03-13,22432.19921875,22446.75,21905.650390625,21997.69921875,493300,-0.0151327252704165,-0.0152483933565969,0.0245980092733419,-0.0193694784788119,22326.730078125,22179.2275390625,21879.1399609375,22159.38432320781,21812.625535636173,0.9918153903244472,1.0054188262438182,1.0137156935172391,-0.0090389778589783,48.336905252760495,138.04615839077815,162.75056166883795,-24.7044032780598,0.0088407839460898,0.0069533550416381,229.09654017857144,0.6487299465240641,300520.0,1.64148808731532,0.000136518866846,-0.0071531788017711,0.000867667346212,-0.0022002905070378,299200.0,1
2024-03-14,21982.55078125,22204.599609375,21917.5,22146.650390625,426700,0.0067712159528048,0.0067483942326731,0.0129635680480391,0.0074649939858193,22261.25,22194.55751953125,21887.2349609375,22158.171567723733,21825.724549557304,0.9978414920475848,1.0118523618972648,1.014041177843717,0.008906139155399,47.93082071907818,120.82008514653351,154.36446636437708,-33.54438121784355,0.0083263624732663,0.0070393370592488,222.6572265625,-0.135009122237989,303900.0,1.404080289568937,-0.0151327252704165,0.000136518866846,-0.0071531788017711,0.0052669715420341,493300.0,0
2024-03-15,22064.849609375,22120.900390625,21931.69921875,22023.349609375,661500,-0.0055674686273187,-0.0055830247464483,0.0085909353132395,-0.0018808195267448,22167.209765625,22200.1875,21894.3859375,22145.331381214328,21833.4745519031,0.9920343965281824,1.00589026210843,1.013967122136832,0.0018445706044694,44.82466301881756,96.11104709025676,142.71378250955303,-46.602735419296266,0.0085671936453313,0.0071474012618058,228.21442522321428,0.5502695101945161,319705.0,2.069094946904177,0.0067712159528048,-0.0151327252704165,0.000136518866846,0.000867667346212,426700.0,1
2024-03-18,21990.099609375,22123.69921875,21916.55078125,22055.69921875,356300,0.0014688778023679,0.0014678000566242,0.0093920594149152,0.0029831428934061,22111.81953125,22200.9375,21905.1529296875,22136.794984789158,21842.189244720623,0.9934580113452416,1.0068726426857522,1.0135029676013645,-0.0126708424262772,48.12677000714619,78.23742717191635,129.81851144202568,-51.58108427010933,0.006572682609631,0.007030382013253,233.93931361607144,-0.4613756613756613,320325.0,1.1123078123780534,-0.0055674686273187,0.0067712159528048,-0.0151327252704165,-0.0071531788017711,661500.0,0
2024-03-19,21946.44921875,21978.30078125,21793.099609375,21817.44921875,344200,-0.0108021966402886,-0.0108609639603587,0.0084886720724362,-0.0058779440224794,22008.16953125,22185.6974609375,21908.329921875,22106.381102309235,21841.21904762374,0.9834015476486202,0.9958517740307418,1.0126603689122626,-0.026250151787007,40.14741915438595,44.3365861855018,112.72212639072092,-68.38554020521912,0.0070184975129789,0.0073764172998499,237.69656808035717,-0.0339601459444288,337535.0,1.0197461004044026,0.0014688778023679,-0.0055674686273187,0.0067712159528048,0.000136518866846,356300.0,1
2024-03-20,21843.900390625,21930.900390625,21710.19921875,21839.099609375,312400,0.0009923428906801,0.0009918508439663,0.0101057816403867,-0.0002197767415227,21976.449609375,22167.80498046875,21910.8958984375,22080.925722029784,21841.1359323983,0.9851719477240368,0.9967232609111332,1.01172517469035,-0.0231344700957312,46.7187668008062,18.997934679780883,93.97728804853293,-74.97935336875203,0.0071136854106847,0.007326432696983,231.08231026785717,-0.0923881464264961,338370.0,0.923249697077164,-0.0108021966402886,0.0014688778023679,-0.0055674686273187,-0.0151327252704165,344200.0,1
2024-03-21,21989.900390625,22080.94921875,21941.30078125,22011.94921875,353200,0.0079146856998078,0.0078835288646751,0.0063442104155431,0.0010026797635882,21949.509375,22165.64990234375,21920.8748828125,22074.356531241232,21847.834492647387,0.9930658165101895,1.0041546852680094,1.0111662979164746,-0.0205615608417832,50.78837157213673,12.71778698664275,77.7253878361549,-65.00760084951214,0.0074656004700106,0.0074476873517807,234.07868303571428,0.1306017925736236,337805.0,1.0455736297568123,0.0009923428906801,-0.0108021966402886,0.0014688778023679,0.0067712159528048,312400.0,1
2024-03-22,21932.19921875,22180.69921875,21883.30078125,22096.75,388700,0.0038524885010076,0.0038450866714008,0.013458922126557,0.0075027031994732,21964.189453125,22159.61494140625,21931.912890625,22076.48924255159,21857.59588509259,0.9971630851180188,1.0075158564689293,1.0103822248390646,-0.0176406466506284,42.32963549920761,14.417245993598044,65.06375946764352,-50.64651347404548,0.0076531457332309,0.0073037957928502,228.8571428571429,0.1005096262740656,340065.0,1.1430167762045491,0.0079146856998078,0.0009923428906801,-0.0108021966402886,-0.0055674686273187,353200.0,0
2024-03-26,21947.900390625,22073.19921875,21947.55078125,22004.69921875,328400,-0.0041658063402989,-0.0041745074847941,0.0057100729371904,0.0025878934710885,21953.989453125,22149.21494140625,21939.632890625,22069.652097427628,21863.364643275232,0.99347535689014,1.0029656981249129,1.0095526689906835,-0.0146848298853354,37.4929775537636,8.241349605956202,53.69927749530606,-45.45792788934986,0.0074745322154254,0.007355635526473,230.5355747767857,-0.1551324929251351,345185.0,0.9513739009516636,0.0038524885010076,0.0079146856998078,0.0009923428906801,0.0014688778023679,388700.0,1
2024-03-27,22053.94921875,22193.599609375,22052.849609375,22123.650390625,409100,0.0054057167831516,0.0053911583385007,0.0063619699965808,0.0031604848267148,22015.2296875,22149.294921875,21949.1619140625,22074.794792017856,21873.571927485027,0.9988421964969788,1.0079496646498702,1.0091180250342169,-0.0094937179287851,43.04422215604178,12.7977482027527,45.5189716367954,-32.7212234340427,0.0077792435108677,0.0074153818891689,233.47488839285717,0.2457369062119365,355250.0,1.1515833919774807,-0.0041658063402989,0.0038524885010076,0.0079146856998078,-0.0108021966402886,328400.0,1
2024-03-28,22163.599609375,22516.0,22163.599609375,22326.900390625,410500,0.0091870010785439,0.0091450572802347,0.0157836683310045,0.0073679719958902,22112.78984375,22155.7224609375,21957.80890625,22098.80484902806,21891.34951427483,1.0077261271885538,1.0168091218003972,1.009013356274868,0.0149652547114746,45.81448655086937,32.435408092522266,42.90225892794078,-10.466850835418512,0.0065217786001639,0.007660151243846,242.01060267857144,0.0034221461745294,363165.0,1.1303402034887724,0.0054057167831516,-0.0041658063402989,0.0038524885010076,0.0009923428906801,409100.0,1
2024-04-01,22455.0,22529.94921875,22427.75,22462.0,0,0.0060509791780918,0.0060327455209344,0.0045498717278069,0.0003117345802716,22202.8,22181.26494140625,21965.099921875,22133.39486340634,21913.727964695423,1.012656404372579,1.0226222543895709,1.009841294612822,0.0142391559812806,49.15795114302633,58.2285815962714,45.9675234616069,12.261058134664497,0.0064612558727203,0.0072586607582933,249.68191964285717,-1.0,353015.0,0.0,0.0091870010785439,0.0054057167831516,-0.0041658063402989,0.0079146856998078,410500.0,0
2024-04-02,22458.80078125,22497.599609375,22388.150390625,22453.30078125,289500,-0.0003872860275131,-0.0003873610421153,0.0048745269043648,-0.0002448928619818,22274.11015625,22204.78994140625,21973.519921875,22163.86209367717,21934.88768299168,1.0111917672042618,1.0218345017585175,1.0105249418551745,0.0195225149444104,53.50472777695195,77.07938006392214,52.18989478206996,24.88948528185219,0.0060306515172566,0.0072663164925672,241.83189174107144,0.0,349480.0,0.8283735836099347,0.0060509791780918,0.0091870010785439,0.0054057167831516,0.0038524885010076,0.0,0
2024-04-03,22385.69921875,22521.099609375,22346.5,22434.650390625,309600,-0.0008306302403686,-0.000830975404816,0.0077825865941713,0.0021867162332816,22360.100390625,22209.5849609375,21990.7739453125,22189.651455291245,21954.48622054593,1.0101337071396583,1.0201846668251129,1.0099501280022771,0.0171815533081285,52.84857562784714,89.48234622018572,59.64838506969312,29.8339611504926,0.0060938543938115,0.006355194673339,240.26395089285717,0.0694300518134714,347385.0,0.891230191286325,-0.0003872860275131,0.0060509791780918,0.0091870010785439,-0.0041658063402989,289500.0,1
2024-04-04,22592.099609375,22619.0,22303.80078125,22514.650390625,401000,0.0035659124883635,0.0035595696965144,0.0139997385383007,-0.0034281549784713,22438.300390625,22215.0375,22011.821953125,22220.60373484684,21976.453442901973,1.0134869405745996,1.0228435628168715,1.0092321093323284,0.0319561267169501,67.47810606030589,104.56179439138576,68.63106693403165,35.93072745735412,0.004203144673229,0.0063695918332568,224.12820870535717,0.295219638242894,352495.0,1.1376047887204075,-0.0008306302403686,-0.0003872860275131,0.0060509791780918,0.0054057167831516,309600.0,0
2024-04-05,22486.400390625,22537.599609375,22427.599609375,22513.69921875,242200,-4.224679746289706e-05,-4.22476898839797e-05,0.0048859140797434,0.0012140150335658,22475.66015625,22222.907421875,22029.6479296875,22248.517590456664,21997.521904699934,1.0130852273896782,1.0219727201545596,1.008772699990682,0.0308895339753572,63.78997852940357,115.10871250254058,77.92659604773344,37.18211645480714,0.0042741426624153,0.00634420489532,211.4782366071429,-0.3960099750623441,349795.0,0.6924055518232107,0.0035659124883635,-0.0008306302403686,-0.0003872860275131,0.0091870010785439,401000.0,1
2024-04-08,22578.349609375,22697.30078125,22550.349609375,22666.30078125,227600,0.0067781647528144,0.0067552962734934,0.0064832445882197,0.0038953764733309,22516.5203125,22232.519921875,22058.1979296875,22288.306465770314,22023.74852730974,1.0195110972979808,1.0275681111168231,1.0079028211072891,0.0297271066727073,73.6352292292206,134.23353125056383,89.18798308829952,45.04554816226431,0.0041450908008378,0.0064138071912817,211.07826450892856,-0.060280759702725,345560.0,0.6586410464174094,-4.224679746289706e-05,0.0035659124883635,-0.0008306302403686,0.0060509791780918,242200.0,0
2024-04-09,22765.099609375,22768.400390625,22612.25,22642.75,232400,-0.0010390218270411,-0.0010395619844089,0.0068962643947842,-0.0053744376907806,22554.41015625,22239.9798828125,22081.9739453125,22322.06299283981,22048.02309486622,1.018110183521289,1.025395195922081,1.0071554263170182,0.0247095161053096,71.72081272564873,145.80894195057772,100.51217486075517,45.29676708982255,0.0043097309002283,0.0064210692084891,207.435546875,0.0210896309314587,338185.0,0.6871978355042359,0.0067781647528144,-4.224679746289706e-05,0.0035659124883635,-0.0003872860275131,227600.0,1
2024-04-10,22720.25,22775.69921875,22673.69921875,22753.80078125,276800,0.0049044741142307,0.0048924863608352,0.0044827675596092,0.0014766906724177,22618.240234375,22261.03740234375,22109.99796875,22363.1808774503,22075.700651195,1.0221356880184913,1.0291181760129486,1.0068312730651183,0.0340427994517507,88.24477318561254,162.07510733434174,112.82476135547248,49.25034597886926,0.0036695341971309,0.0062429164725059,203.70326450892856,0.1910499139414803,338130.0,0.8186200573743826,-0.0010390218270411,0.0067781647528144,-4.224679746289706e-05,-0.0008306302403686,232400.0,0
2024-04-12,22677.400390625,22726.44921875,22503.75,22519.400390625,357200,-0.0103015928142499,-0.0103550214717636,0.0098892161819153,-0.0069672888990097,22619.190234375,22270.2224609375,22125.633984375,22378.05892632408,22093.10064097657,1.0111888388238852,1.0177968417324483,1.0065348851320874,0.0178880968109902,73.67241360561971,154.27363757279454,121.1145365989369,33.15910097385765,0.0055775476958116,0.006734870324742,203.84598214285717,0.2904624277456646,341030.0,1.0474151834149488,0.0049044741142307,-0.0010390218270411,0.0067781647528144,0.0035659124883635,276800.0,0
2024-04-15,22339.05078125,22427.44921875,22259.55078125,22272.5,355500,-0.010963897188301,-0.0110244436660376,0.0075383741160624,-0.0029791230568247,22570.950390625,22283.9625,22140.6419921875,22368.0056952456,22100.13590995788,0.9994856166177806,1.0059554735521683,1.0064731866340224,-0.0024365402126236,58.6220446995256,126.7075131505262,122.23313190925477,4.474381241271445,0.0062247512527304,0.0062680646557191,198.56375558035717,-0.0047592385218364,334140.0,1.0639253007721314,-0.0103015928142499,0.0049044741142307,-0.0010390218270411,-4.224679746289706e-05,357200.0,0
2024-04-16,22125.30078125,22213.75,22079.44921875,22147.900390625,317300,-0.005594325260972,-0.0056100321053902,0.0060638154805341,0.0010214373851202,22467.2703125,22284.025,22149.086015625,22347.04328528173,22102.009026846787,0.993891381410001,0.999946470703163,1.006092304859885,-0.013983599384516,51.64920836235354,93.72659197894971,116.53182392319376,-22.80523194424404,0.0060052775458061,0.0062412970059413,186.91392299107144,-0.1074542897327707,328670.0,0.9654060303648035,-0.010963897188301,-0.0103015928142499,0.0049044741142307,0.0067781647528144,355500.0,0
2024-04-18,22212.349609375,22326.5,21961.69921875,21995.849609375,456900,-0.0068652458503182,-0.0068889200657005,0.0165849825184527,-0.0097468302006476,22337.890234375,22282.65,22155.0540234375,22313.596268528712,22097.84591243613,0.9871289819377408,0.992814081432883,1.0057592266047972,-0.0203734487116924,49.72529637798636,54.68932256271,104.16332365109704,-49.47400108838703,0.0062302042098866,0.006309271101253,203.99623325892856,0.4399621809013552,318440.0,1.4348071850270063,-0.005594325260972,-0.010963897188301,-0.0103015928142499,-0.0010390218270411,317300.0,1
2024-04-19,21861.5,22179.55078125,21777.650390625,22147.0,362500,0.0068717686886063,0.0068482656961372,0.0181469449869056,0.0130594881412528,22216.530078125,22287.2150390625,22160.9180078125,22297.729957240263,22099.773523713146,0.9937087231932412,0.9993719570729158,1.0056990884224866,-0.0128217015026542,50.710597924614206,35.538908197417186,90.43844056036106,-54.89953236294387,0.0068415707949416,0.0064900743456093,219.21051897321428,-0.2066097614357627,318750.0,1.1372549019607845,-0.0068652458503182,-0.005594325260972,-0.010963897188301,0.0049044741142307,456900.0,1
2024-04-22,22336.900390625,22375.650390625,22198.150390625,22336.400390625,279300,0.0085519659829773,0.0085156050796275,0.0079466698705177,-2.2384484474392632e-05,22179.930078125,22313.16259765625,22172.21203125,22301.412855657854,22109.05300869008,1.001041438786055,1.007405141135381,1.006357081837734,-0.0079170671943554,50.291571054859,35.23888356566749,79.39852916142235,-44.15964559575485,0.0073895100046108,0.0061903072545421,207.51771763392856,-0.2295172413793104,315505.0,0.8852474604205955,0.0068717686886063,-0.0068652458503182,-0.005594325260972,-0.0103015928142499,362500.0,1
2024-04-23,22447.05078125,22447.55078125,22349.44921875,22368.0,231500,0.0014147135985376,0.0014137138340638,0.0043857994679899,-0.0035216555627,22199.030078125,22339.6076171875,22180.9840234375,22307.75448845235,22119.20779266302,1.0012709436664704,1.0084313651894294,1.0071513325821069,-0.0064715805845295,46.91925593066277,37.123005373374326,70.94342440381274,-33.820419030438416,0.0074202658381109,0.0061903677159261,200.9535435267857,-0.1711421410669531,311460.0,0.7432736145893534,0.0085519659829773,0.0068717686886063,-0.0068652458503182,-0.010963897188301,279300.0,1
2024-04-24,22421.55078125,22476.44921875,22384.0,22402.400390625,235900,0.0015379287654238,0.0015367473640989,0.0041267550413342,-0.0008541064269744,22249.930078125,22359.13017578125,22190.42203125,22316.768383897364,22130.31338473996,1.001935236948109,1.0095526961621766,1.00760274609891,-0.0116428522312429,48.3594349017776,40.92030569567214,64.93880066218463,-24.01849496651249,0.0070140410187543,0.0059889256327827,200.88211495535717,0.0190064794816413,305595.0,0.7719367136242412,0.0014147135985376,0.0085519659829773,0.0068717686886063,-0.005594325260972,231500.0,1
2024-04-25,22316.900390625,22625.94921875,22305.25,22570.349609375,475000,0.0074969296067168,0.0074689672972998,0.0142088724499328,0.0113568288746975,22364.830078125,22382.81015625,22207.4700390625,22340.9189768,22147.56970727467,1.008378726880844,1.0163404282286186,1.0078955467182475,-0.0031975087224387,53.98973251714119,56.826728746527806,63.31638627905327,-6.489657532525463,0.0075289454051056,0.0061363875168206,211.3178013392857,1.013565069944892,309910.0,1.5327030428188828,0.0015379287654238,0.0014147135985376,0.0085519659829773,-0.0068652458503182,235900.0,0
2024-04-26,22620.400390625,22620.400390625,22385.55078125,22419.94921875,329900,-0.0066636269808832,-0.0066859280691195,0.0104750286043731,-0.008861521830448,22419.419921875,22403.57265625,22220.2190234375,22348.445666509524,22158.25125674429,1.000730979953567,1.0089886690631549,1.008251657313508,-0.0146723426872537,47.32634504358951,56.64367600150581,61.98184422354378,-5.338168222037972,0.0075285245281358,0.0062733160780158,205.5785435267857,-0.3054736842105263,309985.0,1.0642450441150375,0.0074969296067168,0.0015379287654238,0.0014147135985376,0.0068717686886063,475000.0,1
2024-04-29,22475.55078125,22655.80078125,22441.900390625,22643.400390625,292000,0.0099666225688024,0.0099172833455234,0.009446478308689,0.0074680977124274,22480.819921875,22429.56015625,22240.766015625,22376.53659261576,22177.276712974908,1.0095338576809056,1.0181034400846236,1.008488652796058,0.0055063633067078,53.25309231635928,73.6799113394336,64.32145764672175,9.358453692711848,0.0076016570824314,0.0065193533036091,214.56794084821428,-0.1148832979690815,304130.0,0.960115739979614,-0.0066636269808832,0.0074969296067168,0.0015379287654238,0.0085519659829773,329900.0,0
2024-04-30,22679.650390625,22783.349609375,22568.400390625,22604.849609375,361900,-0.0017025173156396,-0.0017039682453004,0.0095089868972564,-0.0032981452518739,22528.18984375,22443.4576171875,22257.9980078125,22398.280689449974,22194.04427753961,1.0071910484979776,1.0155832344598448,1.0083322682170204,0.0149219714614434,48.36518646840164,83.11245606186276,68.07965732974995,15.03279873211281,0.0065192749140988,0.0062665214860081,216.8070591517857,0.2393835616438355,301700.0,1.19953596287703,0.0099666225688024,-0.0066636269808832,0.0074969296067168,0.0014147135985376,292000.0,1
2024-05-02,22567.849609375,22710.5,22567.849609375,22648.19921875,445900,0.001917712797214,0.0019158763335262,0.0062985312539507,0.0035603573564058,22577.349609375,22452.767578125,22274.1609765625,22422.082454145217,22211.854275234145,1.0087041225517073,1.016792472793075,1.008018555749437,0.0225889957648883,50.143456826179694,93.01356442915494,73.06643874963095,19.947125679523992,0.0060253939455394,0.0061457694203538,215.8427734375,0.2321083172147002,323995.0,1.3762558064167656,-0.0017025173156396,0.0099666225688024,-0.0066636269808832,0.0015379287654238,361900.0,0
2024-05-03,22766.349609375,22794.69921875,22348.05078125,22475.849609375,438100,-0.0076098592965534,-0.0076389620148829,0.019872371690621,-0.0127600605711674,22558.449609375,22453.89501953125,22285.46296875,22427.203135595675,22222.207033435745,1.00097776309298,1.0085430866252127,1.007557933663637,0.0218222986847216,42.91140791569661,85.96217263653307,75.64558552701138,10.316587109521691,0.0061548485700827,0.0064039461985837,238.24986049107144,-0.0174927113702624,331425.0,1.3218676925397903,0.001917712797214,-0.0017025173156396,0.0099666225688024,0.0074969296067168,445900.0,0
2024-05-06,22561.599609375,22588.80078125,22409.44921875,22442.69921875,320300,-0.0014749338156797,-0.0014760226012829,0.0079915326027342,-0.0052700337158537,22562.999609375,22454.2974609375,22293.50296875,22428.678953038943,22230.85378580101,0.9994834733882154,1.0066923645964987,1.007212616716758,0.013351660213573,47.82012582666029,76.81347642281253,75.87916370617161,0.9343127166409176,0.0060113804352735,0.0064102388342207,235.15359933035717,-0.2688883816480255,331960.0,0.9648752861790576,-0.0076098592965534,0.001917712797214,-0.0017025173156396,-0.0066636269808832,438100.0,0
2024-05-07,22489.75,22499.05078125,22232.05078125,22302.5,297800,-0.006246985595782,-0.006266579655461,0.0119717520457347,-0.0083260151846952,22494.81953125,22443.68994140625,22297.10796875,22416.661909892377,22233.6634412598,0.9937091475699916,1.0002418264851909,1.0065740352005152,-0.0015177195086111,50.90765979776205,57.58634397419519,72.22059975977633,-14.634255785581146,0.0058627410292392,0.0065004306222088,242.23228236607144,-0.0702466437714642,326800.0,0.9112607099143208,-0.0014749338156797,-0.0076098592965534,0.001917712797214,0.0099666225688024,320300.0,0
2024-05-08,22231.19921875,22368.650390625,22185.19921875,22302.5,277400,0.0,0.0,0.008225587798453,0.0032072395442286,22434.349609375,22433.12998046875,22299.218984375,22405.789347045484,22236.36291415157,0.9941769168821968,1.0001471358986744,1.0060051877237308,-0.0029282904148784,55.058881274949286,41.86609668283927,66.14969914438892,-24.28360246154965,0.0058377858788924,0.0065005849569598,245.74302455357144,-0.0685023505708529,328560.0,0.8442902361821281,-0.006246985595782,-0.0014749338156797,-0.0076098592965534,-0.0017025173156396,297800.0,0
2024-05-09,22224.80078125,22307.75,21932.400390625,21957.5,331300,-0.0154691178119045,-0.015590012996666,0.0170943690937037,-0.0120271395852289,22296.209765625,22397.68994140625,22297.26796875,22363.095123517345,22225.42711359661,0.9803466365255608,0.9847619013582208,1.004503779243134,-0.0198594964319619,48.885801933206,1.5511895835370524,53.229997232218544,-51.67880764868149,0.0075131505158672,0.007086987441643,246.4965122767857,0.1943042537851478,333745.0,0.9926740475512742,0.0,-0.006246985595782,-0.0014749338156797,0.001917712797214,277400.0,1
2024-05-10,21990.94921875,22131.30078125,21950.30078125,22055.19921875,265800,0.004449469144939,0.00443959952266,0.0082066817082352,0.0029216565124537,22212.0796875,22368.31240234375,22294.02296875,22333.771704015693,22218.751509877136,0.986001930858184,0.98928754355664,1.003332257874583,-0.0228242096175161,47.24735288605697,-22.2585713442204,38.13228351693076,-60.39085486115116,0.0071404972823312,0.0072140881811918,230.71791294642856,-0.197706006640507,335415.0,0.7924511426143732,-0.0154691178119045,0.0,-0.006246985595782,-0.0076098592965534,331300.0,1
2024-05-13,22027.94921875,22131.650390625,21821.05078125,22104.05078125,278200,0.0022149680905385,0.0022125186649836,0.0140517053841764,0.0034547729225389,22144.35,22335.82490234375,22291.85,22311.89352089515,22214.25344208784,0.989623211942827,0.991575431435704,1.001972689675543,-0.0140900603483887,42.3917144943905,-36.76229276802769,23.15336825993907,-59.91566102796676,0.0070886953919287,0.0071169627108763,236.57142857142856,0.0466516177577125,335485.0,0.8292472092641996,0.004449469144939,-0.0154691178119045,0.0,-0.0014749338156797,265800.0,1
2024-05-14,22112.900390625,22270.05078125,22081.25,22217.849609375,230200,0.0051483245877055,0.0051351172756336,0.0084977072295211,0.0047460630173369,22127.419921875,22320.74736328125,22293.7659765625,22302.93695789323,22214.39446825596,0.9953900399376624,0.9965947266483683,1.001210265988578,-0.0187935899162119,45.33448236100912,-38.62869457137276,10.796955693676706,-49.42565026504947,0.0063631263035149,0.0069372932425866,242.1178850446429,-0.1725377426312005,329135.0,0.699409057073845,0.0022149680905385,0.004449469144939,-0.0154691178119045,-0.006246985595782,278200.0,0
2024-05-15,22255.599609375,22297.55078125,22151.75,22200.55078125,231900,-0.0007786004689536,-0.0007789037357247,0.0065674398210489,-0.0024734821389315,22107.030078125,22317.14990234375,22293.81,22293.185893451016,22213.85157856945,0.9947753578927432,0.9958168110901636,1.0010469229953851,-0.0178854907292691,43.66069665046882,-41.030725640132005,0.4314194269149638,-41.46214506704697,0.0063729649564262,0.0064970709322832,244.7858537946429,0.0073848827106863,322955.0,0.7180566952052143,0.0051483245877055,0.0022149680905385,0.004449469144939,0.0,230200.0,1
2024-05-16,22319.19921875,22432.25,22054.55078125,22403.849609375,368900,0.0091573776762647,0.0091157031198713,0.0168586749748556,0.0037927162975402,22196.3,22329.94736328125,22302.863984375,22303.725294967586,22221.3024817383,1.0033095575592477,1.0045279218431655,1.0012143453381246,-0.0107889199938115,44.88447339743743,-26.227501861925703,-4.90036483085317,-21.32713703107253,0.0071938356183895,0.0066790032863192,248.85728236607144,0.5907718844329453,325535.0,1.1332114826362756,-0.0007786004689536,0.0051483245877055,0.0022149680905385,-0.0154691178119045,231900.0,1
2024-05-17,22415.25,22502.150390625,22345.650390625,22466.099609375,242700,0.002778540343975,0.0027746873362616,0.0069660511936256,0.002268527425525,22278.480078125,22353.45986328125,22312.5299609375,22319.18951538734,22230.9023690966,1.0050390296080642,1.0068826640773751,1.0018343909191565,-0.0004337989517394,51.49912129882818,-9.364833638406708,-5.793258592363878,-3.57157504604283,0.0068868205744865,0.0064564999322626,243.26088169642856,-0.3420981295744104,314825.0,0.7709044707377114,0.0091573776762647,-0.0007786004689536,0.0051483245877055,0.004449469144939,368900.0,1
2024-05-21,22404.55078125,22591.099609375,22404.55078125,22529.05078125,347600,0.0028020516676037,0.0027981332388829,0.00828036786531,0.0055569067737877,22363.480078125,22372.56240234375,22316.3359765625,22339.17630261236,22242.594463690853,1.006994656047528,1.0095317979130132,1.002519518698782,0.0038476460277048,45.85313612468286,8.97512621493297,-2.839581630904508,11.81470784583748,0.0069205784121991,0.0063275487721587,239.7392578125,0.4322208487845076,314080.0,1.1067244014263882,0.002778540343975,0.0091573776762647,-0.0007786004689536,0.0022149680905385,242700.0,1
2024-05-22,22576.599609375,22629.5,22483.150390625,22597.80078125,290300,0.00305161547495,0.0030469687473969,0.0064762766426558,0.0009390772854117,22439.4703125,22385.632421875,22320.18,22363.807205339755,22256.52412320298,1.009477880962955,1.0124381067379384,1.002932432528546,0.0132407031162424,49.74985479240512,28.72609047364313,3.473552790005019,25.252537683638103,0.0065424777414835,0.0060929040200039,234.8392857142857,-0.1648446490218642,314630.0,0.9226710739598892,0.0028020516676037,0.002778540343975,0.0091573776762647,0.0051483245877055,347600.0,1
2024-05-23,22614.099609375,22993.599609375,22577.44921875,22967.650390625,369800,0.016366619608483,0.0162341301383458,0.0181189796756426,0.0156340861390488,22592.890234375,22415.61494140625,22332.4069921875,22421.316080128825,22284.41142780777,1.024627272134258,1.0284449140954544,1.003725883611554,0.029824028275978,59.203713019765935,73.37680235897642,17.4542027037993,55.92259965517712,0.0080257937074689,0.0070287709583079,254.375,0.2738546331381331,321545.0,1.1500723071420798,0.00305161547495,0.0028020516676037,0.002778540343975,-0.0007786004689536,290300.0,0
2024-05-24,22930.75,23026.400390625,22908.0,22957.099609375,261900,-0.0004593757337192,-0.0004594812790761,0.0051574629478302,0.0011490949652758,22703.540234375,22443.34990234375,22342.06796875,22472.343082914176,22310.79135649668,1.0228909547490324,1.027527963905814,1.0045332389882358,0.0455242905328474,65.29089943254877,106.6816931966714,35.29970080237372,71.38199239429768,0.0050006506786776,0.0070397375115632,230.9287109375,-0.2917793401838832,322845.0,0.8112252009478232,0.016366619608483,0.00305161547495,0.0028020516676037,0.0091573776762647,369800.0,0
2024-05-27,23038.94921875,23110.80078125,22871.19921875,22932.44921875,260000,-0.0010737589261899,-0.0010743358183047,0.0104481453426307,-0.0046226066557465,22796.81015625,22461.4548828125,22350.8459375,22516.16271489854,22335.170096192887,1.0209690039400745,1.0260215332733422,1.0049487587906871,0.03977520181519,65.6454809098578,129.59310992054088,54.15838262600715,75.43472729453373,0.0052973448955137,0.0068985722285425,235.23228236607144,-0.0072546773577701,312095.0,0.8330796712539451,-0.0004593757337192,0.016366619608483,0.00305161547495,0.002778540343975,261900.0,0
2024-05-28,22977.150390625,22998.55078125,22858.5,22888.150390625,217900,-0.0019317094176221,-0.0019335775744709,0.0061189208765145,-0.0038734133035188,22868.630078125,22484.86494140625,22361.9559375,22551.59011258677,22356.85559793532,1.017935862646704,1.0235307883888007,1.005496344069802,0.0354731183498782,69.93027630258356,142.5329958803195,71.83330527686962,70.69969060344988,0.005597862209762,0.0067064767058227,226.1644810267857,-0.1619230769230769,306495.0,0.7109414509208959,-0.0010737589261899,-0.0004593757337192,0.016366619608483,0.0028020516676037,260000.0,0
2024-05-29,22762.75,22825.5,22685.44921875,22704.69921875,269900,-0.008015115627261,-0.0080474093408375,0.0061683610031857,-0.0025502534293967,22890.009765625,22487.9298828125,22369.3359375,22566.17193222137,22370.496524241786,1.0096393637416656,1.0149920982092184,1.005301630126341,0.0219125441001082,62.16794968458323,136.4124940082911,84.74914302315392,51.66335098513719,0.0066243866397994,0.0066568575024909,223.064453125,0.2386415787058284,305390.0,0.8837879432856348,-0.0019317094176221,-0.0010737589261899,-0.0004593757337192,0.00305161547495,217900.0,0
2024-05-30,22617.44921875,22705.75,22417.0,22488.650390625,373400,-0.0095155996581792,-0.0095611622438567,0.0128398100812831,-0.0056946664002333,22794.209765625,22482.119921875,22379.1549609375,22558.78892825981,22375.130009197987,1.0002904738864793,1.0048927419233935,1.004600931586435,0.0129771379194034,67.42907535515197,112.8280063207094,90.364915682665,22.463090638044378,0.0075726958992819,0.0069944000258717,216.87876674107144,0.3834753612449055,305965.0,1.2204010262611735,-0.008015115627261,-0.0019317094176221,-0.0010737589261899,0.016366619608483,269900.0,1
2024-05-31,22568.099609375,22653.75,22465.099609375,22530.69921875,572100,0.0018697799732139,0.0018680341105537,0.0083730375517154,-0.0016572237482266,22708.9296875,22476.244921875,22386.8359375,22556.113717830307,22381.23076251375,1.0024227488650477,1.0064262444970624,1.0039938196100875,0.0056619559400148,66.19442677997941,96.41866457749713,91.57566546163144,4.842999115865666,0.0070706116094112,0.0069936256731894,217.4252232142857,0.5321371183717194,312275.0,1.8320390681290528,-0.0095155996581792,-0.008015115627261,-0.0019317094176221,-0.0004593757337192,373400.0,1
2024-06-03,23337.900390625,23338.69921875,23062.30078125,23263.900390625,569400,0.0325423176953527,0.0320240306745201,0.0118810015886839,-0.0031708079459335,22775.219921875,22515.6474609375,22411.646953125,22623.521972382183,22415.8452577338,1.0332325744123347,1.0380272560638906,1.0046404669870992,0.0355113168338789,76.94257898667306,140.9525368703944,101.45103974338404,39.50149712701037,0.0122438233623033,0.0098367283709017,252.9538225446429,-0.004719454640797,318840.0,1.7858487015430935,0.0018697799732139,-0.0095155996581792,-0.008015115627261,-0.0010737589261899,572100.0,0
2024-06-04,23179.5,23179.5,21281.44921875,21884.5,1006100,-0.0592935994164107,-0.0611241959627575,0.0867303699536201,-0.0558683319312323,22574.48984375,22487.7375,22408.22296875,22553.138927393404,22395.00818880306,0.973174824723919,0.9766280900774518,1.00354845323348,-0.0286097620138719,45.12368567364993,64.19981264123635,94.0007943229545,-29.80098168171816,0.0238398602318854,0.0171680745881899,375.04310825892856,0.7669476642079383,353130.0,2.8490924022314728,0.0325423176953527,0.0018697799732139,-0.0095155996581792,-0.0019317094176221,569400.0,1
2024-06-05,22128.349609375,22670.400390625,21791.94921875,22620.349609375,638500,0.0336242367600356,0.0330713026490232,0.0388345532692795,0.0222339220359911,22557.619921875,22503.62998046875,22424.2809765625,22559.539944724987,22403.845107256864,1.0051867022790346,1.0087435861607972,1.0035385305771538,0.0009978328574216,55.07420185378332,62.03454383472854,87.60754422530931,-25.573000390580773,0.0264231267809321,0.0187451885617974,427.3752790178572,-0.3653712354636715,370165.0,1.7249064606324207,-0.0592935994164107,0.0325423176953527,0.0018697799732139,-0.008015115627261,1006100.0,1
2024-06-06,22798.599609375,22910.150390625,22642.599609375,22821.400390625,480400,0.0088880492442378,0.0088487830297353,0.0117236793829667,0.0010000956918697,22624.169921875,22529.575,22443.9269921875,22584.479034810705,22420.219824251697,1.012952991373561,1.016818509459993,1.0038160883272484,-0.00636765178469,55.04977352479322,75.66940075174352,85.21991553059615,-9.55051477885263,0.0260222286133549,0.0188318370692573,421.09681919642856,-0.2476115896632733,380315.0,1.2631634303143446,0.0336242367600356,-0.0592935994164107,0.0325423176953527,-0.0095155996581792,638500.0,1
2024-06-07,22821.849609375,23320.19921875,22789.05078125,23290.150390625,473600,0.0205399314668071,0.0203318318180632,0.0228057109375216,0.0205198434511472,22776.06015625,22596.20751953125,22469.491015625,22651.685830602542,22454.3347484232,1.0307105902835214,1.036523273910803,1.005639491513988,0.014507528691211,59.0737471805433,122.88281399724656,92.75249522392625,30.13031877332031,0.0268554047127047,0.0188642234537238,447.857421875,-0.0141548709408826,387430.0,1.2224143716284233,0.0088880492442378,0.0336242367600356,-0.0592935994164107,0.0018697799732139,480400.0,0
2024-06-10,23319.150390625,23411.900390625,23227.150390625,23259.19921875,304400,-0.0013289382574128,-0.0013298220789751,0.0079430937523879,-0.0025708986335583,22775.119921875,22656.40751953125,22492.74,22709.544248521343,22485.89806098504,1.0266057934692032,1.0340758493073765,1.0072764598502115,0.0142483690635557,58.09683383206298,156.00396662979256,105.40278950509952,50.60117712469304,0.0268581842102737,0.0188842849328468,447.7289341517857,-0.3572635135135135,389360.0,0.7817957674131909,0.0205399314668071,0.0088880492442378,0.0336242367600356,0.0325423176953527,473600.0,1
2024-06-11,23283.75,23389.44921875,23206.650390625,23264.849609375,305200,0.0002429314342191,0.0002429019311563,0.0078572967886857,-0.0008117416921672,23051.18984375,22714.4474609375,22517.9430078125,22762.43047336455,22516.445180529743,1.0242313685764992,1.03316939745799,1.0087265720966083,0.0164582638754549,57.50209227998111,180.62650806834424,120.44753321774849,60.17897485059579,0.0268368457712529,0.0188918624927032,450.3324497767857,0.002628120893561,390710.0,0.7811420234956873,-0.0013289382574128,0.0205399314668071,0.0088880492442378,-0.0592935994164107,304400.0,1
2024-06-12,23344.44921875,23441.94921875,23295.94921875,23322.94921875,295600,0.0024973129141392,0.0024941998100964,0.0062599287350257,-0.0009209898164027,23191.709765625,22769.70244140625,22541.928984375,22815.813211020308,22548.07278987172,1.024297497025595,1.0346474445428502,1.0101044350369983,0.0272300458175387,54.297274555669006,202.493977942504,136.8568221626996,65.6371557798044,0.0266205380928071,0.0188821368098042,433.2573939732143,-0.0314547837483617,393980.0,0.7502918929894918,0.0002429314342191,-0.0013289382574128,0.0205399314668071,0.0336242367600356,305200.0,1
2024-06-13,23480.94921875,23481.05078125,23353.900390625,23398.900390625,268300,0.003256499474515,0.0032512085635553,0.0054340327324075,-0.0034942722017167,23307.209765625,22829.619921875,22563.368984375,22871.34532336361,22581.438578136556,1.0249360467102882,1.0370304366705434,1.0118001410908264,0.0404759727324259,55.26028164350024,223.37777029612695,154.16101178938507,69.21675850674191,0.026271600848112,0.0188676211054691,436.0931919642857,-0.0923545331529093,395800.0,0.6778676099039919,0.0024973129141392,0.0002429314342191,-0.0013289382574128,0.0088880492442378,295600.0,1
2024-06-14,23464.94921875,23490.400390625,23334.25,23465.599609375,223100,0.0028505279152657,0.0028464728647632,0.0066544385493825,2.771753814324457e-05,23342.299609375,22882.707421875,22583.4409765625,22927.94096965041,22616.111559753743,1.0254730428857723,1.0390621886951603,1.013251587551387,0.041494512955327,56.28499974443078,242.51483565527812,171.8317765625637,70.68305909271444,0.0262647327331448,0.0188061512240422,430.1323939732143,-0.1684681326872903,388510.0,0.5742451931739209,0.003256499474515,0.0024973129141392,0.0002429314342191,0.0205399314668071,268300.0,1
2024-06-18,23570.80078125,23579.05078125,23499.69921875,23557.900390625,272200,0.0039334507869606,0.0039257349959185,0.0033683631047008,-0.0005473038758726,23402.03984375,22937.2974609375,22605.53296875,22987.937104981324,22653.044455082032,1.0270564974249643,1.042129837115168,1.0146762517232455,0.0126376056922286,57.80693925871961,262.1075863850383,189.88693852705865,72.22064785797966,0.024376500461677,0.0188093926029692,428.232421875,0.22008068130883,389985.0,0.6979755631626857,0.0028505279152657,0.003256499474515,0.0024973129141392,-0.0013289382574128,223100.0,0
2024-06-19,23629.849609375,23664.0,23412.900390625,23516.0,328800,-0.0017786131162043,-0.0017801967265448,0.0106778197556982,-0.0048180420636207,23452.269921875,22986.644921875,22627.1599609375,23038.228809268818,22686.885849000388,1.0230288099861518,1.039281997413593,1.0158873213234934,0.0745504809339943,59.77965142395959,271.1285697686362,206.13526477537417,64.99330499326206,0.0111240548734281,0.0188317888283397,436.1644810267857,0.2079353416605436,389045.0,0.8451464483543035,0.0039334507869606,0.0028505279152657,0.003256499474515,0.0002429314342191,272200.0,1
2024-06-20,23586.150390625,23624.0,23442.599609375,23567.0,280300,0.0021687361796223,0.0021663878659495,0.0076972202921457,-0.0008119337114297,23501.080078125,23035.1048828125,22648.206953125,23088.587970290835,22721.400129431742,1.0230906314468042,1.040568025927025,1.0170829386400548,0.0418495030789736,63.53739982081393,279.1748835903345,220.74318853836627,58.43169505196824,0.0064429098522859,0.0188305953634486,428.4966517857143,-0.1475060827250608,388545.0,0.7214093605631265,-0.0017786131162043,0.0039334507869606,0.0028505279152657,0.0024973129141392,328800.0,0
2024-06-21,23661.150390625,23667.099609375,23398.19921875,23501.099609375,609900,-0.0027962995130903,-0.0028002164622532,0.0114420344194333,-0.0067642857007246,23521.519921875,23061.77734375,22667.9549609375,23127.874793060757,22751.9765796256,1.019049800849112,1.036754292562925,1.017373529437973,0.0297834141251567,62.10970575202797,277.0404842430544,232.00264767930392,45.03783656375046,0.0065412035475961,0.0185576604349507,434.2287946428572,1.17588298251873,400550.0,1.522656347522157,0.0021687361796223,-0.0017786131162043,0.0039334507869606,0.003256499474515,280300.0,1
2024-06-24,23382.30078125,23558.099609375,23350.0,23537.849609375,239400,0.001563756616109,0.0015625352218749,0.0088410629190236,0.0066524175520713,23535.969921875,23090.81484375,22685.3859375,23166.92001366211,22782.79512981185,1.0193598523330587,1.0375776578905735,1.017871809955845,0.0106353636449554,54.13788830869988,275.1427014582296,240.63065843508903,34.51204302314051,0.002335373544993,0.0185539494620488,391.3787667410714,-0.6074766355140186,399425.0,0.5993615822745196,-0.0027962995130903,0.0021687361796223,-0.0017786131162043,0.0028505279152657,609900.0,1
2024-06-25,23577.099609375,23754.150390625,23562.05078125,23721.30078125,298100,0.0077938798539154,0.0077636644675083,0.0080981903625976,0.0061161539911237,23568.65,23130.257421875,22706.956953125,23219.718182003817,22819.5992730055,1.0255528223743862,1.0446710596324709,1.0186418844948637,0.0198674751505409,93.4374665134445,285.1545867597706,249.5354441000254,35.61914265974522,0.0029829564442883,0.0186008870862826,271.25376674107144,0.2451963241436925,401330.0,0.7427802556499639,0.001563756616109,-0.0027962995130903,0.0021687361796223,0.0039334507869606,239400.0,1
2024-06-26,23723.099609375,23889.900390625,23670.44921875,23868.80078125,287800,0.0062180401218379,0.006198787876631,0.0091940593868204,0.0061417426168636,23639.21015625,23179.28994140625,22729.256953125,23281.53557240821,22860.74443019156,1.0297468490875574,1.0501355513061912,1.0197997228510092,0.0259598141408843,90.90720591228086,301.5154132865064,259.9314379373216,41.58397534918481,0.0031879514808141,0.018606369050016,224.1823381696429,-0.0345521637034552,404825.0,0.7109244735379485,0.0077938798539154,0.001563756616109,-0.0027962995130903,-0.0017786131162043,298100.0,1
2024-06-27,23881.55078125,24087.44921875,23805.400390625,24044.5,515200,0.0073610408985447,0.0073340806597626,0.0117302846025078,0.006823226022572,23734.71015625,23246.27998046875,22759.7589453125,23354.19885122648,22907.166217242877,1.0343375378857136,1.056447920110863,1.0213763703001104,0.0309373730775832,90.75359002692927,324.91354367598615,272.9278590850545,51.98568459093167,0.003525852463165,0.0184824398534937,223.6286272321429,0.7901320361362056,417090.0,1.235225011388429,0.0062180401218379,0.0077938798539154,0.001563756616109,0.0021687361796223,287800.0,0
2024-06-28,24085.900390625,24174.0,23985.80078125,24010.599609375,354800,-0.0014099020825968,-0.0014108969297394,0.0078381723826887,-0.0031263427992631,23836.61015625,23322.37744140625,22794.5209375,23416.713209145382,22950.438114973545,1.0295090914165077,1.0533496042847028,1.0231571659414809,0.0261422207256833,83.79998020767283,336.8383891030571,285.70996508865505,51.12842401440207,0.0037938679311034,0.0182827723255087,199.1322544642857,-0.3113354037267081,416160.0,0.852556708958093,0.0073610408985447,0.0062180401218379,0.0077938798539154,-0.0027962995130903,515200.0,1
2024-07-01,23992.94921875,24164.0,23992.69921875,24141.94921875,0,0.0054704843490753,0.0054555755969174,0.0070955654697905,0.0062101577693316,23957.430078125,23402.93994140625,22834.4019140625,23485.78330529821,22997.16404061184,1.0315776256826708,1.0572621656397423,1.0248983104301768,0.0288230269259679,87.84882844557589,352.82063411312265,299.1320988935486,53.68853521957408,0.0039023465144003,0.0182858485160378,198.1715959821429,-1.0,387555.0,0.0,-0.0014099020825968,0.0073610408985447,0.0062180401218379,0.001563756616109,354800.0,0
2024-07-02,24228.75,24236.349609375,24056.400390625,24123.849609375,0,-0.0007497161563467,-0.0007499973340487,0.0074593906720454,-0.0043295832688438,24037.93984375,23445.93740234375,22876.9619140625,23546.551524734088,23041.347788406478,1.028913845302832,1.054504077070917,1.0248711122752492,0.0240237546371162,86.44149249971828,359.8777445940796,311.2812280336548,48.59651656042479,0.0040358427746346,0.0170151129352993,197.96805245535717,0.0,359085.0,0.0,0.0054704843490753,-0.0014099020825968,0.0073610408985447,0.0077938798539154,0.0,1
2024-07-03,24291.75,24309.150390625,24207.099609375,24286.5,0,0.0067423066077227,0.0067196789101684,0.0042019550470425,-0.0002161227577263,24121.4796875,23566.03740234375,22919.7519140625,23617.022808092748,23090.177286900336,1.0305720722307177,1.0596318882971385,1.028197752344986,0.0327649260078244,87.54623470639629,374.2806088145553,323.8811041898349,50.39950462472041,0.0039580508259813,0.0083771425258454,198.55385044642856,0.0,308780.0,0.0,-0.0007497161563467,0.0054704843490753,-0.0014099020825968,0.0062180401218379,0.0,1
2024-07-04,24369.94921875,24401.0,24281.0,24302.150390625,251200,0.0006444070008029,0.0006441994597673,0.0049378346389582,-0.0027820668609697,24173.009765625,23650.12744140625,22959.0669140625,23682.2730540482,23137.705643909147,1.0275695321657,1.0584990444772762,1.0300996782635132,0.0311940590921626,86.93211946973327,382.5480622700306,335.61449580587407,46.93356646415657,0.0040318247440769,0.0052574973850845,195.83231026785717,0.0,289415.0,0.8679577768947705,0.0067423066077227,-0.0007497161563467,0.0054704843490753,0.0073610408985447,0.0,1
2024-07-05,24213.349609375,24363.0,24168.849609375,24323.849609375,298400,0.0008928929498506,0.0008924945580705,0.0079818940563655,0.0045635982539655,24235.659765625,23725.24990234375,22998.18390625,23743.375583126945,23184.22109353526,1.0252304911221235,1.057642190728144,1.0316140613127351,0.0350090001606473,86.43285908533147,386.396881575376,345.77097295977444,40.62590861560159,0.0035778037174844,0.0051379558162786,198.5465959821429,0.1878980891719746,280315.0,1.0645167044218111,0.0006444070008029,0.0067423066077227,-0.0007497161563467,-0.0014099020825968,251200.0,0
2024-07-08,24329.44921875,24344.599609375,24240.55078125,24320.55078125,266300,-0.0001356211363734,-0.0001356303337513,0.0042782266347856,-0.0003657475933792,24271.380078125,23776.769921875,23036.5469140625,23798.344649614854,23228.783042073093,1.0228702578677311,1.05573768811695,1.0321325505325902,0.0332528750444243,85.02092410460438,384.7458006499255,353.56593849780467,31.179862152120847,0.0037145574667552,0.0032262092317833,197.875,-0.1075737265415549,269950.0,0.9864789775884424,0.0008928929498506,0.0006444070008029,0.0067423066077227,0.0054704843490753,298400.0,1
2024-07-09,24351.0,24443.599609375,24331.900390625,24433.19921875,250500,0.0046318209860134,0.0046211271118829,0.0045716165840567,0.0033755993080366,24333.25,23835.469921875,23073.80390625,23858.806989532488,23276.0150490016,1.0250773028110696,1.0589150934117015,1.033009989107981,0.0300109359121951,89.54816628881919,388.053851341956,360.4635210666349,27.590330275321094,0.0034129478885213,0.003160724785746,188.728515625,-0.0593315809237702,267255.0,0.9373070662850088,-0.0001356211363734,0.0008928929498506,0.0006444070008029,-0.0007497161563467,266300.0,0
2024-07-10,24459.849609375,24461.05078125,24141.80078125,24324.44921875,292300,-0.0044509111977667,-0.0044608459932337,0.0131246548330439,-0.0055356182800528,24340.83984375,23888.44990234375,23111.89390625,23903.153868505586,23317.13011448193,1.018251469567453,1.0524645586129182,1.0335998425418416,0.0190897080115532,81.1106369187623,377.5481491622959,363.8804466857672,13.667702476528689,0.0039155693967086,0.0034921684856837,198.5749162946429,0.1668662674650698,266610.0,1.096357976069915,0.0046318209860134,-0.0001356211363734,0.0008928929498506,0.0067423066077227,250500.0,0
2024-07-11,24396.55078125,24402.650390625,24193.75,24315.94921875,306400,-0.0003494426502141,-0.0003495037195243,0.0085910851657774,-0.0033038097566622,24343.599609375,23938.09990234375,23145.3448828125,23942.467711386,23356.29949111989,1.0157844322626983,1.0505762321479504,1.0342511646961865,0.0112894515897605,85.12442477011852,364.3365802276676,363.9716733941473,0.3649068335203083,0.0034556524862513,0.003538299858822,194.28920200892856,0.0482381115292507,267150.0,1.146921205315366,-0.0044509111977667,0.0046318209860134,-0.0001356211363734,0.0006444070008029,292300.0,1
2024-07-12,24387.94921875,24592.19921875,24331.150390625,24502.150390625,325800,0.007657573644356,0.0076284032489554,0.0106541190860081,0.0046826886037305,24379.259765625,23993.26240234375,23183.2908984375,23995.77082369448,23401.23482051225,1.0212096204237544,1.0568883640362028,1.034937727670097,0.020472240978858,86.82228241737916,364.6873068218738,364.1148000796926,0.57250674218119,0.0038759861459236,0.0037436639424417,199.15708705357144,0.0633159268929504,270025.0,1.2065549486158689,-0.0003494426502141,-0.0044509111977667,0.0046318209860134,0.0008928929498506,306400.0,1
2024-07-15,24587.599609375,24635.05078125,24522.75,24586.69921875,305400,0.0034506697076412,0.0034447298074261,0.0045675419970305,-3.6619704212878525e-05,24432.489453125,24049.3173828125,23222.0608984375,24052.04971846167,23447.723620443147,1.0223449933061948,1.0587647378189555,1.035623732449632,0.018422290427758,85.74561049672946,367.55074777235495,364.8019896182251,2.74875815412986,0.0037276457476363,0.0037506136616551,193.1999162946429,-0.0626151012891343,274140.0,1.114029328080543,0.007657573644356,-0.0003494426502141,-0.0044509111977667,-0.0001356211363734,325800.0,1
2024-07-16,24615.900390625,24661.25,24587.650390625,24613.0,283200,0.0010697158254551,0.0010691440871768,0.002990273813635,-0.000117825900291,24468.449609375,24102.07236328125,23264.80390625,24105.473554798653,23493.420733366947,1.0211984940140306,1.057950030405707,1.035988631600128,0.0202766307428357,84.15961414329772,367.7036399241842,365.3823196794169,2.321320244767321,0.0036311334446748,0.0037411675916417,182.84988839285717,-0.0726915520628683,274690.0,1.0309803778805198,0.0034506697076412,0.007657573644356,-0.0003494426502141,0.0046318209860134,305400.0,1
2024-07-18,24543.80078125,24837.75,24504.44921875,24800.849609375,350900,0.0076321297434283,0.0076031523871201,0.0134390872288507,0.0104730652931867,24563.7296875,24166.31484375,23311.9669140625,24171.69984571069,23544.692453994718,1.0262569932456669,1.0638677422973846,1.036648470411655,0.0211784163784407,84.33435412569754,378.6182263759147,368.0295010187165,10.5887253571982,0.0037667408015484,0.0038048104672292,186.5107421875,0.239053672316384,275795.0,1.2723218332457078,0.0010697158254551,0.0034506697076412,0.007657573644356,-0.0044509111977667,283200.0,0
2024-07-19,24853.80078125,24854.80078125,24508.150390625,24530.900390625,343800,-0.0108846762510892,-0.0109443477378994,0.0141311727292928,-0.0129919923904998,24606.719921875,24214.50986328125,23356.534921875,24205.90942141681,23583.36727503904,1.0130661545135595,1.050279952599053,1.036733828210224,0.0094127472805141,69.4505533018496,361.3203923124456,366.6876792774624,-5.367286965016717,0.005599625008992,0.0048736186876959,197.82868303571428,-0.0202336848104873,278970.0,1.2323905796322183,0.0076321297434283,0.0010697158254551,0.0034506697076412,-0.0003494426502141,350900.0,0
2024-07-22,24445.75,24595.19921875,24362.30078125,24509.25,324200,-0.0008825762723847,-0.000882965972133,0.0095024710058447,0.0025975885378849,24608.13984375,24264.9173828125,23400.669921875,24234.79900032949,23619.67640150809,1.0100693776670582,1.0473738607409997,1.0369325948283898,0.0076221648136463,64.95771771083878,341.9232502206978,361.7347934661095,-19.811543245411656,0.0056292570879791,0.004792319135172,202.228515625,-0.0570098894706224,264685.0,1.2248521827833083,-0.0108846762510892,0.0076321297434283,0.0010697158254551,0.007657573644356,343800.0,0
2024-07-23,24568.900390625,24582.55078125,24074.19921875,24479.05078125,436400,-0.0012321559717249,-0.0012329157000276,0.0207668004385765,-0.0036570464264361,24586.61015625,24311.97744140625,23451.1009375,24258.06107470288,23653.377357576406,1.006872058854382,1.0438337563123203,1.036709428107473,0.0065171221419129,64.32382365589365,320.42044337991683,353.47192344887094,-33.051480068954106,0.0056592549129813,0.0048492528394681,225.68582589285717,0.3460826650215916,274535.0,1.5895969548509297,-0.0008825762723847,-0.0108846762510892,0.0076321297434283,0.0034506697076412,324200.0,0
2024-07-24,24444.94921875,24504.25,24307.25,24413.5,366600,-0.0026778318259059,-0.0026814236311497,0.0080693059168083,-0.0012865323821526,24546.71015625,24346.58740234375,23498.266953125,24272.864781874032,23683.18608865184,1.002748335795505,1.0389489594573391,1.0361014048785386,-0.0008062480305437,55.55654302082337,294.6928777681351,341.7161143127238,-47.02323654458871,0.0055601201904844,0.004752857286482,226.521484375,-0.1599450045829514,277960.0,1.3188948050079148,-0.0012321559717249,-0.0008825762723847,-0.0108846762510892,0.0010697158254551,436400.0,0
2024-07-25,24230.94921875,24426.150390625,24210.80078125,24406.099609375,391800,-0.0003031269840456,-0.0003031729363163,0.0088235979046925,0.007228375126529,24467.76015625,24373.45234375,23544.3079296875,24285.5538130646,23711.53563848412,1.0013394600471268,1.0366029735195932,1.0352163425885632,0.0033567210460025,54.58108964206525,270.5872851988679,327.4903484899526,-56.90306329108472,0.0053475774855392,0.0046308919982066,233.33217075892856,0.0687397708674304,283160.0,1.3836700098884025,-0.0026778318259059,-0.0012321559717249,-0.0008825762723847,0.0076321297434283,366600.0,1
2024-07-26,24423.349609375,24861.150390625,24410.900390625,24834.849609375,383800,0.0175673297602745,0.0174148078999285,0.0181297655142648,0.0168486307808509,24528.55,24412.96982421875,23596.6479296875,24337.867698427497,23755.58716675435,1.0172809694270677,1.052473626058119,1.034594824526081,0.0213399191599263,66.57371487068255,282.81980059105626,318.55623891017336,-35.7364383191171,0.0075796479905238,0.0057556526162513,251.96791294642856,-0.0204185809086268,276590.0,1.3876134350482665,-0.0003031269840456,-0.0026778318259059,-0.0012321559717249,-0.0108846762510892,391800.0,1
2024-07-29,24943.30078125,24999.75,24774.599609375,24836.099609375,355000,5.03324972633834e-05,5.0331230625744864e-05,0.0090654488493036,-0.0042977941377984,24593.919921875,24454.24482421875,23649.35890625,24385.318356612974,23797.960203719864,1.0156150716532482,1.050180671189838,1.0340341537865552,0.0136293840918459,66.74350363907851,289.2803776009896,312.7010666483366,-23.420689047347025,0.0073418864835234,0.0057243822921426,260.61802455357144,-0.0750390828556539,276600.0,1.2834417932031814,0.0175673297602745,-0.0003031269840456,-0.0026778318259059,-0.0008825762723847,383800.0,1
2024-07-30,24839.400390625,24971.75,24798.650390625,24857.30078125,385000,0.0008536433743,0.0008532792280141,0.0069637331461817,0.0007206450374605,24669.569921875,24490.01240234375,23698.4279296875,24430.26906372126,23839.502971466143,1.0149974762312126,1.048900832367482,1.0334024043706551,0.0110060142718806,64.64336388698565,292.7367023298466,308.70819378463864,-15.971491454792044,0.0073055253354423,0.0056571579849682,264.19308035714283,0.0845070422535212,295850.0,1.3013351360486731,5.03324972633834e-05,0.0175673297602745,-0.0003031269840456,-0.0012321559717249,355000.0,1
2024-07-31,24886.69921875,24984.599609375,24856.5,24951.150390625,333600,0.0037755350108565,0.0037684255675633,0.0051340161623622,0.0025897838563678,24777.1,24531.37744140625,23748.1289453125,24479.876809140667,23883.096987903748,1.0171116746387925,1.050657525402647,1.0329814823684604,0.013738690554788,71.86368474200701,299.595196784594,306.8855943846297,-7.290397600035703,0.0073541858598765,0.0056544764749954,250.5394810267857,-0.1335064935064934,312530.0,1.06741752791732,0.0008536433743,5.03324972633834e-05,0.0175673297602745,-0.0026778318259059,385000.0,1
2024-08-01,25030.94921875,25078.30078125,24956.400390625,25010.900390625,431300,0.0023946791656728,0.002391816490734,0.0048738905325732,-0.0008009615596192,24898.06015625,24567.5974609375,23797.7659375,24530.450483567744,23927.32457232419,1.0180442117057784,1.0509768209465986,1.032348898861318,0.0084694994146732,73.40768039534814,306.32085259062296,306.7726460258284,-0.4517934352054453,0.0070409549373815,0.0055332120059237,244.7001953125,0.2928657074340528,334095.0,1.2909501788413476,0.0037755350108565,0.0008536433743,5.03324972633834e-05,-0.0003031269840456,333600.0,0
2024-08-02,24789.0,24851.900390625,24686.849609375,24717.69921875,345000,-0.0117229354919546,-0.0117921908833044,0.0066774330324724,-0.0028763072834725,24874.630078125,24588.37490234375,23840.16390625,24548.28369644225,23958.31965649775,1.0052595715219037,1.036809114062758,1.0313844736569784,0.0076148378229274,56.77208424406283,284.7101378436055,302.36014438938383,-17.650006545778353,0.0072019338933388,0.0062793386137611,236.75739397321428,-0.2000927428703918,338785.0,1.0183449680475818,0.0023946791656728,0.0037755350108565,0.0008536433743,0.0175673297602745,431300.0,0
2024-08-05,24302.849609375,24350.05078125,23893.69921875,24055.599609375,487000,-0.0267864578946228,-0.0271517531414515,0.0189706999580317,-0.010173704070679,24718.530078125,24574.96240234375,23861.922890625,24501.36140243584,23962.13455661059,0.978866181584912,1.0081165595764328,1.0298818965674763,-0.0185093542489059,37.75705091897645,211.71704334416063,284.2315241803392,-72.51448083617856,0.0114217082600615,0.0088669022587738,259.86104910714283,0.4115942028985506,348215.0,1.3985612337205462,-0.0117229354919546,0.0023946791656728,0.0037755350108565,5.03324972633834e-05,345000.0,0
2024-08-06,24189.849609375,24382.599609375,23960.400390625,23992.55078125,312300,-0.0026209626510589,-0.0026244033870099,0.0175970959736363,-0.0081562651819271,24545.580078125,24558.56240234375,23882.6319140625,24452.903248037182,23963.327349733703,0.9769525751621466,1.004602460381378,1.0283021775285683,-0.0198741366382,35.93564051343081,147.08645545748368,256.8025104357681,-109.71605497828445,0.0114215837991735,0.0088781714053816,284.69308035714283,-0.3587268993839836,350515.0,0.8909747086429968,-0.0267864578946228,-0.0117229354919546,0.0023946791656728,0.0008536433743,487000.0,1
2024-08-07,24289.400390625,24337.69921875,24184.900390625,24297.5,317600,0.0127101624804444,0.0126300663412452,0.0062886646002675,0.0003334627139715,24414.85,24551.77744140625,23909.9329296875,24438.10293870031,23976.43215954807,0.9896432165853126,1.0162094586987018,1.026844262324208,-0.0047514694738566,39.16525617191304,119.1001894584333,229.2620462403012,-110.16185678186788,0.012312735038725,0.0093003905123947,285.5393415178572,0.0169708613512649,353870.0,0.8975047333766637,-0.0026209626510589,-0.0267864578946228,-0.0117229354919546,0.0037755350108565,312300.0,0
2024-08-08,24248.55078125,24340.5,24079.69921875,24117.0,311900,-0.007428747813561,-0.0074564783815551,0.0108139810610772,-0.0054250986971031,24236.069921875,24541.40498046875,23934.509921875,24407.521706443134,23981.94462387952,0.9827065736127776,1.0076245587948394,1.02535648570097,-0.0118453834902791,40.733851566373794,81.41750026306545,199.69313704485404,-118.2756367817886,0.0125078074812241,0.0093949338661181,279.4072265625,-0.0179471032745591,354850.0,0.8789629420882062,0.0127101624804444,-0.0026209626510589,-0.0267864578946228,0.0023946791656728,317600.0,1
2024-08-09,24386.849609375,24419.75,24311.19921875,24367.5,215100,0.0103868640378157,0.0103332912152946,0.0044547360726377,-0.0007934444048714,24166.030078125,24543.98251953125,23967.7659375,24403.710115353315,23997.06444255091,0.9928095402043734,1.016677985905836,1.0240413138017883,-0.0188182983479222,47.12153518123667,70.94909704432939,173.9443290447491,-102.99523200041972,0.0114969416530018,0.0096984245241005,284.39662388392856,-0.3103558832959282,350285.0,0.6140713990036685,-0.007428747813561,0.0127101624804444,-0.0026209626510589,-0.0117229354919546,311900.0,0
2024-08-12,24320.05078125,24472.80078125,24212.099609375,24347.0,279900,-0.0008412844977941,-0.0008416385761983,0.0107077328572308,0.0011081070098248,24224.31015625,24536.225,24004.9329296875,24398.309151986334,24010.78740558813,0.992287933453496,1.0142498656969567,1.0221326204854937,-0.0196930925977756,47.30788894852776,60.30349227700936,151.21616169120117,-90.9126694141918,0.0114835834886858,0.0095362241438849,266.7073102678572,0.3012552301255229,347990.0,0.8043334578579844,0.0103868640378157,-0.007428747813561,0.0127101624804444,-0.0267864578946228,215100.0,0
2024-08-13,24342.349609375,24359.94921875,24116.5,24139.0,239700,-0.0085431469996303,-0.0085798488623965,0.0100853067132027,-0.0083537379356626,24253.6,24513.8400390625,24037.0989453125,24373.61304227335,24015.815350467023,0.9847090444228568,1.0042393241763217,1.019833553742681,-0.0288969742761378,44.71098265895953,34.68310686355835,127.9095507256726,-93.22644386211424,0.011610901661755,0.0096647260360487,270.02511160714283,-0.1436227224008575,344705.0,0.6953772065969452,-0.0008412844977941,0.0103868640378157,-0.007428747813561,-0.0026209626510589,279900.0,1
2024-08-14,24184.400390625,24196.5,24099.69921875,24143.75,303300,0.0001967769998756,0.0001967576418212,0.0040093515402536,-0.0016808517047525,24222.85,24490.3775390625,24054.6959375,24351.721323961607,24020.83239554675,0.9858463782965524,1.0037021487501394,1.0181121225849,-0.0323592450842814,44.939926149886645,14.59382362665201,105.24640530586848,-90.65258167921648,0.0114354863792995,0.0096572472921896,261.55733816964283,0.265331664580726,345710.0,0.8773249255156056,-0.0085431469996303,-0.0008412844977941,0.0103868640378157,0.0127101624804444,239700.0,1
2024-08-16,24334.849609375,24563.900390625,24204.5,24541.150390625,271600,0.0164597624902924,0.016325768935141,0.0146448061685932,0.0084775860365507,24307.680078125,24477.392578125,24107.8289453125,24369.76218745336,24041.23702280472,1.0026047632441446,1.0179743039614009,1.0153296107107297,-0.0187818108370092,44.26592700605232,30.389500985180348,90.27502444173088,-59.88552345655053,0.0129528947014748,0.0102435988534518,259.064453125,-0.1045169798878997,341745.0,0.794744619526255,0.0001967769998756,-0.0085431469996303,-0.0008412844977941,-0.007428747813561,303300.0,1
2024-08-19,24636.349609375,24638.80078125,24522.94921875,24572.650390625,243600,0.0012835584110202,0.001282735354142,0.0047146547343627,-0.0025855786169619,24348.71015625,24479.480078125,24146.8749609375,24389.08487346971,24062.076762719244,1.0038060576532937,1.017632734272086,1.0137742510252592,-0.0058682172171984,44.91656114327063,44.93153309246191,81.20632617187708,-36.274793079415176,0.0124947671146981,0.0099497621532782,251.25739397321428,-0.1030927835051546,336735.0,0.7234175241658871,0.0164597624902924,0.0001967769998756,-0.0085431469996303,0.0103868640378157,271600.0,1
2024-08-20,24648.900390625,24734.30078125,24607.19921875,24698.849609375,238300,0.0051357593399101,0.0051226163083365,0.0051460519218577,0.0020264278713624,24419.080078125,24488.96005859375,24184.4239453125,24418.586276889266,24087.048246901824,1.0085707825191046,1.0212709496503103,1.0125922417656046,0.0267401357873162,47.06163585248309,65.87999697318082,78.14106033213783,-12.261063358957005,0.0083527974878106,0.0100094548642701,250.43959263392856,-0.0217569786535303,332440.0,0.7168210804957286,0.0012835584110202,0.0164597624902924,0.0001967769998756,-0.0008412844977941,243600.0,1
2024-08-21,24680.55078125,24787.94921875,24654.5,24770.19921875,257100,0.0028887826964991,0.002884618182089,0.0053874907331784,0.0036323515749132,24545.319921875,24503.51748046875,24214.024921875,24452.073223733143,24113.83848109195,1.0108834063719143,1.022969097399935,1.0119555736614536,0.0324120784234298,46.61615139679128,87.23354865923466,79.9595579975572,7.273990661677459,0.008146207453375,0.0100167616966469,250.8217075892857,0.0788921527486361,323475.0,0.7948063992580571,0.0051357593399101,0.0012835584110202,0.0164597624902924,-0.0085431469996303,238300.0,1
2024-08-22,24863.400390625,24867.349609375,24784.44921875,24811.5,220300,0.0016673576536574,0.0016659691560852,0.0033412083358523,-0.0020874212621604,24678.869921875,24523.41748046875,24245.0709375,24486.30434528237,24141.197756343245,1.0117472419886293,1.023362648183631,1.0114805414958894,0.0211544397571765,46.245236345662015,106.26407399834716,85.2204611977152,21.04361280063196,0.0074418359947139,0.0099891389093725,248.67885044642856,-0.1431349669389342,316160.0,0.6967990890688259,0.0028887826964991,0.0051357593399101,0.0012835584110202,0.0001967769998756,257100.0,1
2024-08-23,24845.400390625,24858.400390625,24771.650390625,24823.150390625,206800,0.0004695560778267,0.0004694458708691,0.003494721606036,-0.0008955379929556,24735.269921875,24544.27001953125,24276.236953125,24518.384921029286,24167.940996903315,1.011362341225542,1.022528756765558,1.0110409643357738,0.0292801920066758,52.22119554798213,120.89241904040682,92.35485276625352,28.53756627415329,0.006696463913326,0.0099861067799705,243.0859375,-0.0612800726282342,306910.0,0.6738131699846861,0.0016673576536574,0.0028887826964991,0.0051357593399101,0.0164597624902924,220300.0,1
2024-08-26,24906.099609375,25043.80078125,24874.69921875,25010.599609375,210300,0.007551387144671,0.0075230181481054,0.0067611958585996,0.0041957593376308,24822.859765625,24553.05751953125,24309.9899609375,24565.262510395543,24200.98643268652,1.0186348315064138,1.028819824671391,1.0099986696409304,0.026391694239253,75.14352005166927,145.92889577945243,103.0696613688933,42.859234410559125,0.0064016797085048,0.0093468610135837,226.25013950892856,0.0169245647969051,298235.0,0.7051486244069274,0.0004695560778267,0.0016673576536574,0.0028887826964991,0.0012835584110202,206800.0,1
2024-08-27,25024.80078125,25073.099609375,24973.650390625,25017.75,223300,0.000285894410237,0.0002858535502177,0.0039751463960587,-0.0002817517434657,24886.63984375,24562.1400390625,24342.366953125,24608.35655702454,24233.016376502736,1.0185492778810363,1.0277451674348494,1.0090284189027594,0.027549595432702,77.8103204558989,164.45176318007725,115.3460817311301,49.10568144894715,0.0063439004172522,0.0093466085168196,203.19656808035717,0.061816452686638,291650.0,0.7656437510714899,0.007551387144671,0.0004695560778267,0.0016673576536574,0.0051357593399101,210300.0,1
2024-08-28,25030.80078125,25129.599609375,24964.650390625,25052.349609375,220400,0.0013830024432652,0.0013820469762269,0.0065841815766563,0.0008608924785635,24943.069921875,24571.89248046875,24374.101953125,24650.641609629347,24265.14709151733,1.0195531186410711,1.0278265700846896,1.0081147821455794,0.0378370938885206,73.99624238947273,179.84996986085025,128.24685935707413,51.60311050377612,0.0050158770729466,0.0093488118628847,190.3251953125,-0.0129870129870129,283420.0,0.7776444852162868,0.000285894410237,0.007551387144671,0.0004695560778267,0.0028887826964991,223300.0,1
2024-08-29,25035.30078125,25192.900390625,24998.5,25151.94921875,354000,0.0039756594063229,0.0039677773564559,0.0077290387688951,0.0046593583404183,25011.159765625,24581.932421875,24405.9829296875,24698.38519145036,24299.923645526454,1.0231884453627311,1.030564894321675,1.0072092770323735,0.0417581866425058,84.68446532037838,197.8097875824133,142.15944500214198,55.650342580271285,0.0048614519755555,0.0093527080369362,185.58231026785717,0.6061705989110708,284440.0,1.2445506961046269,0.0013830024432652,0.000285894410237,0.007551387144671,0.0016673576536574,220400.0,1
2024-08-30,25249.69921875,25268.349609375,25199.400390625,25235.900390625,638200,0.0033377600735777,0.0033322021164079,0.0027321877833855,-0.00054649475249,25093.709765625,24593.182421875,24440.3809375,24749.57711518128,24336.62861592248,1.0261339894009942,1.0325493884550874,1.006252009114169,0.0283095938430579,82.75992661415698,216.32358682914128,156.99227336754186,59.33131346159942,0.0022780589454719,0.0093655994561999,172.27162388392858,0.8028248587570621,294785.0,2.1649676883152127,0.0039756594063229,0.0013830024432652,0.000285894410237,0.0004695560778267,354000.0,1
2024-09-02,25333.599609375,25333.650390625,25235.5,25278.69921875,222800,0.0016959501132323,0.0016945136137639,0.0038827310604731,-0.0021670979044242,25147.3296875,24621.232421875,24474.614921875,24799.969696473538,24373.572561131405,1.0267032448095843,1.0328538078920426,1.0059905947639225,0.0287331165707047,84.56628919077943,231.7776256696889,171.94934382797126,59.8282818417176,0.0022513186163033,0.0089124902463086,160.66085379464286,-0.6508931369476654,288675.0,0.7718021997055512,0.0033377600735777,0.0039756594063229,0.0013830024432652,0.007551387144671,638200.0,1
2024-09-03,25313.400390625,25321.69921875,25235.80078125,25279.849609375,212100,4.550829989491412e-05,4.550726442364936e-05,0.0033979014443244,-0.0013254158166133,25199.749609375,24682.444921875,24510.189921875,24845.672545321297,24409.112837533117,1.0242036268850556,1.0314016207117631,1.007027893319026,0.0235233627957907,100.0,241.33591944738876,185.8266589518548,55.509260495533965,0.0022500375373685,0.0059558877479268,149.4072265625,-0.0480251346499102,274930.0,0.7714691012257665,0.0016959501132323,0.0033377600735777,0.0039756594063229,0.000285894410237,222800.0,0
2024-09-04,25089.94921875,25216.0,25083.80078125,25198.69921875,253800,-0.0032100820170585,-0.0032152453831834,0.0052462715476849,0.0043344049464528,25229.01953125,24742.75234375,24543.4069140625,24879.294133266885,24440.07700934554,1.0184274921668193,1.026699321205975,1.0081221580355777,0.0172990130687218,93.33330124255494,239.6008088308008,196.581488927644,43.01931990315683,0.0028328527988791,0.0059839485399192,151.93568638392858,0.1966053748231966,272005.0,0.933071083252146,4.550829989491412e-05,0.0016959501132323,0.0033377600735777,0.0013830024432652,212100.0,0
2024-09-05,25250.5,25275.44921875,25127.75,25145.099609375,222200,-0.0021270784221717,-0.0021293438665674,0.005873876860481,-0.0041741902388071,25227.649609375,24785.13232421875,24571.882890625,24904.608940515274,24467.724954444733,1.0145235167780204,1.023328156059571,1.0086785955534208,0.013445362407553,84.57265779081676,231.2351458183075,203.5122203057767,27.722925512530797,0.0030833325556041,0.0055576503905124,132.47488839285714,-0.1245074862096138,267235.0,0.8314779126985612,-0.0032100820170585,4.550829989491412e-05,0.0016959501132323,0.0039756594063229,253800.0,0
2024-09-06,25093.69921875,25168.75,24801.30078125,24852.150390625,311700,-0.0116503502989019,-0.0117187473822492,0.014785409430349,-0.0096258756438952,25150.899609375,24821.88984375,24591.5498828125,24899.612888144773,24482.80046174592,1.0012191072906007,1.0105971567084773,1.0093666304903577,0.0011682642832857,62.31387720542174,198.67652463110065,202.5450811708415,-3.8685565397408936,0.0051679833490798,0.0059925341207894,150.44614955357142,0.4027902790279027,267225.0,1.1664327813640192,-0.0021270784221717,-0.0032100820170585,4.550829989491412e-05,0.0033377600735777,222200.0,1
2024-09-09,24823.400390625,24957.5,24753.150390625,24936.400390625,254400,0.0033900486950126,0.0033843154336383,0.0081948318993075,0.0045521563614095,25082.43984375,24850.33486328125,24609.387890625,24903.11645980956,24500.588694250982,1.003463354832732,1.0132881200236832,1.0097908559825677,-0.0029667109109285,60.867420790221416,177.6243111695403,197.5609271705813,-19.93661600104099,0.0046485819251492,0.0056448719409996,153.49609375,-0.1838306063522617,269190.0,0.9450573944054386,-0.0116503502989019,-0.0021270784221717,-0.0032100820170585,0.0016959501132323,311700.0,1
2024-09-10,24999.400390625,25130.5,24896.80078125,25041.099609375,251300,0.0041986500501236,0.0041898603137641,0.0093326260585819,0.0016680087561475,25034.68984375,24885.03984375,24629.997890625,24916.257712149123,24521.785200726437,1.0062712282803197,1.0166910984148512,1.0103549319921816,0.0009333217165812,62.02613302350584,167.45827748975353,191.54039723441576,-24.08211974466224,0.0048620157035569,0.0056633443960018,160.65680803571428,-0.0121855345911949,267760.0,0.938527039139528,0.0033900486950126,-0.0116503502989019,-0.0021270784221717,4.550829989491412e-05,254400.0,0
2024-09-11,25034.0,25113.69921875,24885.150390625,24918.44921875,279200,-0.0048979634496194,-0.0049099977844991,0.009171872058275,-0.0046157538247982,24978.63984375,24924.0123046875,24645.527890625,24916.46642706349,24537.340652413637,0.9997767981386988,1.0110738682221052,1.0112995921734116,-0.0053448236477944,54.42799474702255,147.80100310399575,182.79251840833177,-34.99151530433602,0.0050789955769675,0.0053748974091204,170.04241071428572,0.1110226820533226,269735.0,1.0350899957365562,0.0041986500501236,0.0033900486950126,-0.0116503502989019,-0.0032100820170585,251300.0,1
2024-09-12,25059.650390625,25433.349609375,24941.44921875,25388.900390625,380100,0.0188796328272711,0.0187036244247439,0.019374623676362,0.0131386509734858,25027.4,24986.26982421875,24670.82890625,24961.460137878872,24570.73515195133,1.016114072618234,1.029106094777103,1.0127859878225995,0.0094207876222316,66.97471466980457,168.24453114957942,179.88292095658133,-11.638389807001914,0.0078904154425555,0.0065804669203598,200.62458147321428,0.3613896848137536,273575.0,1.389381339669195,-0.0048979634496194,0.0041986500501236,0.0033900486950126,-0.0021270784221717,279200.0,0
2024-09-13,25430.44921875,25430.5,25292.44921875,25356.5,250800,-0.0012761636040355,-0.0012769785942554,0.0054443941888667,-0.0029079006081999,25128.269921875,25027.0373046875,24692.22890625,24999.08298189041,24601.54945971795,1.0131642707565227,1.0269020304433458,1.013559261892018,0.0047788906877996,61.44304291472236,179.75957716222183,179.85825219770945,-0.0986750354876164,0.0078695921254734,0.005762280178136,194.724609375,-0.34017363851618,272535.0,0.9202487753866476,0.0188796328272711,-0.0048979634496194,0.0041986500501236,-0.0116503502989019,380100.0,1
2024-09-16,25406.650390625,25445.69921875,25336.19921875,25383.75,168700,0.0010746751326089,0.001074098082679,0.0043137834244349,-0.0009013541837632,25217.73984375,25067.59228515625,24713.8608984375,25035.717935996086,24632.2239907094,1.012612209072467,1.027105805293452,1.0143130767051098,0.0041557035961756,61.94906953966699,188.9065838426468,181.66791852669687,7.2386653159498735,0.0078613662083716,0.0057631387194877,195.44252232142856,-0.3273524720893142,268790.0,0.6276275159046095,-0.0012761636040355,0.0188796328272711,-0.0048979634496194,0.0033900486950126,250800.0,1
2024-09-17,25416.900390625,25441.650390625,25352.25,25418.55078125,216000,0.0013709866056039,0.0013700476615561,0.0035171316962313,6.493280453696647e-05,25293.230078125,25103.57734375,24735.754921875,25072.178206972647,24663.060335436483,1.0125469542920909,1.0276035989817789,1.0148700705936295,0.0054866296286653,61.95406710522793,196.69639118379928,184.6736130581174,12.022778125681867,0.0078656117131965,0.0057040145542703,190.04617745535717,0.2803793716656786,267675.0,0.8069487251330905,0.0010746751326089,-0.0012761636040355,0.0188796328272711,0.0041986500501236,168700.0,0
2024-09-18,25402.400390625,25482.19921875,25285.55078125,25377.55078125,215700,-0.0016129951842196,-0.0016142974615182,0.0077489131711359,-0.000978238630715,25385.050390625,25133.944921875,24756.894921875,25101.26130928477,24691.07956860564,1.0096923049737003,1.0250700203451846,1.0152301005917688,0.0070976505948734,57.65736620756588,197.2873070073947,187.1963518479729,10.09095515942181,0.0077965128867169,0.0057325241504386,190.2067522321429,-0.0013888888888888,265605.0,0.8121082057943186,0.0013709866056039,0.0010746751326089,-0.0012761636040355,-0.0048979634496194,216000.0,1
2024-09-19,25487.05078125,25611.94921875,25376.05078125,25415.80078125,314500,0.0015072376499098,0.0015061029073179,0.0092815662008977,-0.0027955372558215,25390.43046875,25164.1599609375,24776.546953125,25131.217449471937,24719.500008317184,1.0099999690314767,1.0258007634935735,1.0156443514322568,0.0107655637114307,56.30167932580672,198.5532688975909,189.4677352578965,9.085533639694404,0.0077340568184932,0.0057319680608743,198.74232700892856,0.4580435790449699,270315.0,1.1634574477923905,-0.0016129951842196,0.0013709866056039,0.0010746751326089,0.0188796328272711,215700.0,1
2024-09-20,25525.94921875,25849.25,25426.599609375,25790.94921875,533100,0.0147604413777415,0.0146525662899847,0.016387546927421,0.0103815923838532,25477.3203125,25212.54990234375,24805.876953125,25194.04904654604,24761.51762441259,1.0229409289677789,1.0397112453426447,1.016394217789084,0.0377753559900855,64.55462423639722,227.2087751489198,197.01594323610115,30.19283191281866,0.007376296896157,0.0064666878834681,222.69224330357144,0.6950715421303657,286630.0,1.859889055576876,0.0015072376499098,-0.0016129951842196,0.0013709866056039,-0.0012761636040355,314500.0,1
2024-09-23,25872.55078125,25956.0,25847.349609375,25939.05078125,209200,0.0057423850996662,0.0057259604541125,0.0041886802852299,0.0025702916021791,25588.38046875,25258.9724609375,24838.338984375,25265.00159270832,24807.69539526896,1.026924227474583,1.0443150324008148,1.0169348472467143,0.040208304924473,67.28643118278359,258.884766227322,209.38970783434533,49.49505839297663,0.0074020055402328,0.006396732449396,228.34598214285717,-0.607578315513037,286575.0,0.7300008723719794,0.0147604413777415,0.0015072376499098,-0.0016129951842196,0.0010746751326089,533100.0,1
2024-09-24,25921.44921875,26011.55078125,25886.849609375,25940.400390625,384100,5.203002169906768e-05,5.20286681844374e-05,0.0048072184699226,0.0007311000135475,25692.750390625,25305.10498046875,24867.103984375,25329.325287748008,24852.11519900841,1.0251054248005131,1.043161294814402,1.0176136713132724,0.0359129908541762,70.29944204076875,280.85954555538774,223.68367537855383,57.17587017683391,0.0075016018107012,0.0063999016610104,227.81040736607144,0.8360420650095601,294615.0,1.3037353834665582,0.0057423850996662,0.0147604413777415,0.0015072376499098,0.0013709866056039,209200.0,1
2024-09-25,25899.44921875,26032.80078125,25871.349609375,26004.150390625,278500,0.0024575565157058,0.0024545416621303,0.0062086693643029,0.0040426022573175,25818.0703125,25352.69501953125,24895.4530078125,25393.594345164864,24897.29304966005,1.025695704957279,1.0445341316932284,1.0183664869072784,0.0435701741446277,73.38124754138448,299.9610445097933,238.9391492048017,61.021895304991546,0.0069201034280669,0.0064006132175962,228.7926897321429,-0.2749284040614423,297520.0,0.936071524603388,5.203002169906768e-05,0.0057423850996662,0.0147604413777415,-0.0016129951842196,384100.0,1
2024-09-26,26005.400390625,26250.900390625,25998.400390625,26216.05078125,370900,0.008148714241454,0.0081156927368075,0.0096315040776694,0.0081002556184806,25978.1203125,25405.90009765625,24927.5140234375,25471.92352955392,24949.00903913417,1.0318882889596377,1.051691346220926,1.019191086354177,0.0325792128803825,88.835389339909,328.4119817517385,256.8337157141891,71.57826603754938,0.0050125301847235,0.006538079244363,220.58203125,0.3317773788150808,298365.0,1.2431082734234913,0.0024575565157058,5.203002169906768e-05,0.0057423850996662,0.0015072376499098,278500.0,0
2024-09-27,26248.25,26277.349609375,26151.400390625,26178.94921875,490300,-0.0014152231703233,-0.0014162255444679,0.0048110876298958,-0.0026402057756231,26055.7203125,25453.0525390625,24955.076015625,25539.25930947736,24997.24198735439,1.028519042208139,1.0490430565051656,1.0199549191164838,0.0324354393843786,86.35621241855091,344.0003466079397,274.26704189293923,69.73330471500049,0.0050265412892645,0.0065760077017494,214.98200334821428,0.3219196548935024,290970.0,1.6850534419355947,0.008148714241454,0.0024575565157058,5.203002169906768e-05,0.0147604413777415,370900.0,0
2024-09-30,26061.30078125,26134.69921875,25794.099609375,25810.849609375,343100,-0.0140609008520233,-0.0141606918570764,0.013195985972166,-0.0096100794805756,26030.080078125,25479.66005859375,24980.675,25565.12505232475,25029.148168610103,1.012998193461751,1.033232673231408,1.0199748428973097,0.0168257097306347,69.51447522960129,322.92914970344646,283.9994634550407,38.929686248405744,0.0074596481170637,0.0074864358891298,222.61774553571428,-0.3002243524372833,296985.0,1.1552772025523177,-0.0014152231703233,0.008148714241454,0.0024575565157058,0.0057423850996662,490300.0,0
2024-10-01,25788.44921875,25907.599609375,25739.19921875,25796.900390625,247400,-0.0005404401234794,-0.0005405862138807,0.0065279311884384,0.0003277115193439,26001.380078125,25505.51259765625,25006.4280078125,25587.19889406763,25059.2560988852,1.0114245025208992,1.0316107675420711,1.019958251921779,0.014884782874958,73.56925982482636,301.6275147389206,287.5250737118168,14.10244102710385,0.0074925397224664,0.0074916855993202,218.32142857142856,-0.2789274264062955,298750.0,0.8281171548117154,-0.0140609008520233,-0.0014152231703233,0.008148714241454,5.203002169906768e-05,343100.0,0
2024-10-03,25452.849609375,25639.44921875,25230.30078125,25250.099609375,423400,-0.0211963752609873,-0.02142424417261,0.0162038345919272,-0.0079657092668052,25850.569921875,25508.0826171875,25021.848984375,25555.094200287374,25066.74015812009,0.989886225018,1.0091220526965266,1.0194323622173618,-0.0050222014320296,46.42248019089234,237.8814134591521,277.5963416612838,-39.71492820213172,0.0104399393476987,0.0089892655902443,210.76771763392856,0.7113985448666127,307230.0,1.378120626240927,-0.0005404401234794,-0.0140609008520233,-0.0014152231703233,0.0024575565157058,247400.0,0
2024-10-04,25181.900390625,25485.05078125,24966.80078125,25014.599609375,374900,-0.0093266958801446,-0.0093704618486467,0.0207179010694926,-0.0066436916457776,25610.2796875,25501.5576171875,25033.8709765625,25503.618524962392,25064.69543071833,0.9809047739309736,0.9992301882834844,1.0186821543125657,-0.0157855019138715,42.02286329869115,166.44066273044882,255.36520587511683,-88.92454314466801,0.0107687090942695,0.0092265529941495,237.9248046875,-0.1145488899385923,314865.0,1.1906690168802505,-0.0211963752609873,-0.0005404401234794,-0.0140609008520233,0.008148714241454,423400.0,0
2024-10-07,25084.099609375,25143.0,24694.349609375,24795.75,374300,-0.0087488751686026,-0.0087873712731709,0.0180938423167276,-0.011495314317251,25333.63984375,25498.73759765625,25041.663984375,25436.202474965976,25054.14855108231,0.9724304940601896,0.9901798065604408,1.0182525256135713,-0.0385871497132215,37.406844717212856,91.11371639479694,222.51490797905288,-131.40119158425594,0.0092896026124594,0.0090566661644667,262.1498325892857,-0.0016004267804747,317995.0,1.1770625324297552,-0.0093266958801446,-0.0211963752609873,-0.0005404401234794,-0.0014152231703233,374900.0,1
2024-10-08,24832.19921875,25044.0,24756.80078125,25013.150390625,333200,0.0087676473034692,0.008729434677965,0.0114819290759009,0.0072869571591697,25174.1,25502.57509765625,25045.23,25395.911800266837,25052.540780083986,0.9808088122412302,0.9987191329696312,1.0182607665274486,-0.0356952302701178,41.94739786484711,48.40102645068691,187.6921316733797,-139.2911052226928,0.0096771375974984,0.0092422832159679,276.2783203125,-0.1098049692759818,321935.0,1.0349915355584205,-0.0087488751686026,-0.0093266958801446,-0.0211963752609873,-0.0140609008520233,374300.0,0
2024-10-09,25065.80078125,25234.05078125,24947.69921875,24981.94921875,290600,-0.0012473907279866,-0.0012481693673798,0.0114623386667154,-0.0033452576772541,25011.109765625,25499.617578125,25048.1469921875,25356.486792503325,25049.77248356108,0.9796989755713402,0.997357178818132,1.0180241111679165,-0.0369482027047427,42.11132661883953,11.896107211559864,152.53292678101576,-140.6368195694559,0.0096307217207624,0.0091971727160899,282.68568638392856,-0.1278511404561825,323900.0,0.8971904908922507,0.0087676473034692,-0.0087488751686026,-0.0093266958801446,-0.0005404401234794,333200.0,1
2024-10-10,25067.05078125,25134.05078125,24979.400390625,24998.44921875,261400,0.0006604768849507,0.0006602588660852,0.0061863993750862,-0.0027367225246662,24960.7796875,25503.617578125,25050.9699609375,25322.38797595539,25047.759806509668,0.9801922861402887,0.9979034447660352,1.018069065504981,-0.0386746406541924,41.60478810422943,-15.523941847150128,118.9215530553826,-134.44549490253272,0.0095180306600356,0.0091285138404672,276.8822544642857,-0.1004817618719889,323010.0,0.8092628711185412,-0.0012473907279866,0.0087676473034692,-0.0087488751686026,-0.0211963752609873,290600.0,0
2024-10-11,24985.30078125,25028.650390625,24920.05078125,24964.25,210500,-0.0013680536120755,-0.0013689902517646,0.0043502051683907,-0.000842526629329,24950.709765625,25482.38505859375,25051.231953125,25288.27959729297,25044.48491213674,0.97966693237692,0.9965278373020632,1.0172108543913334,-0.0477494032833236,30.726954488164893,-39.55811805443591,87.2256188334189,-126.7837368878548,0.0086122022581341,0.0080184082423027,253.6787109375,-0.1947207345065034,314530.0,0.6692525355292023,0.0006604768849507,-0.0012473907279866,0.0087676473034692,-0.0093266958801446,261400.0,1
2024-10-14,25023.44921875,25159.75,25017.5,25127.94921875,206400,0.0065573457544287,0.0065359398889081,0.0056610270405137,0.0041760829646817,25017.149609375,25470.95751953125,25053.5729296875,25273.010037431734,25047.758022200007,0.9865333566467523,1.0029686899058765,1.016659683272128,-0.0401467603309015,31.227115003155305,-44.87888118772389,60.80471882919035,-105.68360001691424,0.0093079092168608,0.0081847630166906,255.85365513392856,-0.0194774346793349,312310.0,0.6608818161442157,-0.0013680536120755,0.0006604768849507,-0.0012473907279866,-0.0087488751686026,210500.0,0
2024-10-15,25186.30078125,25212.05078125,25008.150390625,25057.349609375,257200,-0.0028096049048969,-0.0028135592532655,0.0081373486742872,-0.0051198932703526,25025.989453125,25454.6375,25060.3659375,25252.47094904538,25048.13416287354,0.9843923178782256,0.9998796375067898,1.015732873314113,-0.0291931498344135,30.19666587825111,-54.16800768175017,37.81017352700225,-91.97818120875242,0.0086103247373903,0.0081927544204221,261.5107421875,0.2461240310077519,316735.0,0.8120352976462973,0.0065573457544287,-0.0013680536120755,0.0006604768849507,0.0087676473034692,206400.0,0
2024-10-16,25008.55078125,25093.400390625,24908.44921875,24971.30078125,226800,-0.0034340754096676,-0.0034399853806971,0.0074065493622131,-0.0014894905476861,25023.859765625,25432.275,25078.6799609375,25225.69283782677,25045.121089084383,0.9818744403027256,0.9957183081464114,1.0140994278651532,-0.0320038297963516,27.066638796059152,-67.69280808810436,16.709577203980928,-84.40238529208528,0.0085684129804961,0.0082010197272597,263.18931361607144,-0.1181959564541212,317275.0,0.7148372862658577,-0.0028096049048969,0.0065573457544287,-0.0013680536120755,-0.0012473907279866,257200.0,0
2024-10-17,25027.400390625,25029.5,24728.900390625,24749.849609375,252800,-0.0088682273228345,-0.0089077840900148,0.0121455125634838,-0.0110898765719977,24974.13984375,25400.88994140625,25093.8259375,25180.37443511708,25033.54181537029,0.9743693888862538,0.9862923920417028,1.0122366356039545,-0.019811803032027,17.582008521061255,-95.18335421885786,-5.669009080586829,-89.51434513827103,0.006208134994247,0.0083949020929678,266.625,0.1146384479717812,319130.0,0.7921536677842885,-0.0034340754096676,-0.0028096049048969,0.0065573457544287,0.0006604768849507,226800.0,1
2024-10-18,24664.94921875,24886.19921875,24567.650390625,24854.05078125,290900,0.0042101739412401,0.0042013359565505,0.0128167770690045,0.0076668133724048,24952.1,25372.80244140625,25104.956953125,25149.29599189164,25026.50295128714,0.9795548142009852,0.990005711925996,1.0106690279844477,-0.0064182049935681,21.550387856989477,-107.3244766022799,-26.000102584925443,-81.32437401735446,0.0058936025800116,0.0084628701837808,280.3821149553572,0.1507120253164557,317950.0,0.9149237301462494,-0.0088682273228345,-0.0034340754096676,-0.0028096049048969,-0.0013680536120755,252800.0,0
2024-10-21,24956.150390625,24978.30078125,24679.599609375,24781.099609375,242000,-0.0029351823779982,-0.0029394984735484,0.0120535882823374,-0.0070143342827329,24882.730078125,25322.3099609375,25118.2389453125,25114.2296697472,25016.87929082,0.9786271334488292,0.986577907126709,1.008124415731107,-0.0005908428107639,24.678505699872048,-121.4331477177584,-45.08671161149204,-76.34643610626637,0.0052508699839895,0.0076086286483867,277.38936941964283,-0.1680990030938467,303395.0,0.7976400402116053,0.0042101739412401,-0.0088682273228345,-0.0034340754096676,0.0065573457544287,290900.0,0
2024-10-22,24798.650390625,24882.0,24445.80078125,24472.099609375,279500,-0.0124691803378693,-0.0125475729094392,0.0178243479600294,-0.0131680868154603,24765.680078125,25248.96240234375,25120.3309375,25053.07442590223,24995.515381743724,0.9692318923609852,0.9741949526963712,1.0051206118726617,-0.0216306531884439,21.551291708538077,-155.7526689880906,-67.21990308681175,-88.53276590127884,0.005593618931682,0.0077286323366481,296.5178571428572,0.1549586776859504,306910.0,0.9106904304193412,-0.0029351823779982,0.0042101739412401,-0.0088682273228345,-0.0028096049048969,242000.0,0
2024-10-23,24378.150390625,24604.25,24378.099609375,24435.5,284600,-0.0014955647434917,-0.0014966842167451,0.0092549933754169,0.0023525004340384,24658.519921875,25173.7173828125,25122.1009375,24994.25781391154,24973.553994224363,0.970675074658758,0.9726694459508718,1.00205462295693,-0.0218737622899284,27.59874919300175,-183.78585057182136,-90.53309258381368,-93.25275798800767,0.0055895359566815,0.0077051071800954,283.4465680803572,0.01824686940966,301935.0,0.9425869806415288,-0.0124691803378693,-0.0029351823779982,0.0042101739412401,-0.0034340754096676,279500.0,0
2024-10-24,24412.69921875,24480.650390625,24341.19921875,24399.400390625,216700,-0.0014773427748562,-0.0014784351216731,0.0057153524120445,-0.0005447504188633,24588.430078125,25093.4798828125,25127.3089453125,24937.60472597949,24951.038166632232,0.972340245536734,0.9710311774224716,0.9986536933750596,-0.0239634396071131,30.998303624644976,-206.5344847477136,-113.73337101659364,-92.80111373111993,0.0055077575107332,0.0076084687929179,256.38950892857144,-0.2385804638088545,298845.0,0.7251250648329401,-0.0014955647434917,-0.0124691803378693,-0.0029351823779982,-0.0088682273228345,284600.0,0
2024-10-25,24418.05078125,24440.25,24073.900390625,24180.80078125,372600,-0.0089592205494931,-0.0089995957000837,0.0151504332999207,-0.0097161727660169,24453.780078125,24991.7173828125,25128.0499609375,24865.528159814778,24920.832778970187,0.9675525859571305,0.9623031161924608,0.994574486347451,-0.0313828462200946,31.003091596697477,-239.44196486703004,-138.87508978668097,-100.56687508034908,0.0058622908468949,0.0072233119439239,250.51088169642856,0.7194277803414859,298930.0,1.246445656173686,-0.0014773427748562,-0.0014955647434917,-0.0124691803378693,0.0042101739412401,216700.0,1
2024-10-28,24251.099609375,24492.599609375,24134.900390625,24339.150390625,278600,0.0065485676346082,0.0065272189172371,0.0146964546012986,0.0036307954141576,24365.390234375,24899.72744140625,25124.0099609375,24815.396943701468,24898.021704917435,0.977486618996116,0.968760577171686,0.9910729807908863,-0.0313912934660188,28.39050977877525,-249.8636176044747,-161.0727953502397,-88.79082225423502,0.0058606838776017,0.0075845609013166,255.5465959821429,-0.2522812667740204,288345.0,0.9662036796198996,-0.0089592205494931,-0.0014773427748562,-0.0014955647434917,-0.0029351823779982,372600.0,1
2024-10-29,24328.849609375,24484.5,24140.849609375,24466.849609375,332000,0.0052466588480091,0.0052329430871703,0.0140455512708641,0.0056722780655778,24364.340234375,24832.52744140625,25121.8939453125,24782.2019594799,24881.11299528832,0.985274240292532,0.9739253601912556,0.9884815012539993,-0.0235659401016247,34.44745721931757,-244.99444924942875,-177.85712613007752,-67.13732311935121,0.0064416132217166,0.0074068208189831,259.63936941964283,0.1916726489590812,287790.0,1.1536189582681815,0.0065485676346082,-0.0089592205494931,-0.0014773427748562,-0.0124691803378693,278600.0,0
2024-10-30,24371.44921875,24498.19921875,24307.30078125,24340.849609375,285200,-0.0051498252538292,-0.0051631313061232,0.0078427187449724,-0.0012555514897923,24345.41015625,24759.72490234375,25114.7339453125,24740.16840232705,24859.926195840737,0.9830823930952036,0.9691860428375376,0.9858645110976776,-0.0252470296760984,31.37637108862916,-248.4388962732592,-191.97348015871387,-56.46541611454529,0.0064957951663609,0.0074088736293391,262.228515625,-0.1409638554216867,289680.0,0.9845346589339962,0.0052466588480091,0.0065485676346082,-0.0089592205494931,-0.0014955647434917,332000.0,0
2024-10-31,24349.849609375,24372.44921875,24172.599609375,24205.349609375,287000,-0.005566773640794,-0.0055823258691893,0.0082564231709173,-0.0059343282327446,24306.6,24707.48740234375,25103.436953125,24689.23327918876,24834.256525783258,0.9796766953761102,0.964224526489063,0.9842272772640416,-0.0220001336813678,29.673750079776013,-259.1154414198718,-205.40187241094543,-53.71356900892633,0.0062135449274041,0.0060462754963157,268.7463727678572,0.0063113604488078,282860.0,1.0146362157958,-0.0051498252538292,0.0052466588480091,0.0065485676346082,-0.0014773427748562,285200.0,1
2024-11-01,24302.75,24368.25,24280.19921875,24304.349609375,38800,0.0040900049616161,0.0040816636276529,0.003622840465397,6.5820097519828e-05,24331.309765625,24671.97490234375,25093.2939453125,24652.57769158745,24813.4758623947,0.9850994784801832,0.9685595546899144,0.9832098948871776,-0.0221171662001148,27.14888774487224,-256.6299375726885,-215.64748544329407,-40.98245212939443,0.0061998937898522,0.0059437796927301,266.41782924107144,-0.864808362369338,266055.0,0.1458345079025013,-0.005566773640794,-0.0051498252538292,0.0052466588480091,-0.0089592205494931,287000.0,0
2024-11-04,24315.75,24316.75,23816.150390625,23995.349609375,285500,-0.0127137736646451,-0.0127952853023641,0.0208623594789973,-0.013176660831971,24262.549609375,24631.9548828125,25076.7379296875,24589.98454090055,24781.392479923332,0.9741553085629552,0.956876834485227,0.9822631217775564,-0.0317076325258278,23.97696642979662,-276.4076204551202,-227.7995124456593,-48.60810800946089,0.0070492506298413,0.006263493089329,287.6106305803572,6.358247422680412,261615.0,1.091298281826348,0.0040900049616161,-0.005566773640794,-0.0051498252538292,0.0065485676346082,38800.0,1
2024-11-05,23916.5,24229.05078125,23842.75,24213.30078125,289500,0.0090830588186072,0.0090420559405291,0.0159540735375136,0.012409875243033,24211.83984375,24591.96240234375,25060.791953125,24554.109897124305,24759.11437409301,0.984602220233646,0.9661825861904048,0.9812923090515984,-0.0105752604907614,32.55387630701179,-271.3665933848897,-236.5129286335054,-34.853664751384315,0.0071807006995235,0.0062910638669687,301.9927455357143,0.0140105078809107,259430.0,1.1159079520487225,-0.0127137736646451,0.0040900049616161,-0.005566773640794,0.0052466588480091,285500.0,1
2024-11-06,24308.75,24537.599609375,24204.05078125,24484.05078125,351100,0.0111818707596305,0.0111198158079183,0.0136231063685112,0.0072114272124235,24240.480078125,24567.06748046875,25050.11796875,24547.43760037437,24748.32756653054,0.99662081364474,0.9774026139036084,0.980716638185742,0.0019868953469337,44.01812378078103,-242.72628336251728,-237.75559957930776,-4.970683783209495,0.0081403074684374,0.0069077061820009,304.3462611607143,0.2127806563039724,262455.0,1.3377531386332897,0.0090830588186072,-0.0127137736646451,0.0040900049616161,-0.0051498252538292,289500.0,0
2024-11-07,24489.599609375,24503.349609375,24179.05078125,24199.349609375,322200,-0.0116280257061476,-0.0116961598894184,0.0134011381859355,-0.0118519700048051,24239.280078125,24527.1125,25033.05796875,24514.28636313634,24726.79901919111,0.9866367110835,0.9666957045193696,0.9797889067575524,-0.0081990039938385,36.37289042357799,-240.23238713145477,-238.2509570897372,-1.9814300417175448,0.0089728722548842,0.0072926292346304,304.75697544642856,-0.0823127314155511,265495.0,1.2135821766888266,0.0111818707596305,0.0090830588186072,-0.0127137736646451,-0.005566773640794,351100.0,0
2024-11-08,24207.69921875,24276.150390625,24066.650390625,24148.19921875,298700,-0.0021137093124677,-0.0021159463488489,0.0086755951490301,-0.0024578957075736,24208.05,24486.3099609375,25012.98296875,24479.42092081383,24704.10883093852,0.9861918458629788,0.965426604612476,0.978944014455593,-0.0013482416399245,36.70600977218742,-239.6211618477901,-238.52499804134777,-1.0961638064422914,0.008528985314734,0.007293165026044,298.38546316964283,-0.0729360645561763,269905.0,1.106685685704229,-0.0116280257061476,0.0111818707596305,0.0090830588186072,0.0040900049616161,322200.0,0
2024-11-11,24087.25,24336.80078125,24004.599609375,24141.30078125,273400,-0.0002856708874028,-0.0002857116991034,0.0137606989318907,0.0022439581625133,24237.240234375,24436.9775390625,24991.0909765625,24447.21900276013,24682.037927029163,0.98790043665016,0.9659962745880336,0.97782756110889,-0.0081288626020079,42.04159614468339,-236.96185885519665,-238.2123702041176,1.250511348920952,0.0082035860832378,0.0070448917200774,290.95703125,-0.0847003682624707,273255.0,1.0005306398785017,-0.0021137093124677,-0.0116280257061476,0.0111818707596305,-0.0127137736646451,298700.0,0
2024-11-12,24225.80078125,24242.0,23839.150390625,23883.44921875,255800,-0.0106809307765333,-0.0107383813677232,0.0168673128276102,-0.0141316923057077,24171.269921875,24378.28251953125,24963.1859765625,24393.52664237821,24650.72072278292,0.9797018801310222,0.9567468367689024,0.9765693586715892,-0.0238445243232892,37.99655163627407,-252.7472947287424,-241.11935510904252,-11.627939619699871,0.008446158826951,0.0073107415191696,303.5784040178572,-0.0643745427944403,273185.0,0.936361806102092,-0.0002856708874028,-0.0021137093124677,-0.0116280257061476,0.0090830588186072,273400.0,0
2024-11-13,23822.44921875,23873.599609375,23509.599609375,23559.05078125,304600,-0.0135825623229214,-0.0136756491890301,0.0154505376035649,-0.0110567320379756,23986.269921875,24307.67001953125,24928.77,24314.05275084219,24607.91013684045,0.9692023448697578,0.9450546810472398,0.9750850130002904,-0.0321187978509955,33.76355398840283,-288.11242845042943,-250.51796977731996,-37.5944586731095,0.0091534470703953,0.0077334921521665,319.6176060267857,0.1907740422204846,277075.0,1.099341333573942,-0.0106809307765333,-0.0002856708874028,-0.0021137093124677,0.0111818707596305,255800.0,0
2024-11-14,23542.150390625,23675.900390625,23484.150390625,23532.69921875,257700,-0.0011185324376894,-0.001119158461959,0.0081482365544884,-0.0004014574589908,23852.93984375,24246.8125,24895.45,24239.638128738174,24565.74500279769,0.9705481583919536,0.9452610504630364,0.9739455402493228,-0.0277893276271653,36.47309359274973,-314.6389407286624,-263.3421639675885,-51.29677676107394,0.0091366742776999,0.0076107438668252,307.14620535714283,-0.1539724228496388,277320.0,0.9292514063176114,-0.0135825623229214,-0.0106809307765333,-0.0002856708874028,-0.0116280257061476,304600.0,0
2024-11-18,23605.30078125,23606.80078125,23350.400390625,23453.80078125,263300,-0.0033527151631265,-0.0033583481065696,0.0109321466919757,-0.0064180499712309,23714.06015625,24176.8,24861.6240234375,24164.796476596443,24522.13934705072,0.9700953302856458,0.9433736412046004,0.9724545740538952,-0.0349957452799689,30.88747576671624,-338.13008421470295,-278.2997480170114,-59.830336197691565,0.0088094424713525,0.0074452121820138,299.9105747767857,0.021730694606131,275940.0,0.9541929404943104,-0.0011185324376894,-0.0135825623229214,-0.0106809307765333,-0.0021137093124677,257700.0,1
2024-11-19,23529.55078125,23780.650390625,23464.80078125,23518.5,297500,0.0027585814066317,0.0027547835038892,0.0134298364851074,-0.0004696554283053,23589.5,24113.67001953125,24834.951015625,24103.244431206305,24482.78094128403,0.9753181486248595,0.9469920027304763,0.9709570195793842,-0.0198725843606252,28.955030846566387,-347.5203007298114,-292.1438585595714,-55.37644217024001,0.0083595111015503,0.0075517148674977,298.7105189732143,0.129889859475883,278715.0,1.0673985971332722,-0.0033527151631265,-0.0011185324376894,-0.0135825623229214,-0.0002856708874028,263300.0,0
2024-11-21,23488.44921875,23507.30078125,23263.150390625,23349.900390625,420300,-0.0071688079331164,-0.0071946273067947,0.0104561641180716,-0.0058985941061788,23482.790234375,24057.56005859375,24803.221015625,24031.49737972237,24438.35425302289,0.9705847281999838,0.9414059720677218,0.9699369305074726,-0.0356581037184979,28.417745426331265,-364.3665041521344,-306.588387678084,-57.77811647405042,0.0075084464817917,0.0072707799077212,302.5142299107143,0.4127731092436975,285755.0,1.470840405242253,0.0027585814066317,-0.0033527151631265,-0.0011185324376894,-0.0106809307765333,297500.0,1
2024-11-22,23411.80078125,23956.099609375,23359.0,23907.25,367600,0.0238694641112378,0.0235890420376329,0.0249756709523261,0.0211623712066948,23552.430078125,24031.14755859375,24780.5440234375,24019.66429593929,24417.526635257287,0.9948442928789956,0.964758884122498,0.9697586758331468,-0.0235582251647556,44.51538761731796,-328.9518342433912,-311.06107699114546,-17.89075725224575,0.0106206577523093,0.0093045363332236,331.53920200892856,-0.12538662859862,289905.0,1.2680015867266865,-0.0071688079331164,0.0027585814066317,-0.0033527151631265,-0.0135825623229214,420300.0,1
2024-11-25,24253.55078125,24351.55078125,24135.44921875,24221.900390625,687200,0.0131612958673623,0.0130754385217122,0.0089217426797627,-0.0013049796671202,23690.2703125,24022.27255859375,24766.613046875,24038.92487638555,24409.85501782073,1.008310114355098,0.9780061708389822,0.969945810237659,0.0009318755096321,48.59457566266087,-272.35624307706894,-303.32011020833016,30.963867131261225,0.0110860313789578,0.0098272229866525,351.6392299107143,0.869423286180631,313430.0,2.192515075136394,0.0238694641112378,-0.0071688079331164,0.0027585814066317,-0.0011185324376894,367600.0,0
2024-11-26,24343.30078125,24343.30078125,24125.400390625,24194.5,230700,-0.0011312238174179,-0.0011318641340202,0.0090061952354874,-0.0061125967504214,23838.41015625,24022.95751953125,24742.7250390625,24053.74155482502,24401.409723004224,1.0071407727516182,0.9778429805853238,0.9709099333887063,0.0019173595857222,53.75521583329957,-227.0969792436008,-288.0754840153843,60.97850477178349,0.0110685969615948,0.0096186490132475,331.44642857142856,-0.664289871944121,306335.0,0.7530970995805246,0.0131612958673623,0.0238694641112378,-0.0071688079331164,-0.0033527151631265,687200.0,1
2024-11-27,24204.80078125,24354.55078125,24145.650390625,24274.900390625,295000,0.0033230854378061,0.0033175761911502,0.0086056126807291,0.0028961035460908,23989.690234375,24019.74501953125,24721.093046875,24074.804301091684,24396.44857271484,1.0106227343748353,0.981950933342472,0.9716295705042698,0.0055340683828752,51.225082911299474,-182.63573591403477,-266.9875343951144,84.35179848107964,0.0111099076093274,0.0095308865991616,318.7749720982143,0.2787169484178586,307155.0,0.960427145903534,-0.0011312238174179,0.0131612958673623,0.0238694641112378,0.0027585814066317,230700.0,0
2024-11-28,24274.150390625,24345.75,23873.349609375,23914.150390625,366700,-0.0148610290544929,-0.0149725605075969,0.0197540110314851,-0.0148305911517725,24102.540234375,23992.11005859375,24691.7010546875,24059.503928666287,24377.53491851524,0.99675061227302,0.968509635592122,0.9716669582810724,0.0012854580422536,39.0576307339914,-174.49788731208173,-248.48960497850783,73.99171766642613,0.0116553080788289,0.009991991749445,328.6929408482143,0.2430508474576271,308890.0,1.1871540030431544,0.0033230854378061,-0.0011312238174179,0.0131612958673623,-0.0071688079331164,295000.0,1
2024-11-29,23927.150390625,24188.44921875,23927.150390625,24131.099609375,282100,0.0090720019405352,0.0090310985286958,0.0108283017498085,0.0085237571303062,24147.31015625,23981.62255859375,24665.95203125,24066.32256492426,24367.87078874504,1.0062329832110417,0.9783161654900902,0.972256109482851,0.0242814888187379,48.65456141566752,-148.82700970585574,-228.55708592397744,79.7300762181217,0.0108513164228346,0.0101934425923261,325.1215122767857,-0.2307062994273248,308735.0,0.9137286021992972,-0.0148610290544929,0.0033230854378061,-0.0011312238174179,0.0238694641112378,366700.0,1
2024-12-02,24140.849609375,24301.69921875,24008.650390625,24276.05078125,220400,0.0060068200049485,0.0059888509835426,0.0120715198186741,0.0056005142346976,24158.140234375,23985.1576171875,24643.92203125,24086.296680764804,24364.27000413739,1.0121280488836166,0.9850725363627788,0.9732686861601352,0.0315880280281544,52.43050089259457,-115.4554080162925,-205.9367503424405,90.48134232614797,0.0108280236325329,0.0102141358679008,331.0892857142857,-0.2187167671038639,305405.0,0.721664674776117,0.0090720019405352,-0.0148610290544929,0.0033230854378061,0.0131612958673623,282100.0,1
2024-12-03,24367.5,24481.349609375,24280.0,24457.150390625,339500,0.0074600111445999,0.0074323228793726,0.0082327501838555,0.0036790967733661,24210.6703125,23992.79765625,24624.7490234375,24121.616081703876,24367.912372234943,1.0193538386405738,0.9931938947823192,0.9743367387587984,0.0427798299615951,55.63142356286655,-73.54714260547917,-179.45882879504822,105.91168618956904,0.0106479798239306,0.0103091264990538,322.0248325892857,0.5403811252268602,320440.0,1.059480714018225,0.0060068200049485,0.0090720019405352,-0.0148610290544929,-0.0011312238174179,220400.0,1
2024-12-04,24488.75,24573.19921875,24366.30078125,24467.44921875,348000,0.0004210968146538,0.0004210081782723,0.0084560689449167,-0.0008698190495635,24249.180078125,24016.40263671875,24598.2790234375,24154.55257094636,24371.81577798063,1.0187807719937891,0.9946813431719006,0.9763448334672384,0.0403490536705146,61.4205396156079,-39.05332851460844,-151.37772873896026,112.32440022435182,0.0107083115797042,0.0098374286820077,308.0283203125,0.0250368188512517,323565.0,1.075518056650132,0.0074600111445999,0.0060068200049485,0.0090720019405352,0.0033230854378061,339500.0,1
2024-12-05,24539.150390625,24857.75,24295.55078125,24708.400390625,361500,0.0098478255628851,0.0097996517421212,0.0227533636278337,0.0068971418042517,24408.030078125,24041.1576171875,24573.666015625,24207.299982344328,24385.015174554923,1.0277541865521682,1.0054828764627275,0.978330119807972,0.0581801197124352,73.23467747985359,7.637967786096851,-119.57458943394884,127.21255722004568,0.0100717166239934,0.009871529213379,322.18540736607144,0.0387931034482758,327165.0,1.104947045069002,0.0004210968146538,0.0074600111445999,0.0060068200049485,-0.0148610290544929,348000.0,0
2024-12-06,24729.44921875,24751.05078125,24620.5,24677.80078125,226700,-0.0012384293961259,-0.0012391968835286,0.0052902113282797,-0.0020885397423586,24517.3703125,24050.8451171875,24548.4140234375,24252.109582240104,24396.49696305277,1.0260679265534192,1.00527067686283,0.979731118035774,0.0322308413242844,73.10911054527682,41.69143088880082,-87.3213853693989,129.0128162581997,0.0080084263024099,0.0095882571779944,317.8140345982143,-0.3728907330567081,320945.0,0.7063515555624795,0.0098478255628851,0.0004210968146538,0.0074600111445999,0.0090720019405352,361500.0,0
2024-12-09,24633.900390625,24705.0,24580.05078125,24619.0,248100,-0.0023827399277279,-0.0023855831698785,0.0050753165745968,-0.0006048733813452,24585.96015625,24071.82763671875,24520.711015625,24287.051526788666,24405.22257234482,1.022730819260545,1.004008406783652,0.9816937046148372,0.0163942383946347,73.70700343336725,63.20571793919589,-57.21596470767994,120.42168264687584,0.0073494182268055,0.0091880259430167,308.42466517857144,0.0943978826643141,317240.0,0.7820577480771655,-0.0012384293961259,0.0098478255628851,0.0004210968146538,0.0060068200049485,226700.0,0
2024-12-10,24652.650390625,24677.80078125,24510.650390625,24610.05078125,261000,-0.00036350862139,-0.0003635747066644,0.0067919563478653,-0.0017279930839079,24616.540234375,24094.92021484375,24488.591015625,24317.81336054689,24413.255051125416,1.0213792185993171,1.004959851121998,0.9839243180414068,0.0171754233916798,72.72407164047048,78.62744996797846,-30.047281772548267,108.67473174052674,0.0073213455061163,0.0091664870250029,297.017578125,0.0519951632406288,315355.0,0.8276386929016505,-0.0023827399277279,-0.0012384293961259,0.0098478255628851,0.0074600111445999,248100.0,1
2024-12-11,24620.5,24691.75,24583.849609375,24641.80078125,187300,0.0012901233029631,0.0012892918089711,0.0043787542794803,0.0008651644462947,24651.410546875,24119.94521484375,24457.848046875,24348.669305375755,24422.21762877736,1.0216358520617657,1.007521215031774,0.9861842778897132,0.0151143932506803,78.52002666370021,92.34672776866864,-5.568479864304887,97.91520763297352,0.0072997080581604,0.009162101433921,287.2854352678572,-0.282375478927203,311050.0,0.6021539945346407,-0.00036350862139,-0.0023827399277279,-0.0012384293961259,0.0004210968146538,261000.0,0
2024-12-12,24604.44921875,24675.25,24527.94921875,24548.69921875,266100,-0.0037781963796591,-0.0037853517923229,0.0060003497512199,-0.0022658503551266,24619.4703125,24153.20771484375,24432.6050390625,24367.71977331616,24427.177691129236,1.016374284880728,1.0047516087417567,0.9885645708358952,0.0265344500122304,67.8115787030308,94.61616005959876,14.468448120475845,80.14771193912293,0.0049848998779044,0.0088176529676529,254.50697544642856,0.4207154297917779,311565.0,0.8540753935775841,0.0012901233029631,-0.00036350862139,-0.0023827399277279,0.0098478255628851,187300.0,1
2024-12-13,24498.349609375,24792.30078125,24180.80078125,24768.30078125,310100,0.0089455478085889,0.008905773422254,0.0246888151674464,0.0110191574607823,24637.5703125,24213.67021484375,24412.033046875,24405.87034550033,24440.5550672124,1.022905679373887,1.014593939541656,0.9918743829467066,0.0264058075342512,66.017802074733,112.83403182531764,34.14156486144421,78.69246696387344,0.0049671134682723,0.0082143141403327,266.4497767857143,0.1653513716647876,311840.0,0.9944202154951256,-0.0037781963796591,0.0012901233029631,-0.00036350862139,-0.0012384293961259,266100.0,0
2024-12-16,24753.400390625,24781.25,24601.75,24668.25,187600,-0.0040394689217332,-0.0040476496141852,0.0072765599505437,-0.0034399472105355,24647.4203125,24270.44775390625,24400.3960546875,24430.85888402411,24449.484280262892,1.01639039584796,1.0109774425264315,0.9946743364128188,0.0161558081371671,63.320651183020566,117.84017636455246,50.88128716206586,66.9588892024866,0.0052154747528287,0.0083078427283357,263.70689174107144,-0.3950338600451467,308335.0,0.6084291436262507,0.0089455478085889,-0.0037781963796591,0.0012901233029631,-0.0023827399277279,310100.0,0
2024-12-17,24584.80078125,24624.099609375,24303.44921875,24336.0,264900,-0.0134687300477334,-0.0135602561482743,0.0131759693715072,-0.0101201056483545,24592.61015625,24314.55771484375,24386.8240625,24421.824704593244,24445.03391633102,1.0008818702526987,0.9979159212216504,0.9970366642466012,-0.0049535775300887,51.50483975089786,93.9151878825869,59.48806730617008,34.427120576416826,0.0066388686885977,0.0089644339905694,271.6890345982143,0.4120469083155651,308415.0,0.8589076406789553,-0.0040394689217332,0.0089455478085889,-0.0037781963796591,-0.00036350862139,187600.0,0
2024-12-18,24297.94921875,24394.44921875,24149.849609375,24198.849609375,235300,-0.0056356998120069,-0.0056516402868919,0.0101079023723606,-0.0040785174288918,24504.019921875,24348.5751953125,24374.8860546875,24400.588981239125,24435.379629783725,0.9938507454856608,0.992777958226449,0.9989205750822396,-0.0109778345496336,57.87983955542581,63.159508333952544,60.222355511726576,2.9371528222259684,0.0068208509071334,0.0091153984567217,255.41755022321428,-0.1117402793506984,305305.0,0.7707047051309346,-0.0134687300477334,-0.0040394689217332,0.0089455478085889,0.0012901233029631,264900.0,0
2024-12-19,23877.150390625,24004.900390625,23870.30078125,23951.69921875,271100,-0.010213311567061,-0.0102658252990389,0.0056196267390345,0.0031221827942362,24384.619921875,24378.66513671875,24353.65703125,24357.83757528778,24416.411770527506,0.9824860829920642,0.9834949711255184,1.0010268726966411,-0.030625259422383,45.1162439533259,18.62771104987769,51.9034266193568,-33.27571556947911,0.0061779988233043,0.0092924149916908,245.43903459821428,0.1521461963450914,297845.0,0.9102049723849652,-0.0056356998120069,-0.0134687300477334,-0.0040394689217332,-0.0037781963796591,235300.0,0
2024-12-20,23960.69921875,24065.80078125,23537.349609375,23587.5,442700,-0.0152055691508056,-0.0153223592363376,0.0224038652623211,-0.015575472791627,24148.459765625,24362.67763671875,24325.768046875,24284.47209192704,24383.905426585246,0.968181755376904,0.969650781613457,1.0015173041925185,-0.0441814402715496,33.254706226582854,-45.52708445531243,32.41732440442296,-77.94440885973539,0.0072211571138224,0.0084051161758483,262.2534877232143,0.632976761342678,301600.0,1.4678381962864722,-0.010213311567061,-0.0056356998120069,-0.0134687300477334,0.0089455478085889,271100.0,1
2024-12-23,23738.19921875,23869.55078125,23647.19921875,23753.44921875,189800,0.0070354729729729,0.0070108395042457,0.0093608115795025,0.0006424244678153,23965.499609375,24339.255078125,24300.868046875,24233.8984849578,24359.181653728963,0.9759316438611346,0.977473280910416,1.0015796567915167,-0.0351578366810186,32.759206462683665,-82.03387163794469,9.527085195949429,-91.56095683389412,0.008088792914626,0.0079817340791636,267.7357700892857,-0.5712672238536255,276730.0,0.6858670906659922,-0.0152055691508056,-0.010213311567061,-0.0056356998120069,-0.0040394689217332,442700.0,0
2024-12-24,23769.099609375,23867.650390625,23685.150390625,23727.650390625,177700,-0.0010861087115143,-0.0010866989549987,0.0076914484576234,-0.0017438278870963,23843.8296875,24315.91259765625,24276.1360546875,24185.68438073563,24334.41572184253,0.9758075209117196,0.9774063853149072,1.0016385038738926,-0.0358552852437543,32.011432077634794,-111.75922256720514,-14.730176356681486,-97.02904621052366,0.0080600340662854,0.0079816941896652,265.99302455357144,-0.0637513171759747,274080.0,0.6483508464681844,0.0070354729729729,-0.0152055691508056,-0.010213311567061,-0.0134687300477334,189800.0,1
2024-12-26,23775.80078125,23854.5,23653.599609375,23750.19921875,177700,0.0009503186263191,0.0009498673594489,0.0084588928612605,-0.0010767907560947,23754.099609375,24289.6775390625,24248.5810546875,24144.209603403662,24311.50527074087,0.9777898113532008,0.9794469690901292,1.001694799554758,-0.03618248400005,23.93217889384222,-131.97593888566553,-38.1793288624783,-93.79661002318724,0.0080375995282627,0.0079320924550405,240.1859654017857,0.0,268215.0,0.6625281956639263,-0.0010861087115143,0.0070354729729729,-0.0152055691508056,-0.0056356998120069,177700.0,1
2024-12-27,23801.400390625,23938.849609375,23800.599609375,23813.400390625,176800,0.002661079652128,0.0026575452485017,0.0058055547604376,0.00050417201522,23726.43984375,24284.6400390625,24223.7020703125,24112.70396409141,24291.97174603044,0.9805951561283388,0.9830619746520765,1.002515634008919,-0.0299526594697688,26.893892327113903,-141.2695583145396,-58.79737475289056,-82.47218356164905,0.0082831691920007,0.0072595235600901,244.3359375,-0.0050647158131682,258720.0,0.6833642547928263,0.0009503186263191,-0.0010861087115143,0.0070354729729729,-0.010213311567061,177700.0,0
2024-12-30,23796.900390625,23915.349609375,23599.30078125,23644.900390625,364900,-0.0070758479358679,-0.0071010004684319,0.0133664690019295,-0.0063873864875226,23737.919921875,24260.330078125,24197.1740625,24068.151242808897,24266.59639875964,0.9746322624004642,0.9771761086460548,1.002610057499354,-0.0453563771106749,25.40402401507896,-160.38257002303362,-79.11441380691917,-81.26815621611445,0.0071928456813992,0.0070723829498246,257.9859095982143,1.0639140271493217,262860.0,1.3881914327018186,0.002661079652128,0.0009503186263191,-0.0010861087115143,-0.0152055691508056,176800.0,0
2024-12-31,23560.599609375,23689.849609375,23460.44921875,23644.80078125,193600,-4.212721278373799e-06,-4.2127301519090045e-06,0.0097019379755955,0.0035738127751848,23716.190234375,24228.767578125,24175.0730859375,24027.83215123186,24242.21225689652,0.9758977919536348,0.9780653277529922,1.0022210684533042,-0.0414885214293677,25.518065413560663,-173.53737629723037,-97.99900630498142,-75.53836999224895,0.0073420543519556,0.0068843567105636,262.43233816964283,-0.4694436832008769,261520.0,0.7402875497093913,-0.0070758479358679,0.002661079652128,0.0009503186263191,0.0070354729729729,364900.0,1
2025-01-01,23637.650390625,23822.80078125,23562.80078125,23742.900390625,154900,0.0041488871182535,0.0041403042175613,0.0109506419065238,0.0044526422153084,23719.240234375,24193.055078125,24152.850078125,24000.695793078827,24222.631399395672,0.9813932268559574,0.9830268607566406,1.0016646068629562,-0.0243712857238247,27.94327247213896,-174.0406046667922,-113.2073259773436,-60.833278689448605,0.0069689010737857,0.0067010616110507,273.29659598214283,-0.199896694214876,252290.0,0.6139759800229894,-4.212721278373799e-06,-0.0070758479358679,0.002661079652128,-0.0010861087115143,193600.0,1
2025-01-02,23783.0,24226.69921875,23751.55078125,24188.650390625,283200,0.0187740331916654,0.0185999761576599,0.0196434455757877,0.0170563171435479,23806.93046875,24179.11513671875,24141.00109375,24018.59623094037,24221.29881081643,1.000394359092644,1.00197379125621,1.001578809545666,-0.0004214753558388,42.46869941717142,-136.89309863534436,-117.94448050894376,-18.94861812640059,0.0094983456302246,0.0080665625477252,297.33217075892856,0.828276307295029,249050.0,1.1371210600281068,0.0041488871182535,-4.212721278373799e-06,-0.0070758479358679,0.0009503186263191,154900.0,0
2025-01-03,24196.400390625,24196.44921875,23976.0,24004.75,312300,-0.0076027553276091,-0.0076318035968108,0.0091835665337068,-0.0079206157747024,23845.200390625,24143.9326171875,24131.6541015625,24017.27754227938,24212.80670058833,0.994235296320848,0.9947411768365152,1.0005088136757356,0.0022149067907661,33.78631032366164,-120.89900856215536,-118.5353861195861,-2.363622442569266,0.0092156428562716,0.0078249299430734,269.3999720982143,0.1027542372881356,246590.0,1.266474715114157,0.0187740331916654,0.0041488871182535,-4.212721278373799e-06,0.002661079652128,283200.0,0
2025-01-06,24045.80078125,24089.94921875,23551.900390625,23616.05078125,278100,-0.0161925959966257,-0.0163251287258849,0.0227831839077931,-0.0178721434112147,23839.43046875,24090.8451171875,24115.2651171875,23979.06546980039,24189.404507673105,0.9802915035305774,0.9792988244785374,0.9989873634031669,0.0012104199788023,30.09683988390445,-137.99760491721463,-122.4278298791118,-15.56977503810282,0.0094070361193056,0.0085019205027897,295.01060267857144,-0.1095100864553314,249160.0,1.1161502648900306,-0.0076027553276091,0.0187740331916654,0.0041488871182535,-0.0070758479358679,312300.0,1
2025-01-07,23679.900390625,23795.19921875,23637.80078125,23707.900390625,262300,0.0038892874268343,0.0038817437019732,0.0066390711495582,0.0011824374063281,23852.050390625,24045.29013671875,24101.4351171875,23953.24022416464,24170.52199327906,0.9859685724657348,0.9836717305567476,0.9976704714804012,-0.0019175669059904,36.93036480224468,-142.49428444847217,-126.4411207929839,-16.053163655488277,0.0092022034948421,0.0086094974451139,284.9033203125,-0.0568140956490471,249870.0,1.0497458678512828,-0.0161925959966257,-0.0076027553276091,0.0187740331916654,-4.212721278373799e-06,278100.0,0
2025-01-08,23746.650390625,23751.849609375,23496.150390625,23688.94921875,266400,-0.0007993610384197,-0.0007996806978147,0.0107940295869101,-0.0024298657253058,23841.26015625,23999.23505859375,24091.5980859375,23928.069652220387,24151.636786434785,0.9870710112598926,0.9832867514329598,0.9961661726625904,-0.0016310579108284,38.84096378332401,-145.9052318724098,-130.33394300886908,-15.5712888635407,0.0091995498688905,0.0086059915158415,285.69614955357144,0.0156309569195578,250140.0,1.0650035979851282,0.0038892874268343,-0.0161925959966257,-0.0076027553276091,0.0041488871182535,262300.0,0
2025-01-09,23674.75,23689.5,23503.05078125,23526.5,269200,-0.0068575949591475,-0.0068812163158634,0.0079250725245999,-0.0062619457438832,23708.830078125,23943.47001953125,24075.345078125,23889.824923437496,24127.121618339304,0.9825852301612455,0.977203023410714,0.9945224021435284,-0.0094188354670051,40.33636423360127,-159.87380092965395,-136.24191459302608,-23.631886336627872,0.0094248199931988,0.0086401214543575,289.3996930803572,0.0105105105105105,254235.0,1.0588628630991013,-0.0007993610384197,0.0038892874268343,-0.0161925959966257,0.0187740331916654,266400.0,0
2025-01-10,23551.900390625,23596.599609375,23344.349609375,23431.5,261000,-0.0040379997024632,-0.0040461744370668,0.010765422614856,-0.0051121305978742,23594.180078125,23887.61005859375,24054.6380859375,23846.17493072916,24099.84233918874,0.9809059986547436,0.974094888324186,0.9930563067817928,-0.016037205286119,45.96021720306545,-176.57426043684973,-144.30838376179082,-32.265876675058905,0.009378296385648,0.0086426526988326,269.67103794642856,-0.0304606240713224,253980.0,1.0276399716513112,-0.0068575949591475,-0.0007993610384197,0.0038892874268343,-0.0076027553276091,269200.0,0
2025-01-13,23195.400390625,23340.94921875,23047.25,23085.94921875,316500,-0.0147472753024774,-0.0148570974223703,0.0127219901580422,-0.0047186584422676,23488.159765625,23803.49248046875,24029.540078125,23773.77248196924,24060.08182466173,0.969855546940958,0.9607320466264776,0.9905929286652462,-0.0236393963451255,34.18545076277806,-215.21172823665256,-158.48905265676316,-56.7226755798894,0.0101695982490826,0.0086502770502376,270.50306919642856,0.2126436781609195,254300.0,1.2445930003932364,-0.0040379997024632,-0.0068575949591475,-0.0007993610384197,-0.0161925959966257,261000.0,1
2025-01-14,23165.900390625,23264.94921875,23134.150390625,23176.05078125,311200,0.0039028744993869,0.0038952780436351,0.0056437064864743,0.0004381608508127,23381.78984375,23728.88251953125,24008.9541015625,23716.846605710267,24025.413940606373,0.976702158737302,0.9653086379027942,0.9883347029259796,-0.0198246542373794,37.3178067748173,-235.84310425374133,-173.9598629761588,-61.88324127758253,0.0103446006152384,0.0088055745238068,270.25306919642856,-0.0167456556082148,260480.0,1.194717444717445,-0.0147472753024774,-0.0040379997024632,-0.0068575949591475,0.0038892874268343,316500.0,1
2025-01-15,23250.44921875,23293.650390625,23146.44921875,23213.19921875,228000,0.0016028803979861,0.0016015971562733,0.0063412703474366,-0.0016021195827029,23286.63984375,23672.74248046875,23987.13109375,23668.880187904528,23993.56238288652,0.9805876627054132,0.9677355381944092,0.9868934466546871,-0.0223098763487276,37.73581034184359,-246.35620891951112,-188.4391321648293,-57.91707675468183,0.0102073417807465,0.0085070293627372,266.4174107142857,-0.2673521850899742,258635.0,0.8815512208324473,0.0039028744993869,-0.0147472753024774,-0.0040379997024632,-0.0007993610384197,311200.0,1
2025-01-16,23377.25,23391.650390625,23272.05078125,23311.80078125,299400,0.0042476507253836,0.0042386549220649,0.0051304320287086,-0.0027996970879808,23243.7,23628.3900390625,23973.4601171875,23634.872625366,23966.82663380273,0.9866013191212304,0.9724003405139198,0.985606162963618,-0.0362504561112201,38.72658459220735,-243.9198419605564,-199.53527412397472,-44.38456783658165,0.0076324255943513,0.0085927545130474,265.6888950892857,0.3131578947368421,261840.0,1.1434463794683776,0.0016028803979861,0.0039028744993869,-0.0147472753024774,-0.0068575949591475,228000.0,0
2025-01-17,23277.099609375,23292.099609375,23100.349609375,23203.19921875,272900,-0.0046586517926727,-0.0046695371314281,0.0082639466304737,-0.0031748109457432,23198.03984375,23590.9650390625,23953.2580859375,23593.760872354957,23936.88046066341,0.98356295218655,0.9686865617822636,0.98487499923496,-0.0333913405159395,39.798119596275285,-247.8946666569864,-209.20715263057707,-38.6875140264093,0.0075191871296742,0.0083936825099995,256.81040736607144,-0.0885103540414161,261930.0,1.0418814186996526,0.0042476507253836,0.0016028803979861,0.0039028744993869,-0.0040379997024632,299400.0,1
2025-01-20,23290.400390625,23391.099609375,23170.650390625,23344.75,301500,0.0061004855371675,0.0060819529090996,0.0094432032362736,0.0023335626894966,23249.8,23578.8275390625,23930.4720703125,23570.04555117829,23913.65965828445,0.9900725539183528,0.9755240068565496,0.9853055748245668,-0.0114879826336332,43.49484502905653,-236.89203489029023,-214.7441290825197,-22.147905807770517,0.0065090711224008,0.0079003304966127,256.17103794642856,0.1048002931476732,254870.0,1.1829560167928748,-0.0046586517926727,0.0042476507253836,0.0016028803979861,-0.0147472753024774,272900.0,0
2025-01-21,23421.650390625,23426.30078125,22976.849609375,23024.650390625,312900,-0.0137118456772935,-0.0138067213115826,0.0195204341542577,-0.0169501291915324,23219.519921875,23542.38759765625,23906.9780859375,23518.10315493512,23878.796549748797,0.9780082965296693,0.9630932988627492,0.9847496205095152,-0.0288195069467299,35.79553267524987,-251.10712659142155,-222.0167285843001,-29.09039800712145,0.0073386745788915,0.0082211505979999,269.70326450892856,0.0378109452736319,261025.0,1.198735753280337,0.0061004855371675,-0.0046586517926727,0.0042476507253836,0.0039028744993869,301500.0,1
2025-01-22,23099.150390625,23169.55078125,22981.30078125,23155.349609375,276000,0.0056764909144164,0.0056604403518015,0.008129870771797,0.0024329560957709,23207.95,23513.77255859375,23887.12109375,23483.55519821511,23850.42608149884,0.9847568930793388,0.9693654383254052,0.9843703000587236,-0.0225252544740418,26.655988562956693,-248.95653851862156,-227.4046905711644,-21.551847947457134,0.0078153387110776,0.0083784440677117,248.59263392857144,-0.1179290508149568,265940.0,1.037828081522148,-0.0137118456772935,0.0061004855371675,-0.0046586517926727,0.0016028803979861,312900.0,1
2025-01-23,23128.30078125,23270.80078125,23090.650390625,23205.349609375,275600,0.0021593282262408,0.0021570002277194,0.0077633129281628,0.0033313657087797,23186.659765625,23486.530078125,23868.4020703125,23457.05942784938,23825.128964944968,0.988028011468076,0.9722204922229712,0.9840009401943808,-0.013650580860944,30.777200515121606,-240.44588930467216,-230.012930317866,-10.4329589868062,0.0077461923740552,0.0083992260263589,245.71414620535717,-0.0014492753623188,270835.0,1.01759373788469,0.0056764909144164,-0.0137118456772935,0.0061004855371675,0.0042476507253836,276000.0,0
2025-01-24,23183.900390625,23347.30078125,23050.0,23092.19921875,264300,-0.0048760476583936,-0.0048879743646975,0.0128745113634998,-0.0039553815505557,23164.459765625,23450.47001953125,23852.5770703125,23422.310836506585,23796.386621956928,0.9847222336915696,0.9681217736213128,0.9831419871489808,-0.0144805403516633,35.47885161371359,-240.0641196364268,-232.02316818157811,-8.040951454848624,0.0077829395188171,0.0083881629006784,228.51785714285717,-0.0410014513788098,275210.0,0.960357545147342,0.0021593282262408,0.0056764909144164,-0.0137118456772935,-0.0046586517926727,275600.0,0
2025-01-27,22940.150390625,23007.44921875,22786.900390625,22829.150390625,257400,-0.0113912419355629,-0.0114566190908245,0.0096608425785118,-0.0048386779558935,23061.33984375,23409.68251953125,23837.9790625,23365.81936547024,23758.45578935568,0.9752011959828204,0.9576797735567272,0.9820330179061818,-0.011123598414417,27.752636534094947,-258.01319100447654,-237.22117274615783,-20.792018258318706,0.0071837156263093,0.0085942162549601,231.4750279017857,-0.0261066969353007,269835.0,0.9539162821724388,-0.0048760476583936,0.0021593282262408,0.0056764909144164,0.0061004855371675,264300.0,1
2025-01-28,22960.44921875,23137.94921875,22857.650390625,22957.25,361900,0.0056112298172781,0.0055955455120542,0.0122095995001579,-0.0001393360695829,23047.859765625,23375.30498046875,23826.470078125,23326.907997330218,23727.035954478983,0.9821155282971472,0.9635187220232414,0.981064543082676,-0.0094408138519879,32.44569190111147,-258.9167602343805,-241.5602902438024,-17.35646999057812,0.0073341180897181,0.0087441802248216,235.26785714285717,0.4059829059829059,278250.0,1.30062893081761,-0.0113912419355629,-0.0048760476583936,0.0021593282262408,-0.0137118456772935,257400.0,1
2025-01-29,23026.75,23183.349609375,22976.5,23163.099609375,226300,0.0089666492883511,0.0089266875926458,0.0089301351228175,0.0059213570901234,23049.409765625,23346.31494140625,23820.6560546875,23311.307198477338,23704.920803690595,0.992152280456634,0.972395535882686,0.9800869836585416,-0.0021582380309963,41.45945811962203,-240.25301503434457,-241.29883520191083,1.0458201675662622,0.0079565151569943,0.0089685872447754,238.1000279017857,-0.3746891406465874,281820.0,0.802994819388262,0.0056112298172781,-0.0113912419355629,-0.0048760476583936,0.0056764909144164,361900.0,1
2025-01-30,23169.5,23322.05078125,23139.19921875,23249.5,361900,0.0037300875997627,0.0037231480743501,0.007864752467795,0.0034528151233302,23058.23984375,23299.357421875,23815.2760546875,23305.420798622352,23687.06116433018,0.9978601374719376,0.9762431452237508,0.9783366511634052,-0.0026724997281252,45.70532354790125,-216.00015769061795,-236.2390996996523,20.23894200903436,0.0079260576197896,0.0077742226150401,233.1429966517857,0.5992045956694654,285755.0,1.2664695280922469,0.0089666492883511,0.0056112298172781,-0.0113912419355629,0.0021593282262408,226300.0,1
2025-01-31,23296.75,23546.80078125,23277.400390625,23508.400390625,304900,0.0111357401503258,0.0110741942803563,0.0114597499680342,0.0090849749696846,23141.480078125,23274.53994140625,23818.4460546875,23324.75218833689,23680.054859479,1.0100479085647878,0.9869829600406916,0.9771645004870412,0.0131534091052569,60.39367119872601,-173.88406840917378,-223.7680934415566,49.88402503238282,0.0084975453110664,0.008173466108242,233.40025111607144,-0.1575020723956893,285385.0,1.0683813094591517,0.0037300875997627,0.0089666492883511,0.0056112298172781,-0.0048760476583936,361900.0,0
2025-02-01,23528.599609375,23632.44921875,23318.30078125,23482.150390625,281000,-0.0011166221250199,-0.0011172460119788,0.0133781801186922,-0.001974159938167,23272.080078125,23267.844921875,23809.9440625,23339.74249331671,23672.2938999161,1.009210370340251,0.9862329087790144,0.9772322379589798,0.0058857083766157,57.775339073109215,-140.99956463129638,-207.21438767950457,66.21482304820819,0.0083517466978867,0.0073422176859991,243.0537109375,-0.0783863561823549,285530.0,0.9841347669246664,0.0111357401503258,0.0037300875997627,0.0089666492883511,-0.0113912419355629,304900.0,0
2025-02-03,23319.349609375,23381.599609375,23222.0,23361.05078125,329700,-0.0051570919766934,-0.0051704356717334,0.0068318677472803,0.0017882647918377,23352.840234375,23250.50244140625,23792.7270703125,23341.771854072264,23660.088287419392,1.0047546645549852,0.9818567964997535,0.9772104884276668,0.0146104451063444,53.60200379899582,-123.28888732377165,-190.429287608358,67.14040028458638,0.0070417645647454,0.0073508908618463,243.93931361607144,0.1733096085409253,288900.0,1.1412253374870198,-0.0011166221250199,0.0111357401503258,0.0037300875997627,0.0056112298172781,281000.0,1
2025-02-04,23509.900390625,23762.75,23423.150390625,23739.25,376700,0.0161893068206311,0.0160596574106868,0.0143054059995576,0.0097554479416874,23468.0703125,23253.01748046875,23783.6220703125,23379.626915589197,23663.192668304902,1.0209105127942926,0.9981343434493988,0.9776903371456585,0.0252166518957932,59.16506275765144,-77.83826073156888,-167.9110822330002,90.07282150143132,0.0083743529335209,0.0082544572044079,259.88560267857144,0.1425538368213528,294415.0,1.2794864392099587,-0.0051570919766934,-0.0011166221250199,0.0111357401503258,0.0089666492883511,329700.0,0
2025-02-05,23801.75,23807.30078125,23680.44921875,23696.30078125,267000,-0.0018092070621439,-0.0018108456539069,0.0053532221620166,-0.0044303136849181,23557.43046875,23261.50751953125,23772.050078125,23409.786331366413,23664.491025675303,1.0186915341300935,0.9968135143319126,0.9785234106054844,0.0211568099657786,60.87901518859925,-44.76789825070591,-143.28244543654137,98.51454718583544,0.0084851715677463,0.0081050741357877,255.25,-0.2912131669763738,294305.0,0.907222099522604,0.0161893068206311,-0.0051570919766934,-0.0011166221250199,0.0037300875997627,376700.0,0
2025-02-06,23761.94921875,23773.55078125,23556.25,23603.349609375,307000,-0.0039226026346081,-0.0039303162184799,0.0092063535407572,-0.0066745201715123,23576.4203125,23270.1,23765.8340625,23428.220929271996,23662.093323075293,1.014320935852231,0.9931631074803564,0.9791408935534808,0.0221351975090342,55.83036317407643,-25.762802915262,-119.7785169322855,94.0157140170235,0.0084026231514364,0.0081018002402687,255.0251116071429,0.1498127340823969,296605.0,1.03504661081236,-0.0018092070621439,0.0161893068206311,-0.0051570919766934,0.0111357401503258,267000.0,0
2025-02-07,23649.5,23694.5,23443.19921875,23559.94921875,368100,-0.0018387386257991,-0.0018404311807618,0.0106664398516616,-0.0037865824330324,23591.980078125,23293.8,23754.4110546875,23440.76648065085,23658.08767192528,1.011425753580352,0.9918136536624792,0.9806094517086918,0.0320116524540092,63.789267562294285,-14.041317184757643,-98.63107698277994,84.5897597980223,0.0071197356354405,0.0072974926744114,240.8715122767857,0.1990228013029316,299185.0,1.2303424302688972,-0.0039226026346081,-0.0018092070621439,0.0161893068206311,-0.0011166221250199,307000.0,0
2025-02-10,23543.80078125,23568.599609375,23316.30078125,23381.599609375,234200,-0.0075700336923079,-0.0075988318246352,0.0107904862088152,-0.0068893367465194,23596.08984375,23304.07744140625,23736.52203125,23435.131540529343,23647.245002805663,1.0033265495346757,0.9850474125312996,0.9817814678462826,0.0184843397782834,55.68853689102601,-18.92512122428161,-82.68988583108028,63.76476460679866,0.0078059061069382,0.0075083762927186,245.44642857142856,-0.3637598478674273,295335.0,0.7929977821795589,-0.0018387386257991,-0.0039226026346081,-0.0018092070621439,-0.0051570919766934,368100.0,0
2025-02-11,23383.55078125,23390.05078125,22986.650390625,23071.80078125,268000,-0.0132496849360461,-0.0133382451446241,0.0174845645751603,-0.0133320214246493,23462.6,23297.00751953125,23708.8150390625,23400.528611074165,23624.67856274465,0.9903332332235184,0.9731317547181096,0.9826306157075856,-0.0039415635068135,47.03019879170087,-47.249089353827,-75.60172653562962,28.35263718180262,0.0086833101434796,0.0081062486079861,261.3928571428572,0.1443210930828351,297335.0,0.90134023912422,-0.0075700336923079,-0.0018387386257991,-0.0039226026346081,0.0161893068206311,234200.0,0
2025-02-12,23050.80078125,23144.69921875,22798.349609375,23045.25,279700,-0.0011507892904301,-0.0011514519568673,0.0150291105271151,-0.0002408064389032,23332.38984375,23283.67998046875,23680.3710546875,23366.692552876622,23601.95587400957,0.9897597810711728,0.9731794297808616,0.9832481056440108,-0.0087851351641971,48.91414136851254,-71.01979235442559,-74.68533969938882,3.6655473449632296,0.0085624270358026,0.0080365210246481,264.89634486607144,0.0436567164179104,296350.0,0.9438164332714696,-0.0132496849360461,-0.0075700336923079,-0.0018387386257991,-0.0018092070621439,268000.0,0
2025-02-13,23055.75,23235.5,22992.19921875,23031.400390625,265700,-0.0006009745771905,-0.0006011552347958,0.0105638726748476,-0.0010561187285167,23218.0,23275.0900390625,23646.8310546875,23334.75996599552,23579.58114917096,0.9895300233842912,0.9739740744694624,0.9842794573714642,-0.0202906191860772,55.28717133882583,-89.93903229245188,-77.73607821800144,-12.202954074450446,0.0074782952308863,0.0079787072178862,266.521484375,-0.0500536288880943,295990.0,0.8976654616710024,-0.0011507892904301,-0.0132496849360461,-0.0075700336923079,-0.0039226026346081,279700.0,0
2025-02-14,23096.44921875,23133.69921875,22774.849609375,22929.25,254500,-0.0044352661537063,-0.0044451311266271,0.0156502986087639,-0.0072391741763606,23091.86015625,23254.3150390625,23611.8600390625,23296.13996923404,23554.07796685053,0.986021302346835,0.971090374162255,0.984857397959818,-0.0235455604119518,49.25796333295376,-111.8856014983976,-84.56598287408067,-27.31961862431692,0.0075061730309477,0.0078771498838639,270.09654017857144,-0.0421528039141889,293640.0,0.8667075330336467,-0.0006009745771905,-0.0011507892904301,-0.0132496849360461,-0.0018387386257991,265700.0,1
2025-02-17,22809.900390625,22974.19921875,22725.44921875,22959.5,207400,0.0013192755977626,0.0013184061183492,0.0108342951719331,0.006558538477287,23007.440234375,23251.05751953125,23578.6700390625,23264.07901978318,23530.761183836785,0.9874604619903272,0.9737402475187646,0.9861055556149476,-0.0171889006624775,44.050620774515664,-125.39205199880234,-92.73119669902502,-32.660855299777324,0.0075188662993443,0.0072756887642684,271.7144252232143,-0.1850687622789784,288365.0,0.7192273680925216,-0.0044352661537063,-0.0006009745771905,-0.0011507892904301,-0.0075700336923079,254500.0,0
2025-02-18,22963.650390625,22992.5,22801.5,22945.30078125,210600,-0.0006184463402948,-0.0006186376571162,0.008324144530547,-0.0007990719708261,22982.140234375,23240.555078125,23545.3750390625,23233.719187541927,23507.801952362795,0.9872957295605688,0.9745141346520512,0.9870539347777728,-0.0334445788620112,40.71939993993679,-135.67776084386423,-101.32050952799288,-34.357251315871366,0.0042897670418593,0.0071464707426553,272.2964564732143,0.0154291224686595,285095.0,0.7387011347094828,0.0013192755977626,-0.0044352661537063,-0.0006009745771905,-0.0132496849360461,207400.0,0
2025-02-19,22847.25,23049.94921875,22814.849609375,22932.900390625,207000,-0.0005404326900405,-0.0005405787764224,0.0102516299888133,0.0037488271290855,22959.6703125,23226.9326171875,23511.19703125,23205.069778311743,23485.25679307896,0.987340892944903,0.9754033518643752,0.9879094027545824,-0.0322160153887416,29.334219843233623,-143.17938428122943,-109.6922844786402,-33.48709980258924,0.0043603345855626,0.0071199731973985,267.853515625,-0.0170940170940171,281665.0,0.7349155912165161,-0.0006184463402948,0.0013192755977626,-0.0044352661537063,-0.0011507892904301,210600.0,0
2025-02-20,22821.099609375,22923.849609375,22812.75,22913.150390625,240800,-0.0008612081186238,-0.0008615791713867,0.0048487269310839,0.004033582203558,22936.0203125,23217.98017578125,23478.4860546875,23177.267931865383,23462.821247884687,0.9868709602278748,0.975921119328321,0.9889044856512696,-0.0292415792746577,29.47180021984836,-149.00054926171288,-117.55393743525472,-31.446611826458152,0.0044166840158805,0.0070486320376809,253.3500279017857,0.1632850241545893,280490.0,0.8584976291489893,-0.0005404326900405,-0.0006184463402948,0.0013192755977626,-0.0006009745771905,207000.0,0
2025-02-21,22857.19921875,22921.0,22720.30078125,22795.900390625,242800,-0.0051171487988824,-0.0051302862414602,0.0088041803706309,-0.0026818171175896,22909.350390625,23216.31767578125,23439.038046875,23140.947213652016,23436.667488776468,0.9818913020132034,0.9725612606215404,0.9904978877269476,-0.0324299862037451,29.553892050553344,-161.2165554514213,-126.28646103848806,-34.930094412933244,0.0044458118925345,0.0066568918879854,256.2857142857143,0.0083056478405316,279760.0,0.8678867600800686,-0.0008612081186238,-0.0005404326900405,-0.0006184463402948,-0.0044352661537063,240800.0,0
2025-02-24,22609.349609375,22668.05078125,22518.80078125,22553.349609375,214300,-0.0106401053300685,-0.0106971160111741,0.0066176422830761,-0.0024768514339209,22828.1203125,23196.12265625,23396.7400390625,23084.985537054206,23402.027571937197,0.972289634073744,0.9639526520241964,0.9914254130072158,-0.0354231538405057,2.4269889697989555,-188.29905503935152,-138.68897983866077,-49.61007520069074,0.0048669494050847,0.0069184760033535,238.2536272321429,-0.1173805601317957,272380.0,0.7867684852044937,-0.0051171487988824,-0.0008612081186238,-0.0005404326900405,0.0013192755977626,242800.0,0
2025-02-25,22516.44921875,22625.30078125,22513.900390625,22547.55078125,250300,-0.0002571160481895,-0.0002571491081876,0.0049406869821815,0.001381281844124,22748.5703125,23165.34521484375,23360.9710546875,23033.801274596663,23368.51867818475,0.9733310931538424,0.9651803740720666,0.9916259542728,-0.0227225436354342,2.501550547860248,-207.83426402517216,-152.51803667596306,-55.3162273492091,0.0035368940735671,0.0065264749764546,237.14997209821428,0.1679888007466168,273580.0,0.914906060384531,-0.0106401053300685,-0.0051171487988824,-0.0008612081186238,-0.0006184463402948,214300.0,0
2025-02-27,22568.94921875,22613.30078125,22508.400390625,22545.05078125,289200,-0.0001108767876499,-0.0001108829349354,0.0046529232354731,-0.0010589078502664,22671.000390625,23130.12275390625,23327.895078125,22987.25360856365,23336.225819481428,0.9747051937907488,0.966441708767411,0.991522067312271,-0.0217050897148002,2.703792606817103,-220.9705757488191,-166.20854449053428,-54.76203125828482,0.003589307906668,0.0064252442896564,229.12137276785717,0.1554135037954453,269945.0,1.0713293448665469,-0.0002571160481895,-0.0106401053300685,-0.0051171487988824,-0.0005404326900405,250300.0,0
2025-02-28,22433.400390625,22450.349609375,22104.849609375,22124.69921875,551300,-0.0186449596666951,-0.018820968141259,0.0156160315032531,-0.0137607837643733,22513.31015625,23060.9376953125,23291.355078125,22905.10557143854,23288.71497239392,0.959401543470073,0.9499103484764304,0.9901071714359416,-0.0393680434752927,2.022396790907564,-262.2766930451362,-185.42217420145468,-76.85451884368152,0.006295112397898,0.0068029209052677,235.84988839285717,0.9062932226832644,282265.0,1.9531291516837013,-0.0001108767876499,-0.0002571160481895,-0.0106401053300685,-0.0008612081186238,289200.0,0
